"날짜","종가","시가","고가","저가","거래량","변동 %"
"2025- 05- 23","19.59","19.76","19.81","19.56","","-1.80%"
"2025- 05- 22","19.95","19.82","20.45","19.80","","2.41%"
"2025- 05- 21","19.48","19.20","19.48","18.99","","1.56%"
"2025- 05- 20","19.18","19.20","19.28","18.97","","-2.59%"
"2025- 05- 19","19.69","19.16","20.02","19.14","","8.60%"
"2025- 05- 16","18.13","18.28","18.34","18.11","","-0.87%"
"2025- 05- 15","18.29","18.29","18.68","18.06","","2.41%"
"2025- 05- 14","17.86","17.62","18.53","17.56","","0.00%"
"2025- 05- 13","17.86","18.41","18.50","17.85","","-6.98%"
"2025- 05- 12","19.20","19.45","19.52","18.98","","-1.44%"
"2025- 05- 09","19.48","19.50","20.03","19.35","","-1.42%"
"2025- 05- 08","19.76","20.14","20.14","19.28","","-5.95%"
"2025- 05- 07","21.01","20.85","21.63","20.57","","0.38%"
"2025- 05- 02","20.93","21.25","21.53","20.58","","0.92%"
"2025- 04- 30","20.74","20.87","21.08","20.55","","0.19%"
"2025- 04- 29","20.70","20.97","20.99","20.40","","-2.50%"
"2025- 04- 28","21.23","21.90","21.94","21.21","","-0.93%"
"2025- 04- 25","21.43","21.97","21.98","21.43","","-5.97%"
"2025- 04- 24","22.79","22.79","23.26","22.64","","0.22%"
"2025- 04- 23","22.74","23.90","23.91","22.65","","-8.49%"
"2025- 04- 22","24.85","25.45","25.45","24.65","","-0.92%"
"2025- 04- 21","25.08","24.82","25.17","24.55","","6.00%"
"2025- 04- 18","23.66","24.19","24.25","23.46","","-3.78%"
"2025- 04- 17","24.59","25.80","25.97","24.35","","-7.63%"
"2025- 04- 16","26.62","24.96","26.66","24.90","","8.74%"
"2025- 04- 15","24.48","25.96","25.96","24.24","","-13.56%"
"2025- 04- 14","28.32","29.82","30.00","28.00","","-10.01%"
"2025- 04- 11","31.47","32.07","33.25","30.58","","11.60%"
"2025- 04- 10","28.20","28.90","30.01","27.45","","-31.17%"
"2025- 04- 09","40.97","38.96","42.41","38.63","","8.30%"
"2025- 04- 08","37.83","38.61","39.27","37.18","","-14.47%"
"2025- 04- 07","44.23","40.07","44.23","37.95","","65.04%"
"2025- 04- 04","26.80","27.72","28.96","26.22","","2.72%"
"2025- 04- 03","26.09","28.57","28.64","25.84","","6.49%"
"2025- 04- 02","24.50","24.03","24.73","23.98","","1.20%"
"2025- 04- 01","24.21","23.99","24.28","23.36","","-4.50%"
"2025- 03- 31","25.35","23.33","25.62","23.33","","19.69%"
"2025- 03- 28","21.18","20.56","22.01","20.55","","3.62%"
"2025- 03- 27","20.44","20.77","20.80","20.31","","3.91%"
"2025- 03- 26","19.67","19.67","20.01","19.64","","0.15%"
"2025- 03- 25","19.64","19.56","19.75","19.35","","-0.20%"
"2025- 03- 24","19.68","20.22","20.31","19.60","","0.10%"
"2025- 03- 21","19.66","20.07","20.13","19.65","","0.31%"
"2025- 03- 20","19.60","20.10","20.15","19.53","","-3.59%"
"2025- 03- 19","20.33","20.63","20.79","20.16","","-0.39%"
"2025- 03- 18","20.41","20.58","20.78","19.88","","-2.11%"
"2025- 03- 17","20.85","21.59","21.65","20.82","","-5.23%"
"2025- 03- 14","22.00","23.00","23.21","21.87","","-4.80%"
"2025- 03- 13","23.11","22.14","23.19","21.36","","0.13%"
"2025- 03- 12","23.08","23.72","23.74","22.72","","-4.15%"
"2025- 03- 11","24.08","25.58","25.60","23.88","","8.81%"
"2025- 03- 10","22.13","22.78","22.80","21.95","","0.73%"
"2025- 03- 07","21.97","22.43","22.85","21.59","","3.29%"
"2025- 03- 06","21.27","21.76","21.80","21.17","","-4.06%"
"2025- 03- 05","22.17","22.64","22.79","22.04","","-5.54%"
"2025- 03- 04","23.47","23.90","24.07","23.05","","2.67%"
"2025- 02- 28","22.86","20.83","24.24","20.46","","18.32%"
"2025- 02- 27","19.32","19.78","19.83","19.32","","-3.06%"
"2025- 02- 26","19.93","19.85","19.99","19.58","","1.68%"
"2025- 02- 25","19.60","20.18","20.41","19.59","","0.62%"
"2025- 02- 24","19.48","19.98","20.04","19.38","","4.51%"
"2025- 02- 21","18.64","18.82","19.07","18.62","","0.00%"
"2025- 02- 20","18.64","18.57","18.79","18.52","","0.81%"
"2025- 02- 19","18.49","17.88","19.28","17.80","","3.41%"
"2025- 02- 18","17.88","18.29","18.41","17.73","","-1.00%"
"2025- 02- 17","18.06","18.25","18.29","18.03","","2.03%"
"2025- 02- 14","17.70","18.16","18.27","17.56","","-1.83%"
"2025- 02- 13","18.03","18.65","18.65","17.79","","-4.10%"
"2025- 02- 12","18.80","19.31","19.62","18.60","","-2.49%"
"2025- 02- 11","19.28","19.58","19.58","19.16","","-3.36%"
"2025- 02- 10","19.95","19.96","20.15","19.63","","3.42%"
"2025- 02- 07","19.29","19.00","19.43","18.84","","0.89%"
"2025- 02- 06","19.12","19.53","19.64","18.93","","-4.69%"
"2025- 02- 05","20.06","20.30","20.37","19.75","","-4.07%"
"2025- 02- 04","20.91","20.44","21.24","19.88","","-5.30%"
"2025- 02- 03","22.08","21.18","23.26","21.01","","17.51%"
"2025- 01- 31","18.79","19.47","19.54","18.79","","4.62%"
"2025- 01- 24","17.96","17.93","17.98","17.70","","0.96%"
"2025- 01- 23","17.79","17.89","18.18","17.53","","0.68%"
"2025- 01- 22","17.67","18.02","18.29","17.52","","-3.44%"
"2025- 01- 21","18.30","18.16","19.42","17.83","","-0.81%"
"2025- 01- 20","18.45","18.19","18.55","18.09","","4.36%"
"2025- 01- 17","17.68","18.37","18.37","17.53","","-2.54%"
"2025- 01- 16","18.14","18.34","18.35","17.98","","-5.82%"
"2025- 01- 15","19.26","19.62","19.96","18.83","","0.05%"
"2025- 01- 14","19.25","19.79","19.97","19.07","","-6.05%"
"2025- 01- 13","20.49","21.08","21.21","20.43","","2.86%"
"2025- 01- 10","19.92","20.15","20.44","19.80","","0.10%"
"2025- 01- 09","19.90","19.84","20.01","19.49","","-1.49%"
"2025- 01- 08","20.20","20.46","21.15","20.13","","-0.20%"
"2025- 01- 07","20.24","21.06","21.31","20.17","","-2.27%"
"2025- 01- 06","20.71","20.52","20.74","20.21","","1.97%"
"2025- 01- 03","20.31","20.93","21.04","20.25","","-1.88%"
"2025- 01- 02","20.70","21.91","22.22","20.69","","-2.08%"
"2024- 12- 30","21.14","21.92","22.01","21.08","","1.25%"
"2024- 12- 27","20.88","20.80","22.10","20.57","","1.90%"
"2024- 12- 26","20.49","20.15","20.54","20.15","","2.35%"
"2024- 12- 24","20.02","19.81","20.39","19.80","","-0.25%"
"2024- 12- 23","20.07","20.96","21.03","19.95","","-6.43%"
"2024- 12- 20","21.45","20.77","23.03","20.64","","5.67%"
"2024- 12- 19","20.30","20.18","20.46","19.37","","13.03%"
"2024- 12- 18","17.96","18.33","18.53","17.79","","-2.18%"
"2024- 12- 17","18.36","18.79","18.91","18.36","","-2.75%"
"2024- 12- 16","18.88","19.71","19.73","18.80","","-3.13%"
"2024- 12- 13","19.49","20.23","20.41","19.28","","-2.11%"
"2024- 12- 12","19.91","20.01","20.27","19.48","","-3.35%"
"2024- 12- 11","20.60","21.82","21.83","20.53","","-4.72%"
"2024- 12- 10","21.62","22.48","22.49","21.42","","-7.80%"
"2024- 12- 09","23.45","24.03","24.11","22.48","","6.59%"
"2024- 12- 06","22.00","20.41","24.64","19.74","","6.13%"
"2024- 12- 05","20.73","21.06","21.35","20.44","","-2.86%"
"2024- 12- 04","21.34","24.15","24.15","21.10","","11.90%"
"2024- 12- 03","19.07","19.80","19.92","18.89","","-4.36%"
"2024- 12- 02","19.94","19.12","20.69","19.06","","3.10%"
"2024- 11- 29","19.34","17.83","23.93","17.83","","9.14%"
"2024- 11- 28","17.72","18.25","18.31","17.72","","-2.64%"
"2024- 11- 27","18.20","18.21","18.30","17.68","","-1.62%"
"2024- 11- 26","18.50","19.04","19.13","18.50","","-0.48%"
"2024- 11- 25","18.59","18.90","18.95","18.31","","-1.69%"
"2024- 11- 22","18.91","19.39","19.45","18.88","","-2.83%"
"2024- 11- 21","19.46","20.23","20.27","19.45","","-2.36%"
"2024- 11- 20","19.93","20.09","20.12","19.75","","-0.40%"
"2024- 11- 19","20.01","21.05","21.09","19.94","","-5.12%"
"2024- 11- 18","21.09","22.15","22.92","21.09","","-2.99%"
"2024- 11- 15","21.74","23.64","24.13","21.19","","-7.13%"
"2024- 11- 14","23.41","24.08","24.11","22.41","","-5.83%"
"2024- 11- 13","24.86","22.56","24.86","21.86","","14.99%"
"2024- 11- 12","21.62","20.05","21.67","19.93","","9.08%"
"2024- 11- 11","19.82","19.72","20.61","19.65","","4.15%"
"2024- 11- 08","19.03","19.13","19.44","18.74","","-3.74%"
"2024- 11- 07","19.77","20.51","20.63","19.58","","-4.58%"
"2024- 11- 06","20.72","22.15","22.31","20.71","","-7.99%"
"2024- 11- 05","22.52","22.84","22.87","22.47","","-1.36%"
"2024- 11- 04","22.83","23.38","23.57","22.67","","-0.52%"
"2024- 11- 01","22.95","23.67","23.90","22.92","","1.32%"
"2024- 10- 31","22.65","22.07","22.92","22.07","","5.10%"
"2024- 10- 30","21.55","21.52","21.90","21.35","","0.51%"
"2024- 10- 29","21.44","22.17","22.28","21.43","","-2.19%"
"2024- 10- 28","21.92","22.75","22.79","21.92","","-0.90%"
"2024- 10- 25","22.12","21.99","22.48","21.94","","0.14%"
"2024- 10- 24","22.09","22.17","22.62","22.03","","2.55%"
"2024- 10- 23","21.54","21.65","21.96","21.37","","-0.74%"
"2024- 10- 22","21.70","20.88","22.21","20.79","","3.83%"
"2024- 10- 21","20.90","21.26","21.35","20.66","","0.72%"
"2024- 10- 18","20.75","20.87","21.40","20.71","","-1.61%"
"2024- 10- 17","21.09","21.45","21.60","20.93","","-2.59%"
"2024- 10- 16","21.65","22.13","22.24","21.61","","1.93%"
"2024- 10- 15","21.24","21.43","21.83","21.13","","-2.61%"
"2024- 10- 14","21.81","22.60","22.60","21.81","","-0.82%"
"2024- 10- 11","21.99","23.06","23.27","21.99","","-5.50%"
"2024- 10- 10","23.27","24.36","24.94","23.11","","-9.17%"
"2024- 10- 08","25.62","26.18","26.28","25.62","","0.83%"
"2024- 10- 07","25.41","26.05","26.33","25.23","","-1.66%"
"2024- 10- 04","25.84","26.16","26.23","25.53","","-0.19%"
"2024- 10- 02","25.89","26.91","26.91","25.74","","1.77%"
"2024- 09- 30","25.44","25.92","26.30","24.87","","0.16%"
"2024- 09- 27","25.40","25.43","25.74","25.14","","-0.90%"
"2024- 09- 26","25.63","23.77","25.63","23.77","","7.19%"
"2024- 09- 25","23.91","22.70","24.98","22.56","","7.41%"
"2024- 09- 24","22.26","21.26","22.62","20.99","","3.58%"
"2024- 09- 23","21.49","21.56","21.72","21.41","","2.33%"
"2024- 09- 20","21.00","21.22","21.29","20.77","","-5.23%"
"2024- 09- 19","22.16","22.05","23.37","22.03","","2.21%"
"2024- 09- 13","21.68","21.26","21.91","21.16","","-0.23%"
"2024- 09- 12","21.73","22.55","22.69","21.64","","-9.68%"
"2024- 09- 11","24.06","23.57","25.41","23.57","","0.92%"
"2024- 09- 10","23.84","24.78","25.39","23.77","","-6.91%"
"2024- 09- 09","25.61","28.76","29.09","25.61","","-4.48%"
"2024- 09- 06","26.81","25.17","27.84","25.07","","5.14%"
"2024- 09- 05","25.50","24.84","26.33","23.67","","-2.07%"
"2024- 09- 04","26.04","24.83","26.61","23.76","","31.98%"
"2024- 09- 03","19.73","19.31","19.74","18.92","","2.02%"
"2024- 09- 02","19.34","19.31","20.28","19.07","","2.82%"
"2024- 08- 30","18.81","19.21","19.23","18.67","","-5.00%"
"2024- 08- 29","19.80","20.10","20.29","19.78","","2.17%"
"2024- 08- 28","19.38","19.59","19.75","19.21","","-1.92%"
"2024- 08- 27","19.76","20.72","20.82","19.76","","-5.73%"
"2024- 08- 26","20.96","21.29","21.39","20.92","","-1.50%"
"2024- 08- 23","21.28","21.37","21.54","20.97","","0.57%"
"2024- 08- 22","21.16","21.06","21.37","20.91","","-0.09%"
"2024- 08- 21","21.18","21.55","21.55","21.12","","0.71%"
"2024- 08- 20","21.03","21.37","21.74","21.03","","-9.43%"
"2024- 08- 19","23.22","20.12","24.37","20.12","","16.68%"
"2024- 08- 16","19.90","19.77","19.97","19.37","","-9.95%"
"2024- 08- 14","22.10","22.11","22.56","21.62","","-6.51%"
"2024- 08- 13","23.64","23.87","24.73","23.26","","-3.47%"
"2024- 08- 12","24.49","25.74","26.03","24.49","","-7.69%"
"2024- 08- 09","26.53","26.31","27.39","25.53","","-8.58%"
"2024- 08- 08","29.02","33.86","33.86","28.43","","-3.81%"
"2024- 08- 07","30.17","41.71","41.71","30.17","","-29.97%"
"2024- 08- 06","43.08","39.24","48.19","37.87","","-6.06%"
"2024- 08- 05","45.86","25.71","48.51","25.70","","110.66%"
"2024- 08- 02","21.77","18.94","21.94","18.82","","27.16%"
"2024- 08- 01","17.12","17.24","17.34","17.04","","-2.23%"
"2024- 07- 31","17.51","17.96","17.98","17.35","","-1.52%"
"2024- 07- 30","17.78","18.04","18.09","17.75","","1.54%"
"2024- 07- 29","17.51","17.77","17.87","17.46","","-2.61%"
"2024- 07- 26","17.98","18.65","18.67","17.87","","-4.21%"
"2024- 07- 25","18.77","18.47","19.00","18.23","","7.75%"
"2024- 07- 24","17.42","17.42","17.65","17.29","","-0.29%"
"2024- 07- 23","17.47","17.94","18.01","17.38","","-5.00%"
"2024- 07- 22","18.39","18.00","18.79","17.99","","6.49%"
"2024- 07- 19","17.27","17.40","17.99","17.23","","2.86%"
"2024- 07- 18","16.79","17.03","17.25","16.70","","1.57%"
"2024- 07- 17","16.53","16.36","16.61","16.28","","1.16%"
"2024- 07- 16","16.34","16.68","16.73","16.32","","-0.79%"
"2024- 07- 15","16.47","16.90","17.11","16.47","","0.18%"
"2024- 07- 12","16.44","16.33","16.78","16.26","","1.99%"
"2024- 07- 11","16.12","16.18","16.37","16.04","","0.25%"
"2024- 07- 10","16.08","16.26","16.28","16.00","","-1.23%"
"2024- 07- 09","16.28","16.62","16.73","16.20","","-3.15%"
"2024- 07- 08","16.81","17.18","17.23","16.78","","0.54%"
"2024- 07- 05","16.72","16.23","17.53","16.16","","2.20%"
"2024- 07- 04","16.36","15.43","16.38","15.35","","5.21%"
"2024- 07- 03","15.55","15.71","15.86","15.49","","-2.08%"
"2024- 07- 02","15.88","16.08","16.15","15.80","","-1.06%"
"2024- 07- 01","16.05","16.53","16.63","16.05","","-0.31%"
"2024- 06- 28","16.10","16.57","16.65","16.09","","-2.84%"
"2024- 06- 27","16.57","16.67","16.84","16.44","","-1.02%"
"2024- 06- 26","16.74","17.04","17.20","16.74","","-1.41%"
"2024- 06- 25","16.98","17.11","17.16","16.95","","-0.24%"
"2024- 06- 24","17.02","16.89","17.19","16.87","","3.03%"
"2024- 06- 21","16.52","16.58","16.77","16.40","","-0.24%"
"2024- 06- 20","16.56","16.44","16.59","16.35","","1.41%"
"2024- 06- 19","16.33","16.11","16.46","16.11","","-0.06%"
"2024- 06- 18","16.34","16.61","16.69","16.31","","-2.21%"
"2024- 06- 17","16.71","16.80","16.92","16.71","","4.24%"
"2024- 06- 14","16.03","16.52","16.58","16.02","","-2.97%"
"2024- 06- 13","16.52","16.59","16.64","16.39","","-5.06%"
"2024- 06- 12","17.40","17.30","17.48","16.94","","1.40%"
"2024- 06- 11","17.16","17.13","17.21","16.95","","-0.06%"
"2024- 06- 10","17.17","17.01","17.17","16.92","","3.19%"
"2024- 06- 07","16.64","16.46","16.78","16.32","","0.48%"
"2024- 06- 05","16.56","16.20","16.91","16.20","","-0.48%"
"2024- 06- 04","16.64","16.94","16.95","16.53","","-0.30%"
"2024- 06- 03","16.69","16.78","16.87","16.51","","-1.24%"
"2024- 05- 31","16.90","16.31","17.06","16.31","","0.48%"
"2024- 05- 30","16.82","16.14","16.96","16.01","","7.41%"
"2024- 05- 29","15.66","15.19","15.89","15.10","","3.92%"
"2024- 05- 28","15.07","15.33","15.38","15.07","","-0.92%"
"2024- 05- 27","15.21","15.69","15.76","15.18","","-1.43%"
"2024- 05- 24","15.43","15.97","16.03","15.43","","1.38%"
"2024- 05- 23","15.22","15.69","15.91","15.16","","-3.12%"
"2024- 05- 22","15.71","15.93","16.17","15.63","","-0.88%"
"2024- 05- 21","15.85","16.01","16.18","15.84","","-0.63%"
"2024- 05- 20","15.95","16.26","16.32","15.89","","-0.19%"
"2024- 05- 17","15.98","16.03","16.16","15.92","","0.00%"
"2024- 05- 16","15.98","16.14","16.21","15.91","","-4.48%"
"2024- 05- 14","16.73","16.58","16.74","16.54","","0.78%"
"2024- 05- 13","16.60","16.59","16.85","16.56","","1.90%"
"2024- 05- 10","16.29","16.11","16.54","16.10","","-1.21%"
"2024- 05- 09","16.49","16.22","16.72","16.20","","0.18%"
"2024- 05- 08","16.46","16.96","16.96","16.44","","-4.36%"
"2024- 05- 07","17.21","17.40","17.40","17.01","","-1.71%"
"2024- 05- 03","17.51","17.47","17.56","17.22","","-2.07%"
"2024- 05- 02","17.88","18.16","18.18","17.83","","-1.43%"
"2024- 05- 01","18.14","18.16","18.23","17.92","","0.00%"
"2024- 04- 30","18.14","18.16","18.23","17.92","","0.06%"
"2024- 04- 29","18.13","18.49","18.50","18.11","","-1.04%"
"2024- 04- 26","18.32","18.38","18.68","18.07","","-2.66%"
"2024- 04- 25","18.82","18.55","18.83","18.28","","4.44%"
"2024- 04- 24","18.02","18.05","18.21","17.88","","-4.81%"
"2024- 04- 23","18.93","19.63","19.64","18.87","","-4.39%"
"2024- 04- 22","19.80","20.71","20.81","19.76","","-6.69%"
"2024- 04- 19","21.22","19.83","25.29","19.81","","9.27%"
"2024- 04- 18","19.42","19.69","19.80","19.22","","-3.00%"
"2024- 04- 17","20.02","19.39","20.03","19.21","","0.35%"
"2024- 04- 16","19.95","19.20","20.31","19.11","","8.13%"
"2024- 04- 15","18.45","18.86","19.32","18.45","","4.89%"
"2024- 04- 12","17.59","17.78","18.29","17.47","","-2.44%"
"2024- 04- 11","18.03","18.58","18.60","17.91","","-0.33%"
"2024- 04- 09","18.09","17.68","18.09","17.52","","-0.39%"
"2024- 04- 08","18.16","18.33","18.38","17.97","","0.22%"
"2024- 04- 05","18.12","17.92","18.22","17.79","","5.35%"
"2024- 04- 04","17.20","17.52","17.59","17.06","","-2.44%"
"2024- 04- 03","17.63","17.43","17.65","17.24","","3.10%"
"2024- 04- 02","17.10","17.25","17.36","17.02","","-0.18%"
"2024- 04- 01","17.13","17.15","17.36","17.07","","1.72%"
"2024- 03- 29","16.84","17.02","17.03","16.74","","-0.24%"
"2024- 03- 28","16.88","17.15","17.23","16.77","","-1.52%"
"2024- 03- 27","17.14","17.22","17.34","17.10","","-1.15%"
"2024- 03- 26","17.34","17.49","17.90","17.28","","-0.06%"
"2024- 03- 25","17.35","17.63","17.84","17.29","","1.28%"
"2024- 03- 22","17.13","17.48","17.82","17.11","","-2.28%"
"2024- 03- 21","17.53","17.08","17.96","16.71","","3.61%"
"2024- 03- 20","16.92","16.63","17.18","16.48","","0.83%"
"2024- 03- 19","16.78","17.04","17.33","16.78","","-1.99%"
"2024- 03- 18","17.12","17.34","17.46","16.95","","1.72%"
"2024- 03- 15","16.83","16.76","17.02","16.65","","1.94%"
"2024- 03- 14","16.51","16.78","16.79","16.43","","-2.48%"
"2024- 03- 13","16.93","17.42","17.49","16.92","","-4.89%"
"2024- 03- 12","17.80","17.92","17.97","17.67","","-1.39%"
"2024- 03- 11","18.05","17.75","18.09","17.61","","4.64%"
"2024- 03- 08","17.25","17.73","17.76","17.20","","0.00%"
"2024- 03- 07","17.25","17.22","17.48","17.11","","0.00%"
"2024- 03- 06","17.25","17.26","17.57","17.22","","0.70%"
"2024- 03- 05","17.13","17.28","17.30","16.94","","-1.15%"
"2024- 03- 04","17.33","17.25","17.84","17.16","","3.34%"
"2024- 02- 29","16.77","16.92","16.93","16.54","","-0.36%"
"2024- 02- 28","16.83","17.09","17.24","16.74","","-1.92%"
"2024- 02- 27","17.16","18.09","18.10","17.15","","-4.35%"
"2024- 02- 26","17.94","18.91","18.91","17.90","","-2.02%"
"2024- 02- 23","18.31","18.56","18.74","18.28","","0.49%"
"2024- 02- 22","18.22","18.37","18.44","18.12","","-1.51%"
"2024- 02- 21","18.50","18.36","18.51","18.26","","2.27%"
"2024- 02- 20","18.09","18.19","18.38","18.03","","0.39%"
"2024- 02- 19","18.02","17.96","18.37","17.88","","3.50%"
"2024- 02- 16","17.41","17.82","17.88","17.41","","-2.14%"
"2024- 02- 15","17.79","17.73","17.93","17.63","","-1.06%"
"2024- 02- 14","17.98","18.56","18.63","17.93","","-0.22%"
"2024- 02- 13","18.02","18.26","18.52","18.02","","4.52%"
"2024- 02- 08","17.24","17.69","17.86","17.24","","-2.16%"
"2024- 02- 07","17.62","17.68","18.03","17.52","","0.17%"
"2024- 02- 06","17.59","17.90","18.14","17.44","","-2.60%"
"2024- 02- 05","18.06","18.00","18.33","17.85","","1.52%"
"2024- 02- 02","17.79","16.71","18.12","16.68","","5.96%"
"2024- 02- 01","16.79","17.33","17.48","16.77","","-1.35%"
"2024- 01- 31","17.02","17.44","17.45","16.98","","-0.53%"
"2024- 01- 30","17.11","17.35","17.60","17.08","","-0.93%"
"2024- 01- 29","17.27","17.58","17.72","17.09","","1.83%"
"2024- 01- 26","16.96","17.17","17.37","16.86","","0.24%"
"2024- 01- 25","16.92","17.28","17.42","16.92","","-0.88%"
"2024- 01- 24","17.07","17.32","17.87","17.07","","-1.84%"
"2024- 01- 23","17.39","17.94","17.97","17.39","","-3.44%"
"2024- 01- 22","18.01","17.88","18.17","17.84","","2.10%"
"2024- 01- 19","17.64","18.04","18.04","17.53","","-3.71%"
"2024- 01- 18","18.32","19.15","19.37","18.30","","-5.13%"
"2024- 01- 17","19.31","17.18","19.49","17.17","","12.40%"
"2024- 01- 16","17.18","17.03","17.48","17.03","","2.02%"
"2024- 01- 15","16.84","17.25","17.28","16.84","","0.42%"
"2024- 01- 12","16.77","17.11","17.37","16.77","","-2.16%"
"2024- 01- 11","17.14","16.61","17.65","16.61","","2.08%"
"2024- 01- 10","16.79","17.18","17.30","16.79","","-3.62%"
"2024- 01- 09","17.42","17.78","17.78","17.15","","-1.97%"
"2024- 01- 08","17.77","17.98","18.03","17.59","","-0.17%"
"2024- 01- 05","17.80","18.04","18.11","17.67","","-2.20%"
"2024- 01- 04","18.20","18.42","18.43","17.87","","-0.44%"
"2024- 01- 03","18.28","18.58","18.58","18.16","","-1.77%"
"2024- 01- 02","18.61","18.21","19.16","18.17","","4.67%"
"2023- 12- 28","17.78","16.62","17.78","16.42","","7.43%"
"2023- 12- 27","16.55","16.42","16.94","16.23","","1.85%"
"2023- 12- 26","16.25","15.83","16.31","15.75","","8.55%"
"2023- 12- 22","14.97","15.32","15.34","14.93","","0.27%"
"2023- 12- 21","14.93","14.91","15.09","14.72","","1.01%"
"2023- 12- 20","14.78","13.92","15.42","13.79","","6.71%"
"2023- 12- 19","13.85","14.31","14.35","13.85","","-2.94%"
"2023- 12- 18","14.27","14.57","14.57","14.21","","2.07%"
"2023- 12- 15","13.98","13.89","14.61","13.87","","-0.92%"
"2023- 12- 14","14.11","14.25","14.28","13.84","","-1.33%"
"2023- 12- 13","14.30","14.30","14.40","14.09","","-1.04%"
"2023- 12- 12","14.45","14.42","14.65","14.32","","-0.96%"
"2023- 12- 11","14.59","14.80","14.94","14.56","","-1.15%"
"2023- 12- 08","14.76","14.79","14.94","14.59","","-12.40%"
"2023- 12- 07","16.85","16.75","16.88","16.64","","15.73%"
"2023- 12- 06","14.56","14.49","14.56","14.34","","-1.89%"
"2023- 12- 05","14.84","14.62","14.84","14.54","","1.57%"
"2023- 12- 04","14.61","14.90","14.97","14.56","","0.76%"
"2023- 12- 01","14.50","14.52","14.81","14.50","","0.28%"
"2023- 11- 30","14.46","14.61","14.69","14.32","","-0.96%"
"2023- 11- 29","14.60","14.86","15.02","14.58","","-4.89%"
"2023- 11- 28","15.35","15.57","15.75","15.32","","0.99%"
"2023- 11- 27","15.20","15.42","15.46","15.15","","1.06%"
"2023- 11- 24","15.04","15.07","15.15","14.90","","-0.59%"
"2023- 11- 23","15.13","16.00","16.02","15.13","","-4.72%"
"2023- 11- 22","15.88","16.27","16.28","15.86","","-1.85%"
"2023- 11- 21","16.18","16.36","16.51","16.17","","-3.00%"
"2023- 11- 20","16.68","16.85","16.91","16.56","","0.79%"
"2023- 11- 17","16.55","16.84","16.95","16.55","","-2.53%"
"2023- 11- 16","16.98","17.21","17.28","16.86","","-1.51%"
"2023- 11- 15","17.24","16.72","17.42","16.72","","-0.63%"
"2023- 11- 14","17.35","17.51","17.55","17.30","","-1.87%"
"2023- 11- 13","17.68","17.43","17.97","17.43","","3.21%"
"2023- 11- 10","17.13","17.21","17.43","17.12","","1.72%"
"2023- 11- 09","16.84","17.22","17.29","16.38","","-4.10%"
"2023- 11- 08","17.56","17.84","18.11","17.43","","-3.68%"
"2023- 11- 07","18.23","18.04","19.18","17.88","","-2.25%"
"2023- 11- 06","18.65","16.85","18.97","16.66","","11.68%"
"2023- 11- 03","16.70","17.01","17.18","16.67","","-4.52%"
"2023- 11- 02","17.49","17.73","17.88","17.27","","-6.92%"
"2023- 11- 01","18.79","19.09","19.20","18.74","","-5.53%"
"2023- 10- 31","19.89","19.25","20.12","19.05","","-0.70%"
"2023- 10- 30","20.03","21.04","21.04","19.88","","0.05%"
"2023- 10- 27","20.02","19.98","20.41","19.79","","-5.30%"
"2023- 10- 26","21.14","20.19","21.19","19.87","","13.90%"
"2023- 10- 25","18.56","18.39","18.67","18.29","","-1.38%"
"2023- 10- 24","18.82","19.07","20.14","18.74","","-4.22%"
"2023- 10- 23","19.65","19.92","19.93","19.41","","0.61%"
"2023- 10- 20","19.53","19.02","20.36","18.95","","7.13%"
"2023- 10- 19","18.23","17.34","18.23","17.18","","13.94%"
"2023- 10- 18","16.00","16.36","16.43","15.90","","-1.11%"
"2023- 10- 17","16.18","16.23","16.49","15.98","","-5.21%"
"2023- 10- 16","17.07","16.92","17.63","16.76","","7.02%"
"2023- 10- 13","15.95","16.28","16.35","15.93","","1.59%"
"2023- 10- 12","15.70","16.21","16.32","15.70","","-6.21%"
"2023- 10- 11","16.74","16.78","16.82","16.33","","-4.67%"
"2023- 10- 10","17.56","16.77","17.58","16.61","","0.98%"
"2023- 10- 06","17.39","17.11","17.39","16.83","","0.29%"
"2023- 10- 05","17.34","17.10","17.62","16.96","","-4.15%"
"2023- 10- 04","18.09","17.16","18.13","17.16","","19.96%"
"2023- 09- 27","15.08","15.43","15.43","14.94","","2.31%"
"2023- 09- 26","14.74","14.12","14.88","14.11","","4.54%"
"2023- 09- 25","14.10","14.72","14.72","14.04","","-0.56%"
"2023- 09- 22","14.18","15.25","15.51","14.12","","1.58%"
"2023- 09- 21","13.96","13.33","14.00","13.23","","7.14%"
"2023- 09- 20","13.03","13.11","13.18","13.00","","0.62%"
"2023- 09- 19","12.95","12.85","13.11","12.83","","0.78%"
"2023- 09- 18","12.85","12.76","12.90","12.69","","9.55%"
"2023- 09- 15","11.73","11.92","12.11","11.72","","-2.41%"
"2023- 09- 14","12.02","12.42","12.43","11.96","","-4.91%"
"2023- 09- 13","12.64","12.54","12.66","12.27","","1.94%"
"2023- 09- 12","12.40","12.24","12.55","12.21","","-0.16%"
"2023- 09- 11","12.42","12.55","12.73","12.37","","0.16%"
"2023- 09- 08","12.40","12.51","12.79","12.40","","-2.29%"
"2023- 09- 07","12.69","12.55","12.72","12.39","","1.85%"
"2023- 09- 06","12.46","12.39","12.56","12.27","","0.32%"
"2023- 09- 05","12.42","12.51","12.53","12.31","","-0.56%"
"2023- 09- 04","12.49","12.82","12.88","12.42","","-0.32%"
"2023- 09- 01","12.53","12.74","12.77","12.42","","-1.96%"
"2023- 08- 31","12.78","12.88","12.91","12.70","","-2.07%"
"2023- 08- 30","13.05","13.14","13.19","12.86","","-3.26%"
"2023- 08- 29","13.49","13.89","14.04","13.44","","-4.87%"
"2023- 08- 28","14.18","14.53","14.57","14.15","","-4.58%"
"2023- 08- 25","14.86","15.20","15.23","14.69","","6.60%"
"2023- 08- 24","13.94","14.31","14.33","13.80","","-6.88%"
"2023- 08- 23","14.97","15.72","15.72","14.96","","-2.35%"
"2023- 08- 22","15.33","15.51","15.51","15.02","","-4.37%"
"2023- 08- 21","16.03","16.28","16.29","15.63","","0.00%"
"2023- 08- 18","16.03","16.92","17.09","15.75","","2.95%"
"2023- 08- 17","15.57","15.86","16.74","15.50","","2.77%"
"2023- 08- 16","15.15","14.89","15.39","14.83","","7.14%"
"2023- 08- 14","14.14","14.01","14.53","13.84","","5.21%"
"2023- 08- 11","13.44","13.68","13.80","13.43","","-4.00%"
"2023- 08- 10","14.00","14.50","14.52","13.86","","-1.06%"
"2023- 08- 09","14.15","15.32","15.32","14.00","","-8.12%"
"2023- 08- 08","15.40","15.12","16.04","14.86","","-1.97%"
"2023- 08- 07","15.71","15.97","15.98","15.34","","1.03%"
"2023- 08- 04","15.55","15.84","16.01","15.42","","-2.08%"
"2023- 08- 03","15.88","15.40","16.14","15.37","","3.39%"
"2023- 08- 02","15.36","14.39","15.46","14.39","","9.25%"
"2023- 08- 01","14.06","14.25","14.31","13.96","","-1.06%"
"2023- 07- 31","14.21","14.35","14.54","14.20","","0.42%"
"2023- 07- 28","14.15","14.34","14.65","14.09","","1.80%"
"2023- 07- 27","13.90","14.40","14.40","13.84","","-4.34%"
"2023- 07- 26","14.53","14.20","14.70","14.19","","3.20%"
"2023- 07- 25","14.08","14.24","14.37","14.06","","-0.28%"
"2023- 07- 24","14.12","13.90","14.12","13.88","","5.77%"
"2023- 07- 21","13.35","13.74","13.92","13.35","","0.98%"
"2023- 07- 20","13.22","13.24","13.24","13.10","","2.40%"
"2023- 07- 19","12.91","13.09","13.14","12.87","","-1.22%"
"2023- 07- 18","13.07","13.28","13.40","13.07","","-1.06%"
"2023- 07- 17","13.21","13.51","13.58","13.21","","0.15%"
"2023- 07- 14","13.19","12.91","13.65","12.70","","-0.45%"
"2023- 07- 13","13.25","13.42","13.46","13.17","","-3.71%"
"2023- 07- 12","13.76","13.73","14.00","13.70","","-0.43%"
"2023- 07- 11","13.82","13.92","14.12","13.68","","-5.54%"
"2023- 07- 10","14.63","14.42","14.69","14.10","","0.34%"
"2023- 07- 07","14.58","13.87","15.04","13.84","","12.33%"
"2023- 07- 06","12.98","12.57","12.98","12.20","","4.93%"
"2023- 07- 05","12.37","12.45","12.49","11.99","","0.81%"
"2023- 07- 04","12.27","12.75","12.76","12.25","","-3.61%"
"2023- 07- 03","12.73","12.83","13.01","12.73","","1.11%"
"2023- 06- 30","12.59","13.18","13.28","12.57","","-2.63%"
"2023- 06- 29","12.93","12.90","12.95","12.63","","-1.30%"
"2023- 06- 28","13.10","13.28","13.36","13.09","","-0.61%"
"2023- 06- 27","13.18","13.62","13.67","13.18","","-2.08%"
"2023- 06- 26","13.46","13.62","13.66","13.45","","3.22%"
"2023- 06- 23","13.04","13.11","13.25","13.04","","-1.51%"
"2023- 06- 22","13.24","13.37","13.44","13.23","","-0.90%"
"2023- 06- 21","13.36","13.12","13.39","13.03","","2.61%"
"2023- 06- 20","13.02","13.41","13.44","13.01","","-2.47%"
"2023- 06- 19","13.35","13.69","13.80","13.35","","1.68%"
"2023- 06- 16","13.13","13.61","13.61","13.11","","-0.91%"
"2023- 06- 15","13.25","13.30","13.43","13.16","","-2.21%"
"2023- 06- 14","13.55","13.81","13.83","13.42","","-1.53%"
"2023- 06- 13","13.76","13.80","14.10","13.70","","2.30%"
"2023- 06- 12","13.45","13.64","13.67","13.45","","2.20%"
"2023- 06- 09","13.16","13.27","13.50","13.02","","-2.08%"
"2023- 06- 08","13.44","13.53","13.55","13.11","","-1.97%"
"2023- 06- 07","13.71","13.91","13.91","13.63","","-2.63%"
"2023- 06- 05","14.08","14.16","14.26","13.99","","0.86%"
"2023- 06- 02","13.96","14.06","14.09","13.82","","-2.72%"
"2023- 06- 01","14.35","14.65","14.71","14.34","","-3.04%"
"2023- 05- 31","14.80","14.88","14.90","14.63","","0.07%"
"2023- 05- 30","14.79","15.33","15.34","14.79","","-1.14%"
"2023- 05- 26","14.96","15.00","15.10","14.92","","-0.73%"
"2023- 05- 25","15.07","14.95","15.15","14.91","","1.34%"
"2023- 05- 24","14.87","14.78","14.91","14.67","","2.13%"
"2023- 05- 23","14.56","14.84","14.85","14.56","","-1.22%"
"2023- 05- 22","14.74","14.96","15.15","14.67","","4.32%"
"2023- 05- 19","14.13","13.70","14.26","13.67","","4.36%"
"2023- 05- 18","13.54","13.36","13.63","13.29","","0.15%"
"2023- 05- 17","13.52","13.71","13.73","13.47","","-0.52%"
"2023- 05- 16","13.59","13.47","13.68","13.47","","-1.59%"
"2023- 05- 15","13.81","14.51","14.57","13.81","","-0.86%"
"2023- 05- 12","13.93","14.33","14.41","13.93","","-2.66%"
"2023- 05- 11","14.31","14.32","14.36","13.94","","-3.11%"
"2023- 05- 10","14.77","14.46","15.01","14.31","","2.64%"
"2023- 05- 09","14.39","14.97","14.97","14.20","","-3.23%"
"2023- 05- 08","14.87","14.96","15.01","14.72","","-2.62%"
"2023- 05- 04","15.27","15.40","15.54","15.15","","1.19%"
"2023- 05- 03","15.09","14.69","15.18","14.66","","6.19%"
"2023- 05- 02","14.21","14.60","14.65","14.18","","-2.07%"
"2023- 04- 28","14.51","14.60","14.90","14.28","","-2.36%"
"2023- 04- 27","14.86","15.33","15.61","14.81","","-1.52%"
"2023- 04- 26","15.09","15.14","15.25","14.89","","0.47%"
"2023- 04- 25","15.02","14.80","15.40","14.54","","1.08%"
"2023- 04- 24","14.86","15.15","15.15","14.80","","1.64%"
"2023- 04- 21","14.62","14.85","15.03","14.62","","-0.07%"
"2023- 04- 20","14.63","14.81","14.85","14.63","","-1.55%"
"2023- 04- 19","14.86","15.08","15.16","14.79","","-2.04%"
"2023- 04- 18","15.17","15.42","15.47","15.13","","-2.07%"
"2023- 04- 17","15.49","15.91","15.93","15.49","","0.45%"
"2023- 04- 14","15.42","15.82","16.00","15.22","","-0.64%"
"2023- 04- 13","15.52","15.89","15.91","15.49","","-1.90%"
"2023- 04- 12","15.82","15.82","16.04","15.77","","1.28%"
"2023- 04- 11","15.62","15.64","15.88","15.49","","-0.64%"
"2023- 04- 10","15.72","15.69","15.94","15.59","","2.41%"
"2023- 04- 07","15.35","15.59","15.61","15.25","","-3.28%"
"2023- 04- 06","15.87","15.64","16.13","15.59","","3.32%"
"2023- 04- 05","15.36","15.30","15.45","15.23","","0.92%"
"2023- 04- 04","15.22","15.68","15.69","15.22","","-4.16%"
"2023- 04- 03","15.88","16.14","16.17","15.84","","1.99%"
"2023- 03- 31","15.57","15.58","15.67","15.46","","-0.83%"
"2023- 03- 30","15.70","15.98","16.00","15.68","","-2.79%"
"2023- 03- 29","16.15","16.60","16.71","16.14","","-3.93%"
"2023- 03- 28","16.81","17.40","17.44","16.76","","-6.46%"
"2023- 03- 27","17.97","18.35","18.60","17.97","","2.16%"
"2023- 03- 24","17.59","17.98","18.48","17.58","","-2.11%"
"2023- 03- 23","17.97","18.57","18.65","17.85","","-1.75%"
"2023- 03- 22","18.29","18.78","18.86","18.28","","-6.25%"
"2023- 03- 21","19.51","19.80","20.01","19.45","","-5.38%"
"2023- 03- 20","20.62","19.12","20.62","19.02","","12.92%"
"2023- 03- 17","18.26","18.76","19.14","18.26","","-8.56%"
"2023- 03- 16","19.97","20.70","20.84","19.66","","6.51%"
"2023- 03- 15","18.75","19.34","19.50","18.69","","-11.18%"
"2023- 03- 14","21.11","19.64","21.62","19.60","","15.99%"
"2023- 03- 13","18.20","18.23","19.02","18.14","","3.64%"
"2023- 03- 10","17.56","17.77","17.95","17.45","","6.23%"
"2023- 03- 09","16.53","16.85","16.96","16.50","","-3.95%"
"2023- 03- 08","17.21","17.29","17.37","17.08","","1.53%"
"2023- 03- 07","16.95","16.97","17.03","16.80","","-1.34%"
"2023- 03- 06","17.18","17.57","17.67","17.15","","-2.88%"
"2023- 03- 03","17.69","18.08","18.16","17.68","","-3.39%"
"2023- 03- 02","18.31","18.62","18.91","18.24","","-1.19%"
"2023- 02- 28","18.53","18.92","18.93","18.46","","-4.39%"
"2023- 02- 27","19.38","19.86","19.96","19.29","","3.03%"
"2023- 02- 24","18.81","18.90","19.00","18.58","","-0.95%"
"2023- 02- 23","18.99","19.28","19.33","18.79","","-2.91%"
"2023- 02- 22","19.56","19.71","19.74","19.47","","3.55%"
"2023- 02- 21","18.89","19.11","19.11","18.80","","1.34%"
"2023- 02- 20","18.64","18.92","19.08","18.53","","2.25%"
"2023- 02- 17","18.23","18.35","18.41","18.14","","2.19%"
"2023- 02- 16","17.84","17.81","17.92","17.60","","-1.87%"
"2023- 02- 15","18.18","18.00","18.34","17.88","","-1.84%"
"2023- 02- 14","18.52","18.23","18.52","18.11","","1.59%"
"2023- 02- 13","18.23","18.31","18.45","18.17","","3.99%"
"2023- 02- 10","17.53","18.14","18.17","17.53","","-2.34%"
"2023- 02- 09","17.95","17.77","17.95","17.53","","2.57%"
"2023- 02- 08","17.50","17.16","17.64","17.12","","1.10%"
"2023- 02- 07","17.31","17.36","17.58","17.05","","-1.37%"
"2023- 02- 06","17.55","17.38","17.55","17.11","","3.17%"
"2023- 02- 03","17.01","16.98","17.11","16.88","","-0.41%"
"2023- 02- 02","17.08","16.90","17.08","16.54","","-2.62%"
"2023- 02- 01","17.54","17.64","17.79","17.43","","-1.18%"
"2023- 01- 31","17.75","17.57","17.85","17.28","","2.13%"
"2023- 01- 30","17.38","17.50","17.63","17.34","","3.08%"
"2023- 01- 27","16.86","16.86","17.70","16.80","","2.00%"
"2023- 01- 26","16.53","16.79","17.03","16.29","","-1.84%"
"2023- 01- 25","16.84","17.38","17.62","16.84","","0.18%"
"2023- 01- 20","16.81","17.02","17.34","16.81","","-0.47%"
"2023- 01- 19","16.89","17.07","17.16","16.84","","0.54%"
"2023- 01- 18","16.80","17.28","17.37","16.69","","-0.30%"
"2023- 01- 17","16.85","17.12","17.19","16.84","","-0.18%"
"2023- 01- 16","16.88","17.42","17.42","16.87","","-1.80%"
"2023- 01- 13","17.19","17.32","17.36","16.86","","-6.27%"
"2023- 01- 12","18.34","18.15","18.39","17.98","","2.00%"
"2023- 01- 11","17.98","18.27","18.33","17.82","","-1.32%"
"2023- 01- 10","18.22","18.52","18.63","18.22","","-1.41%"
"2023- 01- 09","18.48","17.85","18.55","17.81","","4.17%"
"2023- 01- 06","17.74","17.94","18.12","17.69","","-0.62%"
"2023- 01- 05","17.85","17.87","18.14","17.75","","-1.76%"
"2023- 01- 04","18.17","18.95","18.96","18.17","","-4.17%"
"2023- 01- 03","18.96","19.31","19.99","18.81","","0.58%"
"2023- 01- 02","18.85","18.77","18.99","18.57","","2.45%"
"2022- 12- 29","18.40","17.80","18.51","17.79","","4.96%"
"2022- 12- 28","17.53","17.52","17.66","17.45","","2.57%"
"2022- 12- 27","17.09","17.24","17.41","17.05","","-2.12%"
"2022- 12- 26","17.46","17.91","17.96","17.46","","0.17%"
"2022- 12- 23","17.43","17.33","17.78","17.22","","5.00%"
"2022- 12- 22","16.60","17.31","17.35","16.57","","-5.79%"
"2022- 12- 21","17.62","17.85","18.15","17.62","","-2.00%"
"2022- 12- 20","17.98","17.67","18.22","17.31","","2.16%"
"2022- 12- 19","17.60","17.86","17.88","17.53","","3.35%"
"2022- 12- 16","17.03","17.29","17.43","16.98","","1.92%"
"2022- 12- 15","16.71","16.89","16.93","16.49","","-3.24%"
"2022- 12- 14","17.27","17.74","17.98","17.21","","-9.53%"
"2022- 12- 13","19.09","18.85","19.23","18.79","","3.08%"
"2022- 12- 12","18.52","18.63","18.84","18.49","","5.41%"
"2022- 12- 09","17.57","18.02","18.10","17.56","","-4.41%"
"2022- 12- 08","18.38","18.37","18.73","18.34","","-0.38%"
"2022- 12- 07","18.45","18.40","18.56","18.13","","1.43%"
"2022- 12- 06","18.19","18.37","18.40","18.00","","1.17%"
"2022- 12- 05","17.98","18.38","18.40","17.96","","-2.76%"
"2022- 12- 02","18.49","18.08","18.62","17.92","","5.60%"
"2022- 12- 01","17.51","17.48","17.82","17.37","","-1.52%"
"2022- 11- 30","17.78","18.04","18.05","17.68","","0.11%"
"2022- 11- 29","17.76","18.21","18.25","17.76","","-1.99%"
"2022- 11- 28","18.12","18.36","18.50","17.93","","6.78%"
"2022- 11- 25","16.97","17.11","17.11","16.81","","0.71%"
"2022- 11- 24","16.85","17.62","17.64","16.82","","-5.97%"
"2022- 11- 23","17.92","18.57","18.57","17.92","","-6.13%"
"2022- 11- 22","19.09","19.50","19.53","18.96","","-3.63%"
"2022- 11- 21","19.81","20.57","20.74","19.79","","-0.30%"
"2022- 11- 18","19.87","20.09","20.09","19.54","","-1.10%"
"2022- 11- 17","20.09","20.06","20.36","19.90","","1.11%"
"2022- 11- 16","19.87","19.96","20.76","19.80","","1.22%"
"2022- 11- 15","19.63","20.22","20.33","19.58","","-3.40%"
"2022- 11- 14","20.32","20.35","20.59","20.18","","1.75%"
"2022- 11- 11","19.97","20.25","20.33","19.93","","-5.85%"
"2022- 11- 10","21.21","20.77","21.21","20.63","","5.52%"
"2022- 11- 09","20.10","20.04","20.31","19.95","","0.55%"
"2022- 11- 08","19.99","20.44","20.52","19.86","","-3.99%"
"2022- 11- 07","20.82","21.16","21.25","20.81","","-0.10%"
"2022- 11- 04","20.84","21.22","21.47","20.84","","-1.74%"
"2022- 11- 03","21.21","21.77","21.89","21.01","","0.38%"
"2022- 11- 02","21.13","21.39","21.40","20.91","","0.09%"
"2022- 11- 01","21.11","21.69","21.69","21.08","","-3.91%"
"2022- 10- 31","21.97","22.62","22.82","21.92","","-3.26%"
"2022- 10- 28","22.71","22.51","22.71","22.22","","2.67%"
"2022- 10- 27","22.12","23.07","23.07","22.11","","-5.55%"
"2022- 10- 26","23.42","24.34","24.34","23.41","","-3.34%"
"2022- 10- 25","24.23","24.57","24.66","24.12","","-1.58%"
"2022- 10- 24","24.62","23.93","24.97","23.73","","2.84%"
"2022- 10- 21","23.94","24.01","24.18","23.89","","-0.42%"
"2022- 10- 20","24.04","23.45","24.38","23.42","","3.58%"
"2022- 10- 19","23.21","22.82","23.24","22.25","","1.53%"
"2022- 10- 18","22.86","23.09","23.81","22.86","","-6.31%"
"2022- 10- 17","24.40","25.44","25.66","24.31","","1.92%"
"2022- 10- 14","23.94","24.81","24.86","23.94","","-12.05%"
"2022- 10- 13","27.22","25.25","27.47","25.15","","10.25%"
"2022- 10- 12","24.69","25.77","25.77","24.69","","-4.23%"
"2022- 10- 11","25.78","26.53","26.89","25.69","","7.73%"
"2022- 10- 07","23.93","24.27","24.27","23.68","","2.40%"
"2022- 10- 06","23.37","24.05","24.08","23.11","","-4.06%"
"2022- 10- 05","24.36","23.82","25.24","23.77","","-2.52%"
"2022- 10- 04","24.99","26.14","26.14","24.96","","-8.09%"
"2022- 09- 30","27.19","26.37","27.87","25.95","","4.74%"
"2022- 09- 29","25.96","24.46","26.07","24.21","","-2.37%"
"2022- 09- 28","26.59","24.11","27.97","24.03","","12.57%"
"2022- 09- 27","23.62","23.82","24.57","23.45","","-1.67%"
"2022- 09- 26","24.02","22.01","24.05","22.00","","18.15%"
"2022- 09- 23","20.33","20.34","20.96","20.29","","-0.68%"
"2022- 09- 22","20.47","20.96","21.47","20.27","","-1.59%"
"2022- 09- 21","20.80","19.77","20.80","19.77","","7.88%"
"2022- 09- 20","19.28","18.65","19.55","18.63","","-1.83%"
"2022- 09- 19","19.64","19.54","19.87","19.16","","2.67%"
"2022- 09- 16","19.13","19.12","19.40","18.86","","4.02%"
"2022- 09- 15","18.39","18.47","18.68","18.06","","-1.82%"
"2022- 09- 14","18.73","18.74","19.07","18.10","","12.29%"
"2022- 09- 13","16.68","17.49","17.54","16.59","","-12.99%"
"2022- 09- 08","19.17","19.22","19.24","18.50","","-3.43%"
"2022- 09- 07","19.85","19.32","20.68","19.32","","7.36%"
"2022- 09- 06","18.49","18.36","18.82","18.18","","-2.01%"
"2022- 09- 05","18.87","18.74","19.40","18.59","","-1.05%"
"2022- 09- 02","19.07","18.77","20.12","18.44","","-0.68%"
"2022- 09- 01","19.20","18.34","19.31","18.28","","10.92%"
"2022- 08- 31","17.31","18.33","18.33","17.09","","-0.92%"
"2022- 08- 30","17.47","17.72","18.05","17.47","","-6.68%"
"2022- 08- 29","18.72","18.79","19.10","18.53","","15.63%"
"2022- 08- 26","16.19","15.95","16.21","15.75","","0.00%"
"2022- 08- 25","16.19","16.83","16.89","16.18","","-7.38%"
"2022- 08- 24","17.48","17.23","17.79","17.13","","-1.35%"
"2022- 08- 23","17.72","17.02","17.72","16.89","","5.73%"
"2022- 08- 22","16.76","17.08","17.08","16.40","","6.55%"
"2022- 08- 19","15.73","15.98","15.99","15.60","","-0.25%"
"2022- 08- 18","15.77","16.15","16.21","15.59","","1.68%"
"2022- 08- 17","15.51","15.15","15.58","15.09","","0.58%"
"2022- 08- 16","15.42","16.04","16.04","15.39","","-0.19%"
"2022- 08- 12","15.45","15.81","15.88","15.38","","-1.84%"
"2022- 08- 11","15.74","16.18","16.18","15.65","","-8.38%"
"2022- 08- 10","17.18","16.96","17.55","16.94","","4.12%"
"2022- 08- 09","16.50","16.98","17.08","16.44","","-3.79%"
"2022- 08- 08","17.15","17.60","17.79","17.09","","0.88%"
"2022- 08- 05","17.00","17.28","17.30","16.96","","-3.95%"
"2022- 08- 04","17.70","18.12","18.13","17.61","","-4.07%"
"2022- 08- 03","18.45","19.19","19.34","18.45","","-4.11%"
"2022- 08- 02","19.24","18.79","19.67","18.70","","5.60%"
"2022- 08- 01","18.22","18.77","18.79","18.19","","2.42%"
"2022- 07- 29","17.79","17.88","18.08","17.65","","-3.10%"
"2022- 07- 28","18.36","18.74","18.81","18.36","","-5.31%"
"2022- 07- 27","19.39","19.71","20.00","19.36","","0.05%"
"2022- 07- 26","19.38","20.21","20.28","19.37","","-2.95%"
"2022- 07- 25","19.97","20.23","20.38","19.92","","1.32%"
"2022- 07- 22","19.71","19.83","20.05","19.64","","-1.55%"
"2022- 07- 21","20.02","20.27","20.47","19.96","","-1.43%"
"2022- 07- 20","20.31","20.10","20.63","19.97","","-2.07%"
"2022- 07- 19","20.74","21.01","21.06","20.66","","1.02%"
"2022- 07- 18","20.53","21.48","21.50","20.53","","-7.02%"
"2022- 07- 15","22.08","23.08","23.63","22.01","","-5.32%"
"2022- 07- 14","23.32","23.51","23.64","22.86","","0.09%"
"2022- 07- 13","23.30","23.12","23.53","22.82","","-0.13%"
"2022- 07- 12","23.33","23.83","23.97","23.30","","0.00%"
"2022- 07- 11","23.33","23.24","23.62","22.93","","1.43%"
"2022- 07- 08","23.00","23.13","23.19","22.50","","-2.54%"
"2022- 07- 07","23.60","23.72","23.79","23.22","","-4.34%"
"2022- 07- 06","24.67","23.98","25.04","23.23","","8.53%"
"2022- 07- 05","22.73","23.43","23.52","22.53","","-5.57%"
"2022- 07- 04","24.07","24.16","25.07","23.96","","0.38%"
"2022- 07- 01","23.98","23.22","24.84","23.05","","0.33%"
"2022- 06- 30","23.90","23.00","24.00","22.75","","6.41%"
"2022- 06- 29","22.46","22.11","22.83","21.94","","5.89%"
"2022- 06- 28","21.21","22.13","22.29","21.21","","-5.73%"
"2022- 06- 27","22.50","24.37","24.40","22.01","","-6.02%"
"2022- 06- 24","23.94","25.34","25.44","23.87","","-7.64%"
"2022- 06- 23","25.92","24.57","26.53","24.09","","1.09%"
"2022- 06- 22","25.64","23.24","25.69","23.00","","9.57%"
"2022- 06- 21","23.40","25.54","25.54","23.40","","-11.26%"
"2022- 06- 20","26.37","26.25","27.68","25.66","","2.25%"
"2022- 06- 17","25.79","26.06","26.87","25.02","","8.73%"
"2022- 06- 16","23.72","22.34","23.80","21.66","","-2.27%"
"2022- 06- 15","24.27","23.70","25.98","23.39","","2.23%"
"2022- 06- 14","23.74","24.84","25.87","23.18","","1.89%"
"2022- 06- 13","23.30","21.22","23.85","21.09","","27.39%"
"2022- 06- 10","18.29","18.20","18.96","18.07","","7.59%"
"2022- 06- 09","17.00","17.31","17.47","16.81","","-0.58%"
"2022- 06- 08","17.10","17.71","17.84","17.10","","-5.52%"
"2022- 06- 07","18.10","17.92","18.33","17.62","","7.29%"
"2022- 06- 03","16.87","16.97","17.26","16.81","","-4.15%"
"2022- 06- 02","17.60","17.88","17.92","17.60","","1.97%"
"2022- 05- 31","17.26","17.78","18.07","17.26","","-2.71%"
"2022- 05- 30","17.74","18.67","18.67","17.74","","-5.64%"
"2022- 05- 27","18.80","19.20","19.31","18.73","","-5.58%"
"2022- 05- 26","19.91","19.39","20.20","19.29","","0.10%"
"2022- 05- 25","19.89","20.36","20.50","19.60","","-3.49%"
"2022- 05- 24","20.61","19.54","20.61","19.53","","6.02%"
"2022- 05- 23","19.44","19.60","19.84","19.24","","1.78%"
"2022- 05- 20","19.10","19.45","19.52","18.92","","-6.46%"
"2022- 05- 19","20.42","20.21","20.44","20.01","","10.98%"
"2022- 05- 18","18.40","18.24","18.74","18.20","","-3.46%"
"2022- 05- 17","19.06","19.73","19.73","19.02","","-5.97%"
"2022- 05- 16","20.27","19.94","20.88","19.94","","2.95%"
"2022- 05- 13","19.69","21.11","21.25","19.69","","-13.34%"
"2022- 05- 12","22.72","21.99","23.06","20.65","","7.68%"
"2022- 05- 11","21.10","21.76","22.19","21.02","","-4.57%"
"2022- 05- 10","22.11","23.05","24.09","21.85","","3.37%"
"2022- 05- 09","21.39","21.27","21.90","21.27","","2.49%"
"2022- 05- 06","20.87","21.21","21.23","20.40","","6.43%"
"2022- 05- 04","19.61","19.62","19.98","19.43","","-3.16%"
"2022- 05- 03","20.25","20.27","20.40","19.47","","-1.22%"
"2022- 05- 02","20.50","20.95","21.13","20.45","","8.35%"