Date,volume_btc,trade_value_krw,KOSPI_Volatility,USD_KRW
2024-01-12,25500.48719051,1591630622117.0742,16.77,1313.41
2024-01-16,11536.05824039,677673413676.8761,17.18,1331.5
2024-01-17,10605.981846390001,624169244528.4778,19.31,1344.23
2024-01-18,12094.239572819999,705053850931.2303,18.32,1338.73
2024-01-19,16856.2672982,960662809734.933,17.64,1338.53
2024-01-22,13598.823141010002,767109649101.7351,18.01,1338.25
2024-01-23,19178.58008636,1046135257973.3196,17.39,1333.76
2024-01-24,13025.119865050001,714580536739.5883,17.07,1337.74
2024-01-25,9498.40846178,523095969488.45667,16.92,1336.0
2024-01-26,13066.76438447,733199850858.1804,16.96,1336.08
2024-01-29,9384.903927989999,544949280734.88403,17.27,1335.5
2024-01-30,11582.50060934,684576562081.9808,17.11,1328.93
2024-01-31,10497.583926629999,619267961753.525,17.02,1334.9
2024-02-01,10116.89016116,591731222503.7118,16.79,1331.78
2024-02-02,11781.807426970001,694708175984.0281,17.79,1321.9
2024-02-05,8753.55641307,516562802508.43146,18.06,1330.98
2024-02-06,6331.985793510001,372624318112.8156,17.59,1326.83
2024-02-07,6715.43751712,397570648992.7481,17.62,1327.37
2024-02-08,8052.544837220001,490353855678.6106,17.24,1328.07
2024-02-09,12730.82209669,806889514304.73,17.5,1333.1
2024-02-12,9394.38565068,619146011728.5422,17.759999999999998,1331.37
2024-02-13,11798.994184160001,790378411442.9651,18.02,1327.88
2024-02-14,12470.29936637,858323550741.5278,17.98,1335.06
2024-02-15,12505.72319932,889994102554.5714,17.79,1333.84
2024-02-16,8228.273801379999,589939850827.7833,17.41,1334.96
2024-02-20,8219.4267265,591159123528.026,18.09,1337.25
2024-02-21,7047.79502064,505554808432.59204,18.5,1334.95
2024-02-22,5617.04571793,403146490121.78516,18.22,1328.71
2024-02-23,5274.10243455,376387269402.77,18.31,1328.71
2024-02-26,8064.81313246,581226701298.6343,17.94,1330.86
2024-02-27,15691.27265812,1209613494732.5278,17.16,1330.86
2024-02-28,24304.000576190003,2014318448385.1511,16.83,1336.02
2024-02-29,21386.71093094,1863219993461.5068,16.77,1336.19
2024-03-01,8904.03786972,775393928553.0767,17.049999999999997,1334.8
2024-03-04,15774.861580460001,1436767198181.4282,17.33,1331.29
2024-03-05,26574.45016074,2488024396708.391,17.13,1336.51
2024-03-06,17813.164638759998,1637887663905.698,17.25,1333.99
2024-03-07,7584.19963243,712512415120.5627,17.25,1324.3
2024-03-08,10160.11111224,971146388754.9148,17.25,1319.28
2024-03-11,16845.64165247,1673364035671.6743,18.05,1312.55
2024-03-12,10072.47812301,1016647330245.6814,17.8,1310.82
2024-03-13,9731.46689284,1002380349386.2589,16.93,1314.67
2024-03-14,12562.65998737,1292410956166.0374,16.51,1318.2
2024-03-15,22343.67636504,2211285171272.6216,16.83,1329.35
2024-03-18,7807.02342058,773892071693.8054,17.12,1333.59
2024-03-19,17219.28912998,1635923164486.3337,16.78,1338.28
2024-03-20,17436.04850521,1639989067184.7615,16.92,1339.02
2024-03-21,10101.81159989,982966527848.7682,17.53,1322.11
2024-03-22,8699.93725303,819881838099.4524,17.13,1338.14
2024-03-25,8993.069062909999,879929377905.877,17.35,1342.61
2024-03-26,7215.230216,720862572076.2053,17.34,1344.0
2024-03-27,8715.999056480001,871967716412.3866,17.14,1348.58
2024-03-28,6924.802158570001,694920661516.5383,16.88,1346.01
2024-03-29,5455.03128394,546096522887.1361,16.84,1347.08
2024-04-01,5859.01091483,584573660162.5438,17.13,1348.75
2024-04-02,10474.90721042,1014774855009.2262,17.1,1351.37
2024-04-03,5650.56368619,543587686923.27673,17.63,1348.5
2024-04-04,5518.80421616,537164839625.1734,17.2,1346.87
2024-04-05,4908.75409296,481829305797.1415,18.12,1352.58
2024-04-08,7060.25128565,716455927600.9979,18.16,1353.2
2024-04-09,5915.2593445,593429165885.5948,18.09,1354.8
2024-04-10,5529.481100880001,548022727100.85565,18.060000000000002,1349.05
2024-04-11,4134.56710985,416189415790.5017,18.03,1364.19
2024-04-12,5753.08117675,576434726822.7548,17.59,1374.74
2024-04-15,7476.63087305,730485127208.9741,18.45,1383.63
2024-04-16,8140.43698781,773348595417.8525,19.95,1393.92
2024-04-17,8759.01538675,814765814239.9371,20.02,1385.88
2024-04-18,7942.353780580001,729607709818.0872,19.42,1373.42
2024-04-19,11306.45998491,1046240047207.6122,21.22,1376.72
2024-04-22,4104.273971,393654928588.547,19.8,1381.84
2024-04-23,4202.04864032,404364995767.8102,18.93,1379.27
2024-04-24,4474.33512393,424676385118.537,18.02,1369.86
2024-04-25,5152.78430681,477448037512.05524,18.82,1369.86
2024-04-26,2807.41695879,259119691662.00723,18.32,1375.1
2024-04-29,5905.00125089,529300361770.4809,18.13,1377.35
2024-04-30,8928.5086383,790118169773.4214,18.14,1381.92
2024-05-01,18231.75267088,1511439925091.479,18.14,1386.95
2024-05-02,7668.52109729,631636491670.9182,17.88,1375.39
2024-05-03,9840.54241871,846021084700.8756,17.51,1363.04
2024-05-06,5018.446220039999,452229092753.9702,17.36,1358.81
2024-05-07,3888.3810248600003,346312395357.51794,17.21,1359.45
2024-05-08,4810.118624369999,419682827956.53906,16.46,1359.45
2024-05-09,4206.48778846,363262727866.04755,16.49,1369.74
2024-05-10,4493.2130432,390625431985.0132,16.29,1367.77
2024-05-13,3995.6257212,348406717684.29004,16.6,1367.91
2024-05-14,3618.28164024,314173174707.51715,16.73,1368.77
2024-05-15,6621.47698804,593101812170.977,16.355,1360.15
2024-05-16,4995.98233205,457291717258.70386,15.98,1345.15
2024-05-17,3851.86115573,353231330461.6583,15.98,1354.83
2024-05-20,5048.92931285,475676627679.8235,15.95,1356.0
2024-05-21,6499.41356373,629693830363.2987,15.85,1363.54
2024-05-22,3637.5832315000002,349020114350.10474,15.71,1362.36
2024-05-23,5279.92610162,501978719019.03015,15.22,1362.38
2024-05-24,3463.1123832999997,327134859426.67554,15.43,1369.02
2024-05-28,4217.163793199999,399658930626.5498,15.07,1357.65
2024-05-29,3101.59278464,292262230462.47864,15.66,1365.07
2024-05-30,3449.0166345099997,326146144860.736,16.82,1365.07
2024-05-31,2800.36929915,265886567132.4082,16.9,1385.43
2024-06-03,3494.02812138,336009491250.79926,16.69,1375.91
2024-06-04,3301.81186726,319209667597.8059,16.64,1375.96
2024-06-05,3638.82961719,357039805445.9116,16.56,1372.58
2024-06-06,2879.8443084,283901504198.29614,16.6,1365.45
2024-06-07,4118.41679589,405927787991.60333,16.64,1366.38
2024-06-10,1909.01851238,185946484330.72852,17.17,1375.71
2024-06-11,4951.76980957,470908520325.73706,17.16,1375.71
2024-06-12,4441.19493837,427552646620.74664,17.4,1378.01
2024-06-13,3085.6091803,294170040889.7084,16.52,1376.11
2024-06-14,2863.76314711,270038810377.5707,16.03,1378.96
2024-06-17,4061.35751407,377155900330.012,16.71,1380.5
2024-06-18,3908.21825958,359333576096.60846,16.34,1380.88
2024-06-20,2500.0879618,230789677276.77188,16.56,1384.38
2024-06-21,3635.39281715,328889995430.68463,16.52,1388.17
2024-06-24,8767.52057092,759840665598.3813,17.02,1389.17
2024-06-25,4864.33040456,419467349978.52356,16.98,1387.16
2024-06-26,2678.90694244,232911881607.27585,16.74,1388.65
2024-06-27,2445.42593034,211465533736.80676,16.57,1385.76
2024-06-28,2661.3819785899996,229236429498.9086,16.1,1376.55
2024-07-01,2821.48915664,249832869725.56757,16.05,1383.0
2024-07-02,1998.72630474,175735267203.56757,15.88,1386.55
2024-07-03,3598.86779853,308225637307.6948,15.55,1384.85
2024-07-05,12210.32692793,970017968908.6979,16.72,1379.87
2024-07-08,6649.5225654900005,531720212786.2892,16.81,1382.73
2024-07-09,3527.57805411,286354430465.87024,16.28,1383.39
2024-07-10,3869.11728175,319063202156.32916,16.08,1383.42
2024-07-11,3792.89137042,311482004165.4551,16.12,1370.85
2024-07-12,2713.33432888,219864768952.943,16.44,1374.9
2024-07-15,6309.72498592,555601062424.9523,16.47,1382.97
2024-07-16,7903.506711120001,707615598795.3584,16.34,1384.99
2024-07-17,4960.46735508,450977108443.3428,16.53,1380.61
2024-07-18,3501.50194725,315572104043.2257,16.79,1383.85
2024-07-19,5153.99889666,470317248526.895,17.27,1389.29
2024-07-22,3718.6611218099997,350751304959.8409,18.39,1388.71
2024-07-23,3892.47501634,363109547968.80457,17.47,1385.78
2024-07-24,3789.68269255,349633571660.2152,17.42,1379.4
2024-07-25,5095.552857629999,461239940253.49567,18.77,1380.57
2024-07-26,4046.2532310300003,380060433912.05945,17.98,1383.11
2024-07-29,5506.26469247,526604802228.7162,17.51,1381.93
2024-07-30,3785.07200725,352443371472.7637,17.78,1384.98
2024-07-31,3670.11448047,337773935468.899,17.51,1369.29
2024-08-01,6135.21552332,552503634970.2152,17.12,1368.5
2024-08-02,6183.87297045,552274495287.0085,21.77,1359.38
2024-08-05,29519.79098552,2261588577153.4443,45.86,1367.68
2024-08-06,10474.42466889,836933365562.3108,43.08,1377.4
2024-08-07,6453.54883447,517585956031.3888,30.17,1374.98
2024-08-08,8579.45436023,706255616997.0872,29.02,1376.94
2024-08-09,5285.45123513,450991452834.26764,26.53,1363.71
2024-08-12,6506.95467324,539273089010.5101,24.49,1369.87
2024-08-13,3682.55847374,307921451167.3372,23.64,1367.28
2024-08-14,4522.24982867,380420864296.7826,22.1,1355.35
2024-08-15,4876.90827108,399074185768.71936,21.0,1363.21
2024-08-16,3657.47593776,298082731638.3615,19.9,1354.34
2024-08-19,3504.1911921,283892020929.93677,23.22,1334.21
2024-08-20,4082.30506242,335162204590.429,21.03,1331.78
2024-08-21,3689.75962151,301208184420.4114,21.18,1333.74
2024-08-22,2886.57588483,237862530648.24658,21.16,1343.23
2024-08-23,5135.92505418,430662113785.2899,21.28,1327.56
2024-08-26,2859.38162779,244034301849.24747,20.96,1328.53
2024-08-27,4625.93211605,382967843441.6462,19.76,1330.9
2024-08-28,5306.92086792,428994970170.1363,19.38,1335.15
2024-08-29,3413.41837394,276750744332.9483,19.8,1332.02
2024-08-30,3770.2368813699995,302874352634.0754,18.81,1336.0
2024-09-03,3668.7857059299995,292338958685.923,19.73,1339.79
2024-09-04,6212.05391712,481152648978.38544,26.04,1336.93
2024-09-05,5394.505416419999,417383473327.3612,25.5,1335.14
2024-09-06,9366.58776208,703214540356.8215,26.81,1335.68
2024-09-09,5534.04669144,416905375949.9162,25.61,1342.16
2024-09-10,5317.87337244,410051999192.0358,23.84,1343.41
2024-09-11,5787.96206399,444766557118.5173,24.06,1340.59
2024-09-12,5230.36813115,408018571764.9071,21.73,1341.35
2024-09-13,4809.38211403,378986387362.0954,21.68,1329.26
2024-09-16,5302.26688134,418908489246.0366,21.8,1320.59
2024-09-17,5844.59593596,465732038143.00586,21.92,1323.81
2024-09-18,7102.08223169,575987758974.1697,22.04,1324.15
2024-09-19,10417.572882870001,864835131247.3298,22.16,1329.08
2024-09-20,6859.87433675,579722380732.1353,21.0,1333.66
2024-09-23,3643.99248054,310276875500.94434,21.49,1334.12
2024-09-24,2654.39607419,224906175796.0303,22.26,1330.0
2024-09-25,2511.47536394,213673843837.81485,23.91,1335.1
2024-09-26,3659.51867424,312215976005.3289,25.63,1314.78
2024-09-27,3321.41300666,287725507453.52295,25.4,1309.43
2024-09-30,4211.82162048,355098516495.44653,25.44,1314.94
2024-10-01,6975.25698373,580797064736.9982,25.665,1323.78
2024-10-02,7457.1090676700005,611573078171.5122,25.89,1321.53
2024-10-03,4642.00371178,380921372747.83984,25.865000000000002,1335.58
2024-10-04,4627.877416560001,383498001049.7281,25.84,1348.74
2024-10-07,5247.82894811,446686592717.39526,25.41,1343.75
2024-10-08,4094.5023648100005,346242549105.15765,25.62,1346.49
2024-10-09,3579.25810618,300172552407.44244,24.445,1346.04
2024-10-10,4881.412901690001,402556316061.3241,23.27,1350.77
2024-10-11,5206.78349518,431194183238.59424,21.99,1350.71
2024-10-15,10020.21665908,893380696491.9061,21.24,1365.17
2024-10-16,8047.30589863,732325319903.2,21.65,1363.76
2024-10-17,5114.54655483,468498800671.45325,21.09,1371.08
2024-10-18,5993.03258895,554164959911.6058,20.75,1369.65
2024-10-21,6899.04064909,643354157428.5696,20.9,1379.14
2024-10-22,5254.6850692299995,484967789692.7318,21.7,1379.22
2024-10-23,4309.50763881,397422155271.4075,21.54,1381.61
2024-10-24,5430.41396412,504680777967.477,22.09,1382.11
2024-10-25,6157.228465120001,578878415096.8557,22.12,1389.24
2024-10-28,5813.37199652,556560550064.5914,21.92,1385.57
2024-10-29,10015.81325099,992692937358.5255,21.44,1382.2
2024-10-30,7532.30766587,756451251812.5077,21.55,1378.41
2024-10-31,6389.4450371,636469300204.0732,22.65,1377.57
2024-11-01,9331.52004975,910333834885.8293,22.95,1376.95
2024-11-04,6665.1704634,635235960317.6411,22.83,1375.17
2024-11-05,8898.60204699,852324310653.7512,22.52,1380.26
2024-11-06,30022.55076711,3039076781631.146,20.72,1399.98
2024-11-07,10248.57827425,1061365969759.6146,19.77,1384.66
2024-11-08,9111.7666779,959247347803.7122,19.03,1396.69
2024-11-12,31368.109414990002,3875145291527.0264,21.62,1408.28
2024-11-13,19214.88655358,2424454188819.1567,24.86,1404.24
2024-11-14,19089.068796599997,2442154271959.1963,23.41,1402.77
2024-11-15,13064.489840490001,1645659184190.415,21.74,1397.42
2024-11-18,6782.961119310001,864467993470.0984,21.09,1394.28
2024-11-19,6627.57142692,853589647963.1584,20.01,1392.83
2024-11-20,7894.71502037,1034363188954.176,19.93,1399.51
2024-11-21,13459.67559617,1833292743417.3662,19.46,1401.0
2024-11-22,11340.28008004,1549506143439.0334,18.91,1405.49
2024-11-25,6724.20152769,897989430663.0599,18.59,1401.03
2024-11-26,9644.98054681,1252725958896.7756,18.5,1396.69
2024-11-27,5713.60863451,747235458457.0669,18.2,1391.14
2024-11-29,4403.87187631,592151795339.721,19.34,1396.99
2024-12-02,6826.131399260001,915370570611.5232,19.94,1406.13
2024-12-03,21300.86563468,2717275883442.5073,19.07,1427.83
2024-12-04,9417.213629630001,1275291738668.9873,21.34,1412.16
2024-12-05,17081.31102154,2419587629773.7104,20.73,1415.88
2024-12-06,8926.0920909,1234008402979.271,22.0,1422.4
2024-12-09,7357.26736297,1021829222208.9094,23.45,1430.05
2024-12-10,7803.67477236,1078695192111.0969,21.62,1432.6
2024-12-11,7365.7578429899995,1031757146246.8181,20.6,1428.5
2024-12-12,5571.61838219,798459553012.1378,19.91,1429.47
2024-12-13,3395.40730617,486793763840.68854,19.49,1434.82
2024-12-16,8752.59632314,1327286162799.2456,18.88,1437.86
2024-12-17,7922.31823448,1226518817743.0498,18.36,1436.16
2024-12-18,10525.09619783,1604134777408.6147,17.96,1438.13
2024-12-19,10847.69943325,1625185246459.2744,20.3,1446.06
2024-12-20,14863.266091700001,2148015039420.717,21.45,1444.52
2024-12-23,5880.45707125,842686334021.6005,20.07,1451.76
2024-12-24,5643.14306214,813072284139.8748,20.02,1457.36
2024-12-26,4419.6737307700005,643432111068.1597,20.49,1467.66
2024-12-27,4021.75284539,578901464063.9294,20.88,1470.4
2024-12-30,4786.58876217,662515711165.0818,21.14,1472.32
2024-12-31,4888.22788858,683224480426.0048,20.92,1477.86
2025-01-02,4021.1183616400003,574089591783.7344,20.7,1472.52
2025-01-03,3050.08436053,438866717201.64813,20.31,1470.0
2025-01-06,4426.57521524,651591793711.9384,20.71,1459.94
2025-01-07,5374.05843771,791164369624.7163,20.24,1452.42
2025-01-08,5632.1304122599995,805750182862.9786,20.2,1459.85
2025-01-09,4674.26612307,656671336017.8893,19.9,1459.23
2025-01-10,4238.0707165799995,600753060158.4514,19.92,1473.36
2025-01-13,5296.45711947,741628926849.6079,20.49,1466.87
2025-01-14,3500.64124332,501194492045.7468,19.25,1459.5
2025-01-15,4591.15545682,666947108371.5464,19.26,1456.5
2025-01-16,4318.11363256,631223148335.6401,18.14,1456.16
2025-01-17,6174.01716811,931480732263.936,17.68,1457.04
2025-01-21,6582.3988793299995,1020354409879.3427,18.3,1435.29
2025-01-22,3037.3257942399996,474632946854.13165,17.67,1435.77
2025-01-23,5833.03598432,904984701166.8615,17.79,1434.29
2025-01-24,4191.46758051,655851914785.9396,17.96,1429.17
2025-01-27,6608.64540975,1016912040414.3599,18.126,1433.83
2025-01-28,2562.8077865,398214068678.6487,18.292,1446.42
2025-01-29,2550.15208216,400893107105.572,18.458,1441.85
2025-01-30,3213.97963755,512112273279.971,18.624,1442.16
2025-01-31,2687.19505234,424782983670.689,18.79,1453.86
2025-02-03,13181.94797542,2004684322867.8333,22.08,1461.21
2025-02-04,5349.64812427,833187313279.9724,20.91,1451.02
2025-02-05,2802.7481928400002,429383129409.21497,20.06,1442.37
2025-02-06,2504.3611256,380992075821.0418,19.12,1447.05
2025-02-07,3947.1101256800002,594537405923.0607,19.29,1453.97
2025-02-10,2108.89083902,310943486832.4334,19.95,1451.0
2025-02-11,2202.74578545,324538841592.2582,19.28,1452.31
2025-02-12,3282.07771638,477453564591.6518,18.8,1453.49
2025-02-13,2052.68415749,299578235598.16504,18.03,1446.95
2025-02-14,1987.41992877,290160892125.75415,17.7,1439.89
2025-02-18,2326.20941901,334343930604.03595,17.88,1438.83
2025-02-19,1779.46244,254902420110.13986,18.49,1441.06
2025-02-20,1352.45905881,195365580345.17798,18.64,1434.71
2025-02-21,2313.68518477,334088192607.8844,18.64,1434.06
2025-02-24,5811.5399783600005,795919725958.5637,19.48,1429.77
2025-02-25,12352.04412546,1606145487757.8154,19.6,1433.79
2025-02-26,6441.6508785099995,811503144642.0344,19.93,1433.2
2025-02-27,5733.200172299999,714020150954.1858,19.32,1447.35
2025-02-28,10503.493653090001,1263570151607.69,22.86,1459.04
2025-03-03,10962.1631609,1499599742664.294,23.165,1456.49
2025-03-04,8171.98898729,1044689096292.7703,23.47,1458.46
2025-03-05,5448.75796774,722036111598.4221,22.17,1445.21
2025-03-06,5096.328103,688104376398.261,21.27,1447.34
2025-03-07,7160.71829198,939420649376.6577,21.97,1449.3
2025-03-10,7942.66864954,960309456736.5422,22.13,1456.74
2025-03-11,7894.9823859,940333601293.3323,24.08,1453.07
2025-03-12,4537.31158911,557247020186.068,23.08,1451.7
2025-03-13,3247.5130818400003,396299602072.94995,23.11,1455.76
2025-03-14,2847.3150466800003,348677382312.2976,22.0,1451.76
2025-03-17,1723.81147019,210912570727.1754,20.85,1444.71
2025-03-18,2262.18586259,274128141290.26273,20.41,1451.28
2025-03-19,2920.66531211,361006995933.37646,20.33,1462.15
2025-03-20,3070.59966763,386622812952.8385,19.6,1467.77
2025-03-21,1577.3891360500002,196142324783.25076,19.66,1466.49
2025-03-24,3118.4280741499997,401445399210.6019,19.68,1466.91
2025-03-25,2115.58982949,272562440665.94153,19.64,1465.32
2025-03-26,1866.5298384,240779719516.2789,19.67,1467.25
2025-03-27,1568.77154249,201645859909.43036,20.44,1463.9
2025-03-28,2294.24250346,290628323861.5061,21.18,1469.2
2025-03-31,2037.98482376,249829692344.82245,25.35,1474.44
2025-04-01,2221.6336466000002,276878752507.28455,24.21,1471.0
2025-04-02,3433.4993360099998,432970795286.02734,24.5,1462.06
2025-04-03,3225.8106786,399297466210.1017,26.09,1450.55
2025-04-04,3350.55950586,411058543349.03894,26.8,1457.76
2025-04-07,9718.2336043,1128111653563.26,44.23,1470.22
2025-04-08,3592.26146505,423276694684.2265,37.83,1477.97
2025-04-09,6477.31864245,758111620099.5225,40.97,1472.75
2025-04-10,3776.7341967700004,453970156926.0127,28.2,1450.37
2025-04-11,3038.9623268699997,364158976401.8307,31.47,1418.79
2025-04-14,2334.67448058,286617788869.51904,28.32,1422.56
2025-04-15,2306.73678161,285260757299.0194,24.48,1427.16
2025-04-16,2051.34823211,250526920959.69843,26.62,1415.24
2025-04-17,1359.87505288,166263690815.9929,24.59,1416.1
2025-04-18,758.44009633,92962548982.647,23.66,1423.49
2025-04-21,3136.54109271,392436725634.3318,25.08,1420.52
2025-04-22,4253.7333571399995,549587194349.69653,24.85,1425.0
2025-04-23,4133.7864074,551971610479.7996,22.74,1425.88
2025-04-24,2405.2255391500003,320874981183.76855,22.79,1432.97
2025-04-25,2728.33317117,370406943504.0803,21.43,1440.72
2025-04-28,2359.5950708600003,320812852674.37195,21.23,1436.31
2025-04-29,1767.70168839,241560579628.34277,20.7,1432.01
2025-04-30,1836.91610515,249706900536.34845,20.74,1425.68
2025-05-01,2349.19260614,324436244594.8369,20.835,1437.58
2025-05-02,2126.62990467,295691349718.3003,20.93,1398.89
2025-05-05,1946.00606877,261648652747.3058,20.956666666666667,1375.11
2025-05-06,1518.20442367,204625238031.21002,20.983333333333334,1377.15
2025-05-07,1876.5507217999998,257446652991.35736,21.01,1391.86
2025-05-08,4101.15071248,577196570517.7068,19.76,1403.61
2025-05-09,3514.26480261,506939549257.22754,19.48,1398.51
2025-05-12,3498.9260239,509596449187.0891,19.2,1417.77
2025-05-13,2383.97572813,346174517888.8795,17.86,1418.65
2025-05-14,1799.33120581,262083304420.46838,17.86,1398.83
2025-05-15,2362.89495204,342634995074.1881,18.29,1397.65
2025-05-16,1910.06301949,279488785294.5375,18.13,1401.19
2025-05-19,3482.19039874,514451516820.1036,19.69,1388.48
2025-05-20,2675.22553507,399408107945.6516,19.18,1393.36
2025-05-21,4096.65518235,617096924402.9241,19.48,1371.64
2025-05-22,4425.67022782,679864728823.3792,19.95,1381.55
2025-05-23,4344.61456763,662256185492.3851,19.59,1365.03
2025-05-27,2330.84103018,353701492874.54535,20.01,1375.85
2025-05-28,1663.0028861699998,250798923034.99863,20.67,1374.6
2025-05-29,2375.4677633700003,355477922612.32666,21.97,1371.75
2025-05-30,2886.90236598,426659521622.5753,22.55,1381.13
2025-06-02,1654.13057068,243814351922.10736,22.71,1376.42
2025-06-03,1338.93499805,197885601586.8001,22.37,1378.45
2025-06-04,1472.45270642,215690597121.43015,22.03,1364.16
2025-06-05,2938.8445531300003,422680985630.38684,22.49,1355.97
2025-06-06,1966.26692764,281812655535.3102,23.665,1360.28
2025-06-09,2023.2729932399998,298995257344.72595,24.84,1354.99
2025-06-10,1926.60252439,289004528746.0123,24.34,1367.55
2025-06-11,1492.8586763899998,224586783864.95856,22.77,1368.29
2025-06-12,2120.37746966,313497904174.7705,22.17,1356.47
2025-06-13,3061.05939797,443755455669.6358,24.91,1364.93
2025-06-16,1791.2051674099998,263792978478.25787,24.77,1357.55
2025-06-17,1949.7269575599998,285101744794.1,25.82,1370.29
2025-06-18,1318.17661921,191442389012.79947,25.78,1372.11
2025-06-20,1719.45431046,249288756927.75656,23.97,1372.45
2025-06-23,3278.2627532300003,466748395311.92896,24.76,1382.61
2025-06-24,2157.85535309,312936429626.4868,25.76,1359.0
2025-06-25,1778.8867591,261451032649.31277,25.69,1362.17
2025-06-26,1311.76728523,193399175933.3662,25.12,1355.64
2025-06-27,1073.268786,157699541698.58008,24.27,1360.72
2025-06-30,1275.49737067,187617060129.6573,23.99,1353.5
2025-07-01,1325.77247388,193099548172.07333,23.96,1358.06
2025-07-02,1779.73351056,261333717996.757,23.95,1356.9
2025-07-03,1872.8006610099999,278386885791.3327,23.96,1364.65
2025-07-07,1224.69928035,181417451070.48868,24.87,1369.6
2025-07-08,998.3804099500001,147788908821.6797,23.52,1372.74
2025-07-09,1875.8459790000002,280083890875.1797,21.85,1375.04
2025-07-10,3390.4853239100003,517812142518.1581,21.01,1373.37
2025-07-11,5034.992523909999,796073105604.2559,21.66,1375.37
2025-07-14,4770.1773291,784632537154.1951,22.56,1382.51
2025-07-15,4315.12639841,694306607387.1327,22.47,1385.39
2025-07-16,2547.11713138,411970054120.8784,22.27,1390.84
2025-07-17,3233.80607003,523317315305.1909,21.74,1391.04
2025-07-18,4009.72794384,650611241724.9777,20.5,1390.29
2025-07-21,2872.92165162,462219378051.57166,20.4,1381.22
2025-07-22,3786.96358711,609289476098.9673,21.22,1381.58
2025-07-23,2811.97735564,453362176954.5744,21.09,1375.38
2025-07-24,3152.49032557,507228871474.401,21.45,1371.0
2025-07-25,3717.26093958,591094436544.8923,21.68,1382.92
2025-07-28,1965.04115109,318896751087.77277,22.33,1388.21
2025-07-29,2026.48907375,330437712270.60486,22.34,1390.63
2025-07-30,1595.7590075500002,259898484501.0593,22.82,1391.58
2025-07-31,1939.8478511,316455213478.9245,21.85,1396.19
2025-08-01,3965.05525543,635060156012.3889,25.87,1388.34
2025-08-04,1526.52497747,244729110351.191,24.05,1385.71
2025-08-05,1657.54620875,264479860629.68634,22.31,1386.64
2025-08-06,1318.10728967,210469240563.31525,21.93,1384.64
2025-08-07,1976.3242805300001,318007831287.5004,21.08,1386.05
2025-08-08,1994.4479769,320792294204.28625,20.79,1389.7
2025-08-11,4478.3901133,740631162003.6505,20.34,1392.74
2025-08-12,2948.81674715,483731373757.0043,21.15,1385.4
2025-08-13,3500.6166997600003,578499516433.1392,20.11,1378.9
2025-08-14,5967.17938286,990577400341.7302,20.46,1390.59
2025-08-15,2047.22213719,336660825034.9575,20.915,1387.87
2025-08-18,2847.6372108,459022582585.22876,21.37,1387.34
2025-08-19,2802.22880603,447389743457.8806,21.5,1392.04
2025-08-20,2529.33767058,401295137262.8605,22.13,1397.7
2025-08-21,1609.83410138,255284216575.40546,21.38,1401.88
2025-08-22,4254.15824624,680630828442.5867,21.09,1381.71
2025-08-25,3895.2529927900005,610011493941.8949,20.1,1389.06
2025-08-26,3207.1190700899997,498349300033.8443,20.37,1393.52
2025-08-27,2095.97844865,326612001942.6444,19.97,1394.54
2025-08-28,1699.4235073300001,266527263019.14282,19.31,1384.85
2025-08-29,3832.54881432,588903416429.8188,19.52,1389.76
2025-09-02,2618.88099438,401978125464.6451,19.57,1394.76
2025-09-03,1535.67828329,237981515684.81866,19.74,1389.21
2025-09-04,1424.24020148,220292263952.84763,19.26,1394.8
2025-09-05,2396.78661747,374418433428.5801,18.43,1385.28
2025-09-08,1325.4309234,206272187247.41217,18.36,1386.29
2025-09-09,2003.8575253100003,312443132196.30786,18.7,1388.16
2025-09-10,2207.29296685,346216940828.3496,20.38,1386.97
2025-09-11,2214.45274098,351880107062.44226,20.06,1388.97
2025-09-12,2144.55783869,344335359414.9814,20.61,1394.06
2025-09-15,1954.87277106,313698946114.92456,20.71,1385.09
2025-09-16,1392.62811681,224257059096.21707,21.03,1381.49
2025-09-17,2180.0954184800003,352917836788.51746,21.1,1375.5
2025-09-18,2524.02355261,410218024972.8018,20.69,1388.51
2025-09-19,1825.87717844,296664991345.86523,20.68,1397.43
2025-09-22,4010.15654413,642185646263.5875,20.94,1392.4
2025-09-23,1654.02887887,264889410198.34186,20.98,1394.28
2025-09-24,1446.15249915,231616126415.73718,21.2,1404.7
2025-09-25,2545.52233153,406162176969.47595,20.62,1408.67
2025-09-26,2242.202552,355030161909.9336,21.77,1410.05
2025-09-29,2118.36944314,341588021420.7315,20.96,1399.76
2025-09-30,1893.12172099,307788385730.31726,20.62,1404.63
2025-10-01,3203.4847078800003,529241310214.1821,20.55,1402.45
2025-10-02,3583.27374268,605565664368.4556,22.34,1406.72
2025-10-03,2963.88571359,508237658549.19714,22.34,1406.16
2025-10-06,3344.30165982,593628432687.1066,22.34,1410.47
2025-10-07,4181.82463418,739233259231.9423,22.73,1413.12
2025-10-08,3315.96215851,588022237658.3917,23.119999999999997,1424.17
2025-10-09,3582.36400706,637564448729.2268,23.509999999999998,1423.68
2025-10-10,7406.169433149999,1284092311994.7832,23.9,1428.39
2025-10-14,3531.88563806,599744012956.7168,30.45,1429.91
2025-10-15,2346.41757141,397303448405.1144,27.66,1423.12
2025-10-16,3288.87387444,550799467407.1791,29.89,1416.07
2025-10-17,5866.049107299999,955037336138.6691,34.58,1421.89
2025-10-20,1991.1725240199999,330394312326.00507,30.9,1420.39
2025-10-21,2990.36393305,493011161405.7357,30.62,1430.58
2025-10-22,2005.6545144000002,328627827291.9212,29.98,1429.94
2025-10-23,1519.96736641,250173853883.1656,30.63,1437.25
2025-10-24,1989.76688948,330420393870.0669,31.29,1438.35
2025-10-27,2167.0291063,368499819068.3373,32.94,1432.72
2025-10-28,1707.05565918,288712991116.76276,33.24,1432.72
2025-10-29,2507.0545242,418289855234.4418,32.63,1420.83
2025-10-30,3111.99877517,510293810419.173,31.89,1430.45
2025-10-31,1646.21858542,270668181525.80133,30.4,1428.37
2025-11-03,4179.80411737,670856841543.8293,32.89,1430.65
2025-11-04,8154.90946374,1256259248772.9697,35.78,1440.22
2025-11-05,6679.63792444,1011187628816.7396,40.51,1440.95
2025-11-06,2630.36913408,404376731927.9448,40.2,1449.28
2025-11-07,3110.15573292,471435875884.31604,41.88,1461.07
2025-11-10,2530.0048420900002,396984495576.7709,39.75,1456.34
2025-11-12,1873.4575032399998,289666272692.157,36.1,1468.6
2025-11-13,3308.4743813699997,503794829390.3111,33.34,1465.32
2025-11-14,8130.069708620001,1190904633495.4094,36.66,1453.2
2025-11-17,4642.19471617,651537033798.6703,34.36,1459.71
2025-11-18,8358.764245780001,1131221673318.5366,39.26,1461.3
2025-11-19,3788.8943673699996,513689128728.9957,39.51,1467.69
2025-11-20,5179.9200489800005,694824881525.2058,36.28,1472.65
2025-11-21,11857.8096541,1499492914381.399,41.38,1470.84
2025-11-24,4103.38045241,540060207803.955,38.72,1475.94
2025-11-25,3024.27202319,397032436142.9243,37.16,1468.02
2025-11-26,2816.32890766,371303015964.0263,33.06,1468.39
2025-11-28,2664.83937384,365923870778.1223,30.24,1467.65
2025-12-01,6874.23974099,892494475094.4995,31.55,1467.79
2025-12-02,3947.15675388,521404620461.02576,29.73,1469.23
2025-12-03,4300.88891765,592932630551.6346,29.36,1465.94
2025-12-04,2352.98223117,325348096634.4749,28.4,1473.22
2025-12-05,2577.09636801,349637576254.8245,26.95,1472.83
2025-12-08,2076.40814977,281638511289.8188,27.33,1469.19
2025-12-09,2452.01637483,334132947167.42786,27.87,1469.48
2025-12-10,2538.30354052,349049840444.0575,27.64,1470.2
2025-12-11,2728.64224939,370064234784.6718,27.4,1471.38
2025-12-12,1884.8022846200001,256985014565.9986,25.05,1477.72
2025-12-15,2872.4624932300003,376542266581.5679,26.92,1468.62
2025-12-16,2934.80586606,378302289710.3126,28.37,1472.48
2025-12-17,2311.08453888,300906005230.4011,26.78,1475.05
2025-12-18,3361.43202482,435692514050.03046,27.86,1473.21
2025-12-19,3282.1529241999997,425624922648.43976,27.27,1477.26
2025-12-22,2277.07521327,302722843223.10034,27.19,1480.13
2025-12-23,1952.24979982,255870590606.0158,26.11,1481.45
2025-12-24,1874.24331626,242091020810.5018,25.99,1443.62
2025-12-26,1937.8906519500001,250254647461.8934,26.2,1441.16
2025-12-29,2443.12514537,313605531098.1478,27.48,1433.88
2025-12-30,1485.67666192,189731786311.65128,28.85,1439.42
2025-12-31,1202.42580157,154586533198.9026,29.725,1444.55
2026-01-02,1958.2166155,253809015570.94116,30.6,1444.45
2026-01-05,2746.25323331,370533766302.2085,33.03,1444.88
2026-01-06,2440.51570779,330961204691.17035,34.33,1446.93
2026-01-07,1934.3314271000002,259572970655.22427,35.57,1447.45
2026-01-08,1797.2929858399998,237731098800.5296,35.21,1452.15
2026-01-09,1232.54814192,164165213491.5187,34.16,1458.61
2026-01-12,1920.5646376,258494983003.21582,33.5,1467.08
2026-01-13,2510.6665647,343718098468.2321,32.52,1475.78
2026-01-14,2915.29034889,409076642349.5344,31.57,1464.29
2026-01-15,2231.45529711,316180134342.3691,32.39,1469.39
2026-01-16,1320.30195081,185874571893.85858,31.62,1474.05
2026-01-20,2805.62084384,377982117522.8563,34.56,1478.33
2026-01-21,2894.9111532899997,383644898271.927,35.58,1465.95
2026-01-22,1555.62734452,206869086481.04434,36.36,1464.34
2026-01-23,1414.44453336,187867046276.4228,34.09,1462.89
2026-01-26,2250.64122417,289767341061.17975,34.35,1441.49
2026-01-27,1673.07322665,216142158989.49512,34.81,1437.45
2026-01-28,1571.1491342900001,203513025852.5869,38.68,1436.06
2026-01-29,3451.8323365799997,435742087359.5143,38.92,1433.84
2026-01-30,5232.07604706,638256927237.261,39.58,1444.51
2026-02-02,5387.68003306,613732850817.9497,47.37,1452.03
2026-02-03,3826.66057936,434696628496.31995,50.14,1447.7
2026-02-04,4802.27223263,530310637221.9364,50.7,1459.24
2026-02-05,15068.24797521,1516850084089.4543,52.21,1463.13
2026-02-06,20959.77868781,2031732593663.809,51.48,1462.75
2026-02-09,4203.24074946,435898314685.4762,47.16,1458.12
2026-02-10,3475.8146669400003,356932680795.23425,42.0,1456.82
2026-02-11,5912.97000189,590636095956.252,38.88,1446.96
2026-02-12,4684.4240688499995,462319850820.857,40.51,1439.8
2026-02-13,4379.97510072,430771196790.3506,41.57,1442.9
2026-02-17,2237.0822190999997,224987194599.00076,41.9,1444.43
2026-02-18,2434.0953359200003,242663203868.53516,42.230000000000004,1445.15
2026-02-19,2382.5809463799997,234732309801.80103,42.56,1450.1
2026-02-20,2423.55553517,240859497018.1278,43.87,1445.97
2026-02-23,4545.42397046,438203293806.07916,46.34,1442.62
2026-02-24,4458.17602911,417262900045.3785,48.12,1440.45
2026-02-25,4805.62076065,463311498033.0887,49.57,1427.12
2026-02-26,3814.93545525,374403718162.9155,54.67,1433.32
2026-02-27,2865.43145588,277648792842.7378,54.12,1439.82
2026-03-02,4322.90990377,426372618790.9798,58.55,1439.8
2026-03-03,4240.2697821,423132785827.9535,62.98,1485.6
2026-03-04,6082.88206308,627797144237.8674,80.37,1462.7
2026-03-05,3769.4703999599997,398722737020.32056,73.71,1483.36
2026-03-06,2859.8742109100003,293863026356.55286,62.72,1482.98
2026-03-09,2808.41350108,280949725531.6853,71.82,1478.15
2026-03-10,2893.0087892499996,297101496454.7324,66.61,1465.29
2026-03-11,2113.58204012,216921429109.64597,63.19,1474.94
2026-03-12,1777.78269415,182454645592.42773,65.35,1491.81
2026-03-13,4117.96828243,434391724873.2151,60.76,1498.88
2026-03-16,4429.86266318,479125680825.2177,54.67,1493.01
2026-03-17,4149.04715199,456716137192.42676,52.6,1488.68
2026-03-18,3229.03955667,347550140024.5104,54.18,1500.19
2026-03-19,2975.85923152,310994413479.69385,55.47,1495.88
2026-03-20,1944.1472691899999,204017902839.03088,55.64,1504.15
2026-03-23,3633.71485674,379443465657.2344,62.8,1492.07
2026-03-24,1990.82552744,209155986974.0763,64.99,1496.95
2026-03-25,2122.45291266,225118554815.13678,61.5,1500.32
2026-03-26,2070.92230594,217435621181.84515,59.85,1504.57
2026-03-27,3615.3290610900003,368396864066.7539,60.6,1509.86
2026-03-30,1897.79713072,193306285545.5158,61.43,1518.7
2026-03-31,2451.00541908,251026457912.38385,61.48,1523.5
2026-04-01,1911.52619516,197397942707.353,61.65,1511.31
2026-04-02,2238.79621253,227877923749.32678,58.91,1509.54
2026-04-03,903.27178527,91587269457.60228,59.1,1510.17
2026-04-06,2085.6070599199998,217585184809.34564,59.64,1507.55
2026-04-07,2391.50538907,250592659113.18738,59.49,1501.86
2026-04-08,2667.9658302400003,283521307139.69226,57.7,1477.1
2026-04-09,1649.58155799,175345688065.18176,53.96,1472.92
2026-04-10,2071.33877754,222724500292.30023,49.58,1483.9
2026-04-13,2178.63153397,234182258171.54346,50.14,1486.94
2026-04-14,2896.6261600899998,318814069062.28424,49.87,1471.51
2026-04-15,1898.77795674,208859722989.07733,51.97,1474.41
2026-04-16,2132.4492919,234827678160.04092,50.47,1478.19
2026-04-17,3570.47940466,401374741164.5587,48.51,1461.66
2026-04-20,1925.45079974,214420137111.96246,50.32,1470.31
2026-04-21,1978.9659429099997,222643019757.12286,51.63,1478.52
2026-04-22,3304.62700923,380797233461.1227,52.12,1480.61
2026-04-23,2506.76813018,290422351460.46735,54.03,1479.19
2026-04-24,1834.83919691,212751152988.1047,53.56,1476.47
2026-04-27,2577.14620158,298699168049.6495,54.95,1473.4
2026-04-28,1870.04910294,213042875943.8476,55.0,1472.37
2026-04-29,1669.06700083,190362826747.0229,55.57,1487.69
2026-04-30,1371.46140958,155420639121.99823,54.34,1477.93
2026-05-01,1535.55737907,177200463645.0473,55.105000000000004,1477.22
2026-05-04,3338.87638865,393171373676.18713,55.87,1476.01
2026-05-05,2890.22150616,346364068594.32684,57.97,1478.41
2026-05-06,2538.96250652,304491106718.0182,60.07,1447.01
2026-05-07,2120.4656901900003,251741857841.8481,61.05,1453.85
2026-05-08,1475.15250243,174060395721.44055,60.53,1461.06
2026-05-11,2157.90937306,258043130840.92593,65.6,1469.91
2026-05-12,1652.26945982,197744041763.8029,70.14,1490.32
2026-05-13,2041.5370443800002,243022010471.4103,76.16,1490.11
2026-05-14,2175.03096463,258717999895.887,72.91,1491.75
2026-05-15,2397.9210698300003,285669167769.6002,74.71,1499.61
2026-05-18,2667.79349836,305597677887.5772,74.05,1494.67
2026-05-19,1491.12181642,170361800458.0703,72.51,1508.49
2026-05-20,1248.92817704,143334976049.72855,71.37,1498.77
2026-05-21,1166.7799984,134456201868.60785,71.33,1508.47
2026-05-22,1179.12309558,135288366576.59918,66.97,1517.33
2026-05-26,1722.82337499,196183205829.8072,68.09,1506.75
2026-05-27,2569.07179041,286114544630.1208,70.78,1498.28
2026-05-28,2899.0769617700003,314539947693.33777,71.6,1495.94
2026-05-29,1702.99364081,184923630102.53363,74.26,1503.96
2026-06-01,3580.14097293,380234615311.82306,74.22,1511.71
2026-06-02,5198.51133112,526437210776.1924,73.6,1517.4
2026-06-03,4065.9095402000003,399780160745.98914,73.52,1518.03
2026-06-04,5357.62297485,506373275840.63184,73.44,1531.91
2026-06-05,4303.8461192899995,401289814166.4147,73.44,1555.96
2026-06-08,2084.05731995,198247753101.04245,76.63,1528.23
2026-06-09,1880.9139481299999,176004910413.26538,91.23,1529.94
2026-06-10,1787.2962206500001,165379157030.82568,88.35,1519.26
2026-06-11,1481.67493651,139793298230.4482,87.3,1530.97
2026-06-12,1358.87907686,129966699501.69774,89.91,1518.87
2026-06-15,2412.62531051,239530069426.6232,87.85,1514.87
2026-06-16,1573.71848171,156538030942.16864,84.29,1508.12
2026-06-17,1582.99224061,155130167543.37573,79.65,1514.24
2026-06-18,1895.59148907,182695075605.01135,80.25,1540.64
2026-06-22,1437.48609401,139610249644.5363,87.36,1537.86
2026-06-23,1691.3562818999999,160738061279.631,89.41,1532.43
2026-06-24,2466.70861894,229063358933.88934,94.81,1542.53
2026-06-25,3381.92383861,308548805146.39374,95.09,1541.44
2026-06-26,2662.8850304899997,240516411082.7767,92.71,1533.44
2026-06-29,1760.32742731,159548840382.24823,96.94,1542.07
2026-06-30,1733.5689298,155993879411.29007,93.8,1548.78
