Date,Unique Addresses,Number of Transactions,Hash Rate (TH/s),Total Bitcoins in Circulation,Output Volume (BTC),Search Interest
2024-01-12,596693.0,375872.0,611297254.2857933,19596200.0,1449244.7128505434,61.13001533849552
2024-01-16,569684.0,470122.0,454834266.5816914,19600368.75,921548.5755652138,40.11657256588769
2024-01-17,647470.0,449415.0,440279570.0510773,19600887.5,1212120.662493968,36.29594660723171
2024-01-18,678147.0,484017.0,516691726.83680135,19601406.25,1135734.6767541606,38.206259586559696
2024-01-19,627719.0,460763.0,480304985.51026607,19602443.75,943842.375000512,38.206259586559696
2024-01-22,620801.0,457620.0,559487254.5869052,19605575.0,1101199.699350643,36.29594660723171
2024-01-23,600773.0,368462.0,538506482.5398962,19606618.75,975329.3845440864,40.11657256588769
2024-01-24,564400.0,372499.0,524519301.1752236,19607659.375,1109813.94372324,35.34079011756772
2024-01-25,573766.0,340188.0,632919956.7514365,19608700.0,1011347.0135909268,34.38563362790373
2024-01-26,683719.0,493218.0,531512891.8575599,19610265.625,1068360.6572443764,31.52016415891175
2024-01-29,697324.0,575203.0,545500073.2222326,19611831.25,914777.7265904124,29.609851179583767
2024-01-30,687547.0,523509.0,503538529.1282147,19612868.75,1131865.1352119178,31.52016415891175
2024-01-31,622142.0,444450.0,458080189.69302857,19613918.75,1364459.5450457225,29.609851179583767
2024-02-01,680097.0,413272.0,535009687.19872814,19614956.25,979837.4399123548,27.33303390553732
2024-02-02,691810.0,429732.0,676117474.0216229,19615993.75,855293.3445844336,28.42635526175881
2024-02-05,525379.0,281482.0,585504349.682417,19619112.5,848422.4388140986,27.33303390553732
2024-02-06,521338.0,278093.0,638049611.833403,19620156.25,931934.0951972706,27.33303390553732
2024-02-07,640781.0,427538.0,600517281.7255559,19621200.0,845276.0410852857,27.33303390553732
2024-02-08,547079.0,285101.0,517946155.488292,19622256.25,960367.871170754,32.79964068664478
2024-02-09,615935.0,334084.0,623036679.7902641,19623293.75,1044842.7979372652,40.45289018019523
2024-02-12,649038.0,409911.0,671828708.9304657,19625393.75,972033.8426406132,44.826175605081204
2024-02-13,589286.0,313178.0,506686456.4559378,19626431.25,1073805.9426457302,49.199461029967175
2024-02-14,586548.0,296717.0,521699388.4990767,19627468.75,1231205.9039881432,51.38610374241016
2024-02-15,612859.0,303306.0,605343973.9976323,19628512.5,977279.7990115772,50.29278238618866
2024-02-16,613011.0,312782.0,544386616.4219546,19629568.75,935832.0518549574,42.639532892638215
2024-02-20,638563.0,397096.0,572824723.2499672,19632693.75,999200.0462741652,37.17292611153076
2024-02-21,630339.0,369949.0,560636963.180819,19633737.5,1026772.2064864694,36.07960475530926
2024-02-22,642155.0,365090.0,548449203.1116709,19634781.25,915552.6325839016,34.98628339908777
2024-02-23,679759.0,409204.0,645951283.6648567,19635825.0,800371.3236551008,32.79964068664478
2024-02-26,620435.0,356184.0,540324029.7322387,19637962.5,971510.2018384472,41.54621153641672
2024-02-27,674490.0,387598.0,524073682.9733743,19639012.5,1246634.4317713974,65.59928137328956
2024-02-28,763915.0,413800.0,605325416.7676959,19640056.25,1541489.950014674,104.9588501972633
2024-02-29,772702.0,407090.0,540324029.7322387,19641093.75,1357774.0425646154,95.11895799126987
2024-03-01,771270.0,419284.0,608054004.3789,19642131.25,1184688.5218418953,66.69260272951105
2024-03-04,664743.0,361258.0,508849652.0134983,19644206.25,1219310.001088403,95.11895799126987
2024-03-05,772888.0,424347.0,658743347.9554589,19645243.75,1677292.222257344,109.33213562214928
2024-03-06,681667.0,381934.0,552239932.41775,19646281.25,1421341.484705191,84.18574442905494
2024-03-07,714978.0,436344.0,710022770.2513928,19647318.75,1244924.7770505026,66.69260272951105
2024-03-08,716770.0,426928.0,607463925.659525,19648356.25,1202203.516032886,67.78592408573255
2024-03-11,684136.0,394098.0,670577060.7929822,19651487.5,1357921.6182553242,90.7456725663839
2024-03-12,677201.0,341867.0,556184503.3635911,19652531.25,1382859.4734645602,80.90578036039047
2024-03-13,710767.0,390118.0,631131351.3345715,19653568.75,1627008.3209837596,76.53249493550449
2024-03-14,663447.0,329706.0,579720256.0482558,19654087.5,1276449.595494698,67.78592408573255
2024-03-15,749328.0,307904.0,529980321.6844611,19654606.25,1154363.7750182091,74.34585222306151
2024-03-18,673489.0,416270.0,600922569.4689952,19657731.25,961901.2760127294,56.85271052351762
2024-03-19,755218.0,463952.0,655172523.6571684,19658768.75,1101740.7936961667,69.97256679817554
2024-03-20,639266.0,361515.0,621787936.4644464,19659806.25,1108934.467963165,67.78592408573255
2024-03-21,611408.0,327642.0,500768807.8908293,19660325.0,871242.750582892,59.039353235960604
2024-03-22,679058.0,339533.0,563364908.877183,19660843.75,880810.1617420147,51.38610374241016
2024-03-25,623335.0,317064.0,550845688.6799122,19663987.5,1250324.7156639514,55.75938916729613
2024-03-26,648004.0,317742.0,559191835.4780927,19665025.0,1161761.7147320576,54.66606781107464
2024-03-27,637151.0,355902.0,567537982.2762733,19666062.5,986508.1232951462,50.29278238618866
2024-03-28,696012.0,428670.0,630675249.3060845,19666581.25,973794.8752496778,50.29278238618866
2024-03-29,659374.0,449421.0,595046224.9834774,19667100.0,923032.0879918452,49.199461029967175
2024-04-01,648777.0,326410.0,619839817.691122,19670450.0,1263750.226032886,47.012818317524186
2024-04-02,685496.0,357709.0,611575286.7885739,19671493.75,1089895.5793250247,56.85271052351762
2024-04-03,714141.0,372978.0,586781694.0809289,19672531.25,909993.117184391,47.012818317524186
2024-04-04,655509.0,320607.0,570252632.2758324,19673056.25,864699.4180967722,47.012818317524186
2024-04-05,643705.0,348637.0,611575286.7885739,19673581.25,962527.077391784,43.73285424885971
2024-04-08,685180.0,455617.0,652897941.3013152,19676693.75,982666.1872262182,51.38610374241016
2024-04-09,683771.0,453811.0,603310755.8860255,19677731.25,837041.0116765995,43.73285424885971
2024-04-10,703704.0,531054.0,626404079.729565,19678775.0,773781.9075290214,44.826175605081204
2024-04-11,631803.0,476241.0,566860609.5352726,19679812.5,814237.4967663351,45.9194969613027
2024-04-12,683741.0,448489.0,584038203.763614,19680856.25,798696.518338781,49.199461029967175
2024-04-15,666015.0,503358.0,605510196.549041,19682937.5,938408.6540706648,57.94603187973912
2024-04-16,743368.0,454669.0,708575761.9190906,19683987.5,1028539.245072605,54.66606781107464
2024-04-17,661886.0,385606.0,588332602.3206996,19685031.25,997095.9200815054,54.66606781107464
2024-04-18,670913.0,418095.0,622687790.7773827,19686075.0,989107.8511690224,61.22599594840359
2024-04-19,727141.0,393190.0,648454182.1198951,19687125.0,811798.4458473901,86.37238714149792
2024-04-22,534717.0,671771.0,652748580.6769805,19688359.375,694754.651477748,48.10613967374568
2024-04-23,441797.0,927010.0,721458957.5903468,19688881.25,734569.3476622122,41.54621153641672
2024-04-24,632356.0,606713.0,671772263.1512126,19689403.125,786167.0132848818,40.45289018019523
2024-04-25,633650.0,526242.0,630674365.8262494,19689921.875,623466.7653213254,39.35956882397374
2024-04-26,664327.0,442347.0,578118168.6740619,19690443.75,775414.5050077859,34.98628339908777
2024-04-29,603796.0,403064.0,573738485.5780463,19691225.0,772271.543126716,34.98628339908777
2024-04-30,635509.0,498085.0,617535316.5382024,19692006.25,951488.341027611,41.54621153641672
2024-05-01,587665.0,478881.0,578118168.6740619,19692525.0,885510.477641098,51.79677398336978
2024-05-02,528151.0,559839.0,635054048.9222649,19693046.875,737934.5485675323,40.919451446862126
2024-05-03,537019.0,442742.0,564979119.3860149,19693565.625,690669.3956427871,38.84758048752734
2024-05-06,466177.0,519817.0,534321337.7139056,19694603.125,672642.9736580598,35.73977404852515
2024-05-07,495831.0,372643.0,534321337.7139056,19695153.125,699999.1728698713,32.63196760952296
2024-05-08,514675.0,450856.0,556219753.1939834,19695671.875,666491.1822600901,32.113999869689266
2024-05-09,513026.0,517193.0,613867438.0566123,19695931.25,699636.2332559319,30.56009665018817
2024-05-10,474605.0,713791.0,599332437.5790136,19696190.625,707254.0318148361,33.66790308919036
2024-05-13,466123.0,554780.0,607599091.8904481,19697778.125,772143.4784021802,31.596032129855566
2024-05-14,458041.0,422043.0,562132493.1775575,19698296.875,693098.2529934052,30.56009665018817
2024-05-15,516619.0,493012.0,582799128.9561441,19698815.625,837756.1477849804,34.703838568857755
2024-05-16,494221.0,476659.0,586932456.1118613,19699081.25,884191.8645504088,34.703838568857755
2024-05-17,514199.0,573492.0,640665709.1361867,19699346.875,833209.9909068157,34.185870829024054
2024-05-20,482108.0,626995.0,644799036.2919042,19700921.875,806174.3340875941,35.22180630869145
2024-05-21,508542.0,545041.0,570399147.4889922,19701443.75,983217.5757719928,43.509290146030615
2024-05-22,491272.0,583279.0,632399054.8247522,19701978.125,766462.853981051,36.77570952819254
2024-05-23,533345.0,744761.0,706194547.0096976,19702500.0,650563.4271773113,35.73977404852515
2024-05-24,483309.0,736439.0,671140034.7624127,19703025.0,641425.4503193916,32.63196760952296
2024-05-28,448181.0,596790.0,562079779.1135205,19704590.625,1030833.9823394106,31.596032129855566
2024-05-29,449070.0,725428.0,574663654.7653158,19705109.375,717712.5177684043,30.56009665018817
2024-05-30,499634.0,510417.0,515938901.7236049,19705631.25,714630.5404810873,29.006193430687077
2024-05-31,528690.0,701471.0,620804532.1552316,19706150.0,850516.0998206746,27.970257951019683
2024-06-03,482689.0,769224.0,658556159.1106174,19707187.5,908664.9577310736,29.524161170520774
2024-06-04,492874.0,627980.0,562079779.1135205,19707706.25,856833.8320920762,31.07806439002187
2024-06-05,460473.0,562049.0,515938901.7236049,19708228.125,998685.739414939,35.73977404852515
2024-06-06,476121.0,613472.0,554910858.050012,19708746.875,775250.5133083627,32.63196760952296
2024-06-07,468301.0,263982.0,590944002.9609013,19709525.0,680416.2605223764,33.14993534935666
2024-06-10,473053.0,658037.0,578459270.5039809,19710303.125,679422.5458353678,29.524161170520774
2024-06-11,485989.0,463737.0,511874030.7337383,19710821.875,827148.9417821423,33.66790308919036
2024-06-12,483313.0,690560.0,607590312.9034619,19711340.625,674759.9275755116,31.596032129855566
2024-06-13,469602.0,731254.0,603428735.4178218,19711862.5,580183.9919652672,29.524161170520774
2024-06-14,475827.0,604349.0,532681918.1619392,19712643.75,729399.2524299124,30.56009665018817
2024-06-17,433551.0,441215.0,582620847.9896209,19713425.0,758472.3915369599,29.524161170520774
2024-06-18,484883.0,617202.0,632559777.8173028,19713946.875,821008.8260452361,32.113999869689266
2024-06-20,465205.0,532756.0,553323137.1046984,19714990.625,628069.2379212937,28.48822569085338
2024-06-21,514658.0,592843.0,582332779.002438,19715773.4375,690343.1010582402,27.970257951019683
2024-06-24,456565.0,528326.0,632247017.2026471,19716556.25,925990.5733968756,37.81164500785994
2024-06-25,441214.0,536347.0,515780461.4021594,19717078.125,623516.001908275,33.14993534935666
2024-06-26,476277.0,490817.0,503301901.8521072,19717343.75,715028.2460590538,27.970257951019683
2024-06-27,501018.0,414624.0,540737580.5022639,19717609.375,1233709.8578172876,27.452290211185986
2024-06-28,562499.0,593984.0,561535179.7523509,19718134.375,769974.2814501364,27.452290211185986
2024-07-01,650451.0,611062.0,586492298.8524554,19718915.625,664824.9094207407,29.006193430687077
2024-07-02,511492.0,592285.0,615608937.8025774,19719696.875,634181.7302529368,25.380419251851194
2024-07-03,503996.0,545044.0,603130378.2525251,19720215.625,737649.903165091,29.006193430687077
2024-07-05,510689.0,490537.0,481691507.2021622,19721259.375,985468.7603002188,44.027257885864316
2024-07-08,534832.0,593010.0,628324687.409103,19722834.375,935000.1551629842,36.25774178835885
2024-07-09,499299.0,654037.0,608566049.4402633,19723353.125,824292.2881126952,31.07806439002187
2024-07-10,460604.0,631745.0,537434952.7524403,19723612.5,844390.2236383794,30.56009665018817
2024-07-11,487442.0,642066.0,553241863.127512,19723871.875,797491.7239768648,33.66790308919036
2024-07-12,486027.0,658355.0,592759139.0651915,19724393.75,737689.7545291341,32.113999869689266
2024-07-15,482490.0,552901.0,604614321.8464954,19725959.375,949798.7348089383,35.73977404852515
2024-07-16,492843.0,529056.0,580903956.2838876,19726478.125,1134659.5369925136,39.36554822736103
2024-07-17,476281.0,615870.0,628324687.409103,19727000.0,829500.0765502488,33.66790308919036
2024-07-18,481360.0,445574.0,515102118.2359712,19727518.75,533194.4690520968,33.66790308919036
2024-07-19,510414.0,507940.0,599556361.5235602,19728301.5625,771739.4505843178,36.25774178835885
2024-07-22,504554.0,824999.0,730072032.0593011,19729084.375,815937.4946262932,35.73977404852515
2024-07-23,480641.0,838977.0,689285885.0168821,19729615.625,973410.9132304032,36.25774178835885
2024-07-24,484767.0,596458.0,571006058.5938667,19730137.5,745063.0967000404,33.66790308919036
2024-07-25,529053.0,719711.0,664814196.7914306,19730659.375,751925.9667200702,33.66790308919036
2024-07-26,529294.0,459067.0,652578352.6787051,19731181.25,601086.6006133643,34.703838568857755
2024-07-29,543529.0,826129.0,725993417.3550591,19732746.875,896257.3144037754,40.919451446862126
2024-07-30,500916.0,683096.0,611792205.6362859,19733271.875,972379.7669231046,29.524161170520774
2024-07-31,542141.0,562819.0,613215974.0238556,19733790.625,997889.2028141296,30.042128910354474
2024-08-01,550192.0,544430.0,630987879.9602102,19734315.625,788137.9786033568,32.64342538598085
2024-08-02,531291.0,410113.0,563382035.6787592,19735096.875,1120076.901190885,33.66353242929275
2024-08-05,572484.0,548857.0,703100780.5270916,19735878.125,1370350.9497311546,102.01070433119015
2024-08-06,502085.0,485173.0,630987879.9602102,19736396.875,978189.0008762768,54.06567329553078
2024-08-07,483579.0,380097.0,549860866.8224689,19736921.875,937516.4679963784,44.88470990572367
2024-08-08,541524.0,487399.0,581410260.8204794,19737187.5,859135.9292223909,39.78417468916416
2024-08-09,505594.0,396419.0,585917317.1059096,19737453.125,892589.6714940596,36.72385355922845
2024-08-12,459444.0,450024.0,617466711.1039201,19739012.5,833850.8439280546,33.66353242929275
2024-08-13,499256.0,579618.0,671551386.529081,19739534.375,896759.4993924444,32.64342538598085
2024-08-14,514603.0,504701.0,594742777.8026003,19739793.75,923991.5116174665,32.64342538598085
2024-08-15,517110.0,660924.0,690944705.8016886,19740053.125,714878.2601329201,33.66353242929275
2024-08-16,541657.0,575811.0,613213426.3989986,19740575.0,701799.7184806219,30.603211299357046
2024-08-19,479794.0,553394.0,561392573.463872,19742134.375,849720.353683547,29.583104256045143
2024-08-20,522795.0,717337.0,647760661.689083,19742653.125,830009.6634203588,31.623318342668945
2024-08-21,528523.0,687685.0,634805448.4553014,19743171.875,781119.8391507821,29.583104256045143
2024-08-22,529070.0,795102.0,690944705.8016886,19743690.625,765833.869082293,29.583104256045143
2024-08-23,531334.0,799839.0,708218323.4467307,19744209.375,896157.7622464913,32.64342538598085
2024-08-26,467689.0,600722.0,578666191.1089141,19745253.125,772019.2490151818,29.583104256045143
2024-08-27,500316.0,673811.0,613213426.3989986,19745775.0,1105505.3645173218,29.583104256045143
2024-08-28,507535.0,733530.0,703794017.3679069,19746300.0,998514.3397864904,30.603211299357046
2024-08-29,537264.0,524362.0,587091196.5963086,19746821.875,776508.8093392404,28.562997212733244
2024-08-30,572225.0,542101.0,631567802.399059,19747340.625,722284.1211368316,27.54289016942134
2024-09-03,532190.0,582751.0,662701426.4609846,19748934.375,981662.620964347,28.562997212733244
2024-09-04,517981.0,722736.0,671596747.6215348,19749468.75,939135.9779528662,29.583104256045143
2024-09-05,539154.0,721251.0,689387389.9426349,19750006.25,843929.2857137045,28.562997212733244
2024-09-06,541499.0,667267.0,644910784.1398844,19750528.125,909143.94937774,33.66353242929275
2024-09-09,484357.0,572398.0,644910784.1398844,19752096.875,900739.6685396094,30.603211299357046
2024-09-10,496236.0,568630.0,609329499.4976839,19752357.8125,1390978.7504865625,26.522783126109438
2024-09-11,485718.0,411402.0,495458846.64224994,19752618.75,1247406.4959816544,28.562997212733244
2024-09-12,543579.0,563521.0,700222814.5578787,19753137.5,1056147.749002315,26.522783126109438
2024-09-13,541521.0,419047.0,566627672.3067043,19753659.375,1159566.175678689,29.583104256045143
2024-09-16,508716.0,504540.0,575841130.3929921,19754700.0,936148.3291176588,26.522783126109438
2024-09-17,512792.0,539113.0,691009356.4715909,19755225.0,847849.2549602628,29.583104256045143
2024-09-18,503606.0,541476.0,635728607.9538636,19755753.125,824060.477294145,30.603211299357046
2024-09-19,534707.0,455707.0,562020943.2635604,19756275.0,878617.918176683,33.66353242929275
2024-09-20,555435.0,526390.0,667975711.255871,19757053.125,980010.4798542134,31.623318342668945
2024-09-23,518528.0,580102.0,672582440.299015,19757831.25,752214.3509765241,28.562997212733244
2024-09-24,517079.0,532220.0,667975711.255871,19758353.125,835934.2250878342,27.54289016942134
2024-09-25,513256.0,503460.0,657005311.2676694,19758881.25,816864.2504929238,26.522783126109438
2024-09-26,515965.0,474766.0,571298868.1801282,19759143.75,841504.9019745147,29.583104256045143
2024-09-27,549045.0,451723.0,602061114.928289,19759406.25,807629.0527876107,30.603211299357046
2024-09-30,513555.0,594224.0,602061114.928289,19760987.5,986218.9624079608,27.54289016942134
2024-10-01,626337.0,632894.0,689953248.4944626,19761509.375,901439.0871405172,29.583104256045143
2024-10-02,504061.0,590981.0,681164035.1378452,19762031.25,793759.0977704676,28.562997212733244
2024-10-03,522348.0,582777.0,694347855.1727712,19762556.25,885924.1692823414,26.522783126109438
2024-10-04,553982.0,561425.0,742688528.6341666,19763084.375,803081.1071951699,26.522783126109438
2024-10-07,495630.0,717700.0,681164035.1378452,19764128.125,999221.2514549243,26.522783126109438
2024-10-08,556194.0,719458.0,733899315.2775493,19764653.125,1068668.007048818,27.54289016942134
2024-10-09,479175.0,536887.0,574966972.3426994,19765171.875,812270.1903557988,31.623318342668945
2024-10-10,495077.0,746211.0,709250575.4670075,19765690.625,642151.5196266883,26.522783126109438
2024-10-11,474119.0,633252.0,640613423.0024583,19766209.375,639706.0537096191,28.562997212733244
2024-10-15,510964.0,646891.0,713826385.6313109,19767765.625,836341.90135389,26.522783126109438
2024-10-16,465015.0,708342.0,645189233.1667618,19768284.375,701874.9673499214,28.562997212733244
2024-10-17,529901.0,653027.0,718402195.7956142,19768803.125,592975.5383560109,25.50267608279754
2024-10-18,519056.0,474279.0,622310182.3452455,19769328.125,657453.9189112573,28.562997212733244
2024-10-21,482337.0,835011.0,782463538.0958601,19770893.75,660253.1279021731,27.54289016942134
2024-10-22,479204.0,700174.0,638125714.2515116,19771412.5,672533.2845571071,27.54289016942134
2024-10-23,496062.0,665187.0,718143298.2753785,19771931.25,531297.6086798153,25.50267608279754
2024-10-24,453818.0,681834.0,699119634.7449049,19772450.0,582509.7414604152,26.522783126109438
2024-10-25,585659.0,524014.0,727655130.0406153,19772968.75,580385.0656825635,25.50267608279754
2024-10-28,535356.0,702824.0,798993868.2798914,19774018.75,642718.4959970043,28.562997212733244
2024-10-29,580911.0,614981.0,746678793.571089,19774537.5,969730.0143010134,48.96513807897127
2024-10-30,553379.0,682099.0,803749784.1625097,19775059.375,914431.5387501168,39.78417468916416
2024-10-31,562550.0,562237.0,751434709.4537071,19775578.125,841843.8252213715,34.68363947260465
2024-11-01,556938.0,547888.0,727655130.0406153,19776103.125,778325.6280858238,32.13702296882801
2024-11-04,518020.0,456826.0,720519107.2542773,19777668.75,650259.0941658515,27.754701654896923
2024-11-05,548496.0,465286.0,702351988.6923242,19778190.625,733010.1056977672,30.676249197517652
2024-11-06,622567.0,501641.0,773092476.7620546,19778709.375,1268937.2231146365,115.40112793351878
2024-11-07,583392.0,553047.0,788251152.776997,19778970.3125,902154.558561996,71.57791479420786
2024-11-08,591256.0,497146.0,717510664.7072663,19779231.25,953404.9382482736,54.04862953848348
2024-11-12,702614.0,503677.0,737722232.7271894,19781321.875,1383872.6307425715,130.00886564662244
2024-11-13,636591.0,570979.0,697299096.6873435,19781843.75,1222908.3063392444,124.16577056138097
2024-11-14,587387.0,503566.0,641717284.6325549,19782103.125,1058121.4224924846,94.95029513517368
2024-11-15,619496.0,562223.0,757933800.7471123,19782362.5,928123.0808657724,71.57791479420786
2024-11-18,569926.0,673308.0,789177471.4803329,19783921.875,888920.8559166278,62.81327216634567
2024-11-19,547133.0,810805.0,889845955.1158988,19784443.75,943414.4744099808,64.27404593765603
2024-11-20,557265.0,664866.0,747470602.2973549,19784962.5,1010374.76069407,71.57791479420786
2024-11-21,666198.0,498512.0,732216100.2096539,19785481.25,1437644.971725258,106.63648530565659
2024-11-22,628962.0,540305.0,727131266.1804202,19786000.0,1074499.480550723,112.47958039089805
2024-11-25,593158.0,604870.0,859336950.9404964,19787040.625,1011844.1848499022,74.49946233682859
2024-11-26,568082.0,475689.0,706791930.0634853,19787562.5,966685.7978009495,71.57791479420786
2024-11-27,599701.0,462119.0,676282925.8880831,19788081.25,773633.5860690508,65.7348197089664
2024-11-29,551876.0,341781.0,615264917.5372787,19789125.0,704573.052100606,56.97017708110421
2024-12-02,578842.0,311811.0,649582756.2207783,19790168.75,924341.1490483156,58.430950852414576
2024-12-03,613585.0,439519.0,811042070.6273791,19790687.5,845685.3929371192,52.58785576717312
2024-12-04,606514.0,502912.0,759383340.0141702,19791209.375,855006.8286922212,61.352498395035305
2024-12-05,676971.0,512490.0,800710324.5047373,19791728.125,1458064.4692313098,146.07737713103643
2024-12-06,589966.0,414643.0,702558736.3396405,19792246.875,1058922.3147943672,89.10720004993223
2024-12-09,548218.0,403264.0,862700801.2405878,19793812.5,965813.9332878764,64.27404593765603
2024-12-10,637676.0,441944.0,795544451.4434165,19794073.4375,839573.4783076796,67.19559348027676
2024-12-11,617471.0,481168.0,733553974.7075658,19794334.375,858938.2981387884,61.352498395035305
2024-12-12,642365.0,474978.0,764549213.0754911,19794856.25,733417.2016895034,61.352498395035305
2024-12-13,622796.0,523585.0,878198420.4245505,19795375.0,738903.0206815624,52.58785576717312
2024-12-16,628257.0,412747.0,796354777.917631,19796934.375,944149.5981226348,74.49946233682859
2024-12-17,587955.0,419707.0,733677850.1420219,19797453.125,899983.4775437801,65.7348197089664
2024-12-18,583495.0,414366.0,776835370.7386113,19797971.875,863124.9377957653,64.27404593765603
2024-12-19,634202.0,437574.0,782230060.8131851,19798235.9375,941187.6699843898,70.11714102289748
2024-12-20,640920.0,398670.0,814598201.2606272,19798500.0,970347.569439368,81.8033311933804
2024-12-23,528563.0,292681.0,749861920.3657429,19800075.0,949013.5962306652,55.509403309793846
2024-12-24,543738.0,326570.0,712099089.8437271,19800593.75,657352.1819701063,56.97017708110421
2024-12-26,488028.0,298916.0,706704399.7691535,19801117.1875,603281.5561685289,54.04862953848348
2024-12-27,568492.0,348241.0,852361031.782643,19801640.625,649887.8516713751,51.12708199586275
2024-12-30,546526.0,374721.0,867710155.9849901,19803200.0,871546.387972725,49.66630822455239
2024-12-31,545227.0,312513.0,703991258.6293316,19803718.75,828260.9477125912,45.283986910621294
2025-01-02,536381.0,402440.0,911368528.6131656,19804756.25,634979.2361194293,51.12708199586275
2025-01-03,580296.0,409341.0,774936114.1501169,19805275.0,674687.3423459273,46.74476068193166
2025-01-06,552854.0,366260.0,725820444.9434196,19806318.75,737125.5617071895,52.58785576717312
2025-01-07,534903.0,352121.0,731277741.5219413,19806840.625,808630.969284022,54.04862953848348
2025-01-08,545474.0,399976.0,682162072.3152436,19807362.5,784665.2639107796,49.66630822455239
2025-01-09,551517.0,534013.0,829509079.9353366,19807884.375,750688.58405636,51.12708199586275
2025-01-10,555569.0,408769.0,774936114.1501169,19808406.25,916240.991515866,46.74476068193166
2025-01-13,527739.0,408248.0,702796044.3776932,19809443.75,641005.6302590541,49.66630822455239
2025-01-14,555702.0,352684.0,845551490.8919123,19809962.5,775592.483289918,45.283986910621294
2025-01-15,562243.0,354014.0,763192579.4414012,19810487.5,852579.1752953441,48.205534453242024
2025-01-16,552617.0,375439.0,702796044.3776932,19811006.25,902568.8484161457,45.283986910621294
2025-01-17,609681.0,425661.0,823589114.5051093,19811525.0,928946.3054353992,59.89172462372494
2025-01-21,576234.0,324412.0,730249014.861197,19813087.5,875424.5793068056,70.11714102289748
2025-01-22,563550.0,432369.0,823589114.5051093,19813606.25,794429.9219138741,56.97017708110421
2025-01-23,559393.0,326010.0,746720797.1512991,19814128.125,853792.9981274175,59.89172462372494
2025-01-24,555324.0,369243.0,768683173.5381019,19814646.875,704594.1043631484,56.97017708110421
2025-01-27,536813.0,332102.0,841602268.6110247,19815690.625,688610.6450814432,61.352498395035305
2025-01-28,526610.0,305953.0,795344639.2008113,19816212.5,535465.0216653026,51.12708199586275
2025-01-29,536882.0,355332.0,832962291.0549035,19816746.875,674853.8129454331,45.283986910621294
2025-01-30,563297.0,335134.0,779222788.4062003,19817265.625,640502.2747973717,43.82321313931093
2025-01-31,573440.0,328684.0,671743783.1087936,19817784.375,695031.4465801892,42.362439368000565
2025-02-03,594369.0,360484.0,822214390.5251629,19819343.75,876169.4756701029,72.34040706316878
2025-02-04,533329.0,308619.0,703987484.6980155,19819603.125,733042.3244044902,51.36168901484984
2025-02-05,549668.0,381126.0,773848838.1413299,19819862.5,703165.866151592,45.57445644979634
2025-02-06,556046.0,428326.0,779222788.4062003,19820381.25,621613.1045917249,41.9574360966379
2025-02-07,547121.0,498394.0,929693395.82257,19820903.125,540986.5617418498,40.510627955374524
2025-02-10,506614.0,359522.0,788864727.616627,19822490.625,577459.3863082707,34.723395390321016
2025-02-11,527971.0,337513.0,703735440.4637535,19822751.5625,596692.0503578433,36.17020353158439
2025-02-12,524479.0,386539.0,754813012.7554775,19823012.5,571134.6488628598,36.17020353158439
2025-02-13,554664.0,379906.0,896695158.0102665,19823534.375,599946.5143420058,33.99999131968933
2025-02-14,555378.0,346002.0,862643443.1491172,19824053.125,626832.528904628,33.99999131968933
2025-02-18,505135.0,422709.0,794540013.4268184,19826134.375,602417.8034707359,37.61701167284777
2025-02-19,504104.0,448569.0,715086012.0841366,19826393.75,646574.3940608707,33.27658724905764
2025-02-20,528372.0,480465.0,737787155.324903,19826653.125,712996.3413949646,33.99999131968933
2025-02-21,539520.0,459909.0,732111869.5147113,19827171.875,776218.8796220354,36.89360760221608
2025-02-24,502390.0,514086.0,714530229.8374169,19827950.0,797420.0605861305,34.723395390321016
2025-02-25,593036.0,497063.0,807968798.3546175,19828728.125,1342314.4878907008,67.27657856874697
2025-02-26,551544.0,403575.0,862932662.1882651,19829250.0,1304559.6801679595,57.87232565053503
2025-02-27,559897.0,325162.0,824457957.5047117,19829768.75,978750.8724108648,52.80849715611321
2025-02-28,639073.0,386183.0,857436275.8049003,19830287.5,959889.521638162,71.6170029925371
2025-03-03,574113.0,374224.0,824457957.5047117,19831843.75,918110.1340647176,66.55317449811528
2025-03-04,572405.0,304773.0,802472411.9712528,19832103.125,716490.7653132618,57.87232565053503
2025-03-05,553079.0,309176.0,736515775.3708757,19832362.5,637121.1964791361,49.191476802954774
2025-03-06,582749.0,370349.0,934385685.1720064,19832890.625,745382.9592287063,46.297860520428024
2025-03-07,575233.0,313588.0,780486866.4377937,19833409.375,794877.2781499162,60.042537862430095
2025-03-10,561710.0,446224.0,858547242.188255,19834965.625,793936.4406689026,62.21275007432516
2025-03-11,555242.0,376740.0,769347528.7141508,19835484.375,839354.3377643365,58.59572972116672
2025-03-12,537118.0,428828.0,852972260.0961236,19836006.25,728907.7670192188,45.57445644979634
2025-03-13,548028.0,532638.0,886422152.6489124,19836531.25,622082.5265915043,42.68084016726959
2025-03-14,558542.0,439189.0,791647457.0826768,19837314.0625,558307.4949914808,41.23403202600621
2025-03-17,511394.0,380493.0,780497492.8984137,19838096.875,565930.725139535,37.61701167284777
2025-03-18,520296.0,369237.0,791647457.0826768,19838615.625,573466.2977525638,37.61701167284777
2025-03-19,523412.0,441661.0,847397278.0039921,19839134.375,557514.7272005888,36.89360760221608
2025-03-20,538832.0,337973.0,791647457.0826768,19839653.125,594456.2227735356,35.446799460952704
2025-03-21,542213.0,321230.0,808372403.3590714,19840431.25,503425.7124816587,31.10637503716258
2025-03-24,542968.0,483673.0,870857131.0489082,19841209.375,550865.5085339503,36.17020353158439
2025-03-25,537123.0,505859.0,842582548.8719956,19841731.25,606946.8047962261,33.27658724905764
2025-03-26,551045.0,515068.0,859547298.1781431,19842250.0,584772.3104568687,33.27658724905764
2025-03-27,546963.0,437476.0,836927632.4366131,19842771.875,557973.8304889845,31.10637503716258
2025-03-28,555512.0,397685.0,870857131.0489082,19843300.0,688099.5094018162,29.659566895899204
2025-03-31,536233.0,318279.0,836927632.4366131,19844340.625,710598.7531346937,36.89360760221608
2025-04-01,577515.0,356323.0,763413718.7766403,19844865.625,572955.3409079915,35.446799460952704
2025-04-02,561041.0,399055.0,972645626.8857932,19845387.5,604393.7166311253,36.17020353158439
2025-04-03,576015.0,392043.0,859547298.1781431,19845912.5,669511.8752732129,44.85105237916465
2025-04-04,568203.0,429861.0,1017884958.3688536,19846434.375,585001.7853769639,41.23403202600621
2025-04-07,561612.0,309387.0,875826848.0097468,19847996.875,792091.204218502,67.99998263937866
2025-04-08,560881.0,363972.0,924148329.2792498,19848518.75,611653.2591485381,47.7446686616914
2025-04-09,553980.0,317312.0,791264255.7881161,19849065.625,790622.8431756304,51.36168901484984
2025-04-10,559681.0,322464.0,869786662.851059,19849326.5625,681608.0396443136,42.68084016726959
2025-04-11,574941.0,405030.0,893947403.4858105,19849587.5,668781.4973677787,39.06381981411115
2025-04-14,531419.0,441688.0,899987588.6444983,19851156.25,536097.8877530411,33.27658724905764
2025-04-15,547445.0,442899.0,869786662.851059,19851675.0,669078.3395093724,31.10637503716258
2025-04-16,543869.0,507129.0,893947403.4858105,19852196.875,536376.136132394,30.38297096653089
2025-04-17,545464.0,557181.0,924148329.2792498,19852715.625,745056.250151734,28.936162825267516
2025-04-18,515292.0,508733.0,821465181.5815556,19853234.375,532546.999969825,25.319142472109075
2025-04-21,493498.0,444986.0,771877846.401681,19854271.875,589521.3540403852,33.99999131968933
2025-04-22,569473.0,518267.0,949532271.367147,19854790.625,757426.9810193535,38.340415743479454
2025-04-23,546333.0,418203.0,698365670.5539016,19855050.0,961186.401919533,39.787223884742836
2025-04-24,569545.0,464739.0,863768066.2114046,19855309.375,754817.8051796644,33.27658724905764
2025-04-25,595179.0,392451.0,882146110.1733494,19855828.125,775016.1736633416,33.27658724905764
2025-04-28,513795.0,409765.0,863768066.2114046,19857387.5,702041.0722047687,30.38297096653089
2025-04-29,526876.0,467725.0,894398139.4813126,19857906.25,723115.9187372631,29.659566895899204
2025-04-30,558028.0,350729.0,808633934.3255703,19858165.625,661001.8623985085,28.936162825267516
2025-05-01,555979.0,331199.0,827011978.2875152,19858425.0,771855.5763600261,33.01273531967794
2025-05-02,613025.0,379268.0,974036329.9830736,19858943.75,765642.3131637236,29.776192641278143
2025-05-05,531867.0,402262.0,1036227714.9300332,19860512.5,815056.4046041573,28.481575569918224
2025-05-06,526919.0,332218.0,817139569.4876828,19861031.25,734327.5573693127,27.186958498558305
2025-05-07,559340.0,343011.0,894116485.453914,19861550.0,740016.233072401,27.834267034238263
2025-05-08,592201.0,373813.0,941486895.2792872,19862068.75,739797.9218478217,44.664288961917215
2025-05-09,603053.0,334543.0,828982171.944026,19862851.5625,841081.9863683009,44.016980426237254
2025-05-12,532368.0,378285.0,858588678.0848842,19863634.375,693884.7082989878,41.427746283517415
2025-05-13,534997.0,295785.0,769769159.6623099,19864159.375,754872.7891448047,37.54389506943766
2025-05-14,535430.0,326818.0,852667376.8567126,19864678.125,715424.2059721074,33.6600438553579
2025-05-15,540779.0,374153.0,864509979.3130558,19865203.125,757969.3030447084,29.776192641278143
2025-05-16,539053.0,363786.0,805296967.0313396,19865982.8125,635205.4907823753,33.01273531967794
2025-05-19,499650.0,585883.0,852722089.09428,19866762.5,648502.7812014524,34.95466092671782
2025-05-20,536030.0,569769.0,895055809.829457,19867281.25,705432.5311724665,34.30735239103786
2025-05-21,567751.0,422191.0,870865112.2664988,19867803.125,838198.9085360512,47.253523104637054
2025-05-22,612816.0,467803.0,907151158.610936,19868325.0,1035240.0950010672,62.14161942527612
2025-05-23,571289.0,444625.0,937389530.5646338,19868843.75,824826.2545425309,45.31159749759717
2025-05-27,508812.0,422984.0,852722089.09428,19870415.625,628902.9823142351,38.191203605117614
2025-05-28,546095.0,541153.0,991818600.08129,19870937.5,722724.0451447681,39.48582067647754
2025-05-29,542154.0,382859.0,961580228.1275918,19871456.25,598103.0205054352,38.838512140797576
2025-05-30,594597.0,396232.0,937389530.5646338,19871975.0,706212.2701788045,33.6600438553579
2025-06-02,516152.0,346488.0,839539043.1681639,19873546.875,768909.2633130939,30.4235011769581
2025-06-03,560813.0,358895.0,908974603.1294404,19874065.625,780151.3151040742,30.4235011769581
2025-06-04,545490.0,337037.0,795352777.73826,19874325.0,697810.5119017401,29.128884105598182
2025-06-05,562558.0,320509.0,845851366.801007,19874584.375,686312.9036390813,32.36542678399798
2025-06-06,543873.0,298643.0,845851366.801007,19875112.5,629079.951470367,34.30735239103786
2025-06-09,506842.0,361275.0,883725308.5980667,19876668.75,589885.2286426114,34.30735239103786
2025-06-10,558332.0,428797.0,1066782693.950524,19877187.5,730915.7998810044,36.24927799807774
2025-06-11,519320.0,347263.0,890037632.2309102,19877446.875,624882.1140116946,32.36542678399798
2025-06-12,549165.0,425413.0,934223897.6608136,19877706.25,536443.2880349864,32.36542678399798
2025-06-13,567837.0,351499.0,915286926.762284,19878225.0,652807.4046937252,34.95466092671782
2025-06-16,527740.0,361092.0,917456209.4405266,19879800.0,585225.3398115342,31.07080971263806
2025-06-17,518441.0,354536.0,741505703.5204258,19880059.375,688195.2913633096,30.4235011769581
2025-06-18,526045.0,441317.0,879752529.6005048,19880318.75,596873.9955871598,31.07080971263806
2025-06-20,543938.0,353459.0,948875942.6405448,19881359.375,570351.2337046771,28.481575569918224
2025-06-23,477910.0,290678.0,672382290.480386,19882400.0,654822.3552653106,36.8965865337577
2025-06-24,498971.0,279124.0,735221756.880422,19882918.75,695759.3952848705,31.71811824831802
2025-06-25,516000.0,387919.0,898604369.5205159,19883437.5,721359.9045471862,30.4235011769581
2025-06-26,540682.0,504341.0,986579622.4805664,19883956.25,667699.1387740835,27.834267034238263
2025-06-27,524379.0,335434.0,722653863.6004148,19884737.5,665074.4058684345,29.776192641278143
2025-06-30,521131.0,339268.0,843035679.3574839,19885518.75,629712.8133923857,27.834267034238263
2025-07-01,542508.0,325613.0,779081248.5096745,19886040.625,496490.18432779866,26.539649962878343
2025-07-02,572880.0,366147.0,889547992.701345,19886559.375,472110.4808360808,29.128884105598182
2025-07-03,571346.0,361041.0,877919914.3653797,19887081.25,608819.0590214231,32.36542678399798
2025-07-07,493343.0,360355.0,877919914.3653797,19888120.3125,548473.8132949722,29.128884105598182
2025-07-08,521277.0,354753.0,825593561.8535358,19889159.375,469316.7702688984,27.186958498558305
2025-07-09,542076.0,444726.0,953502423.549154,19889681.25,494786.5288705546,31.71811824831802
2025-07-10,605456.0,446575.0,994200697.7250328,19890200.0,717053.9185477694,47.90083164031701
2025-07-11,626638.0,408758.0,872105875.197397,19890718.75,1014511.5155499782,61.494310889596164
2025-07-14,598435.0,457360.0,910161831.228891,19892293.75,1058789.7662005092,64.73085356799596
2025-07-15,560371.0,418737.0,1029424416.010608,19892821.875,1146546.0169305694,47.253523104637054
2025-07-16,542511.0,399196.0,822284137.1792051,19893340.625,933749.894068417,45.95890603327713
2025-07-17,594592.0,433844.0,853669027.9112357,19893601.5625,1052314.9859595487,45.31159749759717
2025-07-18,580677.0,452162.0,903884853.0824848,19893862.5,850360.3020828036,47.90083164031701
2025-07-21,537794.0,384438.0,941546721.960922,19895431.25,898509.9178894432,44.664288961917215
2025-07-22,519024.0,421750.0,941546721.960922,19895950.0,714622.9821449821,40.1331292121575
2025-07-23,535701.0,366826.0,878776940.4968604,19896471.875,617736.3952790183,38.838512140797576
2025-07-24,528797.0,409736.0,922715787.5217032,19896731.25,654229.3980521291,36.24927799807774
2025-07-25,577530.0,427905.0,1004316503.4249831,19896990.625,1013683.5782366012,38.838512140797576
2025-07-28,529385.0,502252.0,919884194.7454996,19898568.75,642324.7873246894,36.24927799807774
2025-07-29,561483.0,350960.0,710531240.0792824,19899103.125,584862.5983274233,37.54389506943766
2025-07-30,554145.0,423333.0,869131963.3112651,19899365.625,630779.5062044684,40.1331292121575
2025-07-31,584264.0,485215.0,976980455.1090132,19899628.125,578499.096549739,38.838512140797576
2025-08-01,636772.0,400385.0,957948368.3211752,19900146.875,765015.4144213927,45.056676901723804
2025-08-04,542397.0,443301.0,1084828946.9067616,19901728.125,683513.1045117929,44.19020234592142
2025-08-05,569616.0,411399.0,875475992.2405444,19902246.875,609936.6882308437,45.056676901723804
2025-08-06,665517.0,496208.0,913540165.8162204,19902790.625,626958.1893022532,47.65610056913095
2025-08-07,634516.0,565200.0,1021388657.6139684,19903117.1875,605012.0557144006,47.65610056913095
2025-08-08,749938.0,474798.0,870485436.2761792,19903443.75,625050.3468525579,46.789626013328565
2025-08-11,552696.0,449633.0,945836287.6602162,19904821.875,751664.821442906,65.85206624098095
2025-08-12,543783.0,367063.0,881493683.0574806,19905187.5,705780.9945488264,59.78674435036428
2025-08-13,562007.0,441094.0,1003744631.8026783,19905553.125,722056.7894571378,68.45148990838808
2025-08-14,630373.0,484085.0,1042350194.56432,19906309.375,681476.7634372207,83.18155735702857
2025-08-15,555918.0,430405.0,862190901.6766596,19906906.25,586342.0757750145,73.65033724320237
2025-08-18,506163.0,478104.0,990876110.8821312,19907692.1875,639131.0125125209,64.98559168517856
2025-08-19,508055.0,412417.0,862190901.6766596,19908478.125,620388.0999313553,64.98559168517856
2025-08-20,534876.0,424869.0,907230724.8985746,19909168.75,582297.0673954702,53.721422459747615
2025-08-21,536698.0,447767.0,958704808.5807632,19909575.0,604109.254676697,53.721422459747615
2025-08-22,559414.0,459717.0,939585701.641628,19909981.25,698681.1002906404,55.454371571352375
2025-08-25,525919.0,482127.0,909080588.918406,19911400.0,671005.1794498428,56.32084612715476
2025-08-26,528702.0,456605.0,967107009.4876657,19911740.625,699871.7370252023,58.05379523875952
2025-08-27,526965.0,499276.0,967107009.4876657,19912081.25,610384.5115604041,46.789626013328565
2025-08-28,547915.0,575612.0,1025133430.0569257,19912781.25,643223.426013164,44.19020234592142
2025-08-29,597526.0,596157.0,1063817710.4364324,19913434.375,830138.1786032679,51.12199879234047
2025-09-02,544795.0,592659.0,1050922950.3099302,19915071.875,634897.7967018404,45.056676901723804
2025-09-03,541497.0,411173.0,883291068.6654017,19915793.75,649861.8140678566,45.056676901723804
2025-09-04,540435.0,395181.0,902633208.8551546,19916115.625,741396.2704583535,43.323727790119044
2025-09-05,587857.0,416432.0,957592801.73997,19916437.5,827999.3999852549,44.19020234592142
2025-09-08,511832.0,567934.0,1082012601.5468135,19917956.25,715120.6199971415,41.59077867851428
2025-09-09,549610.0,619514.0,1129350652.8644862,19918367.1875,780937.4586881245,40.7243041227119
2025-09-10,542027.0,643239.0,1149638389.1434891,19918778.125,718427.2933867492,49.38904968073571
2025-09-11,537753.0,598468.0,1014386813.9501374,19919490.625,628815.5797930686,41.59077867851428
2025-09-12,543345.0,396513.0,811509451.1601102,19920186.458333332,574095.4367425097,41.59077867851428
2025-09-15,549560.0,535154.0,1102300337.8258162,19920882.291666668,746401.2310722882,41.59077867851428
2025-09-16,546260.0,536633.0,1082012601.5468135,19921578.125,626967.7823163777,37.25840589950238
2025-09-17,517428.0,362913.0,865610081.2374508,19922340.625,601936.1926088387,39.85782956690952
2025-09-18,536964.0,448521.0,1087599379.141188,19922690.625,710660.2158870158,42.45725323431666
2025-09-19,553195.0,478312.0,1188749380.7897809,19923040.625,723340.8229278914,37.25840589950238
2025-09-22,515742.0,456797.0,1061383375.7051616,19924484.375,724557.0679832932,47.65610056913095
2025-09-23,506650.0,495947.0,1018928040.676955,19925153.125,689481.1988843825,44.19020234592142
2025-09-24,502339.0,522936.0,1082611043.2192645,19925515.625,670588.1639552381,38.99135501110714
2025-09-25,542099.0,431725.0,997700373.1628518,19925878.125,772546.74568175,42.45725323431666
2025-09-26,553168.0,419078.0,934017370.6205422,19926590.625,933690.1283560653,42.45725323431666
2025-09-29,521335.0,444460.0,990624483.991484,19928028.125,695379.6972354824,42.45725323431666
2025-09-30,561370.0,555361.0,1139218156.5902066,19928398.4375,775226.6309429874,41.59077867851428
2025-10-01,577245.0,473880.0,1076906913.283782,19928768.75,848503.9048079305,47.65610056913095
2025-10-02,595776.0,381586.0,1019764936.475331,19929481.25,880778.7601960052,50.25552423653809
2025-10-03,595427.0,387726.0,884796047.8241848,19930240.625,1005100.3447185644,50.25552423653809
2025-10-06,550307.0,431274.0,922287405.7828364,19931000.0,799146.4684620671,56.32084612715476
2025-10-07,561921.0,430492.0,1034761479.658792,19931348.4375,771697.5502499844,51.12199879234047
2025-10-08,546778.0,427474.0,1109744195.5760958,19931696.875,872410.8157620439,46.789626013328565
2025-10-09,543331.0,367782.0,899792591.007645,19932053.125,713397.5826106608,44.19020234592142
2025-10-10,584389.0,418155.0,989771850.1084098,19932409.375,750438.8877122811,54.58789701554999
2025-10-14,524219.0,562791.0,1267207899.0024335,19934462.5,1186614.214565393,57.187320682957136
2025-10-15,542831.0,480244.0,1079751109.2091742,19934873.4375,884969.5849917204,53.721422459747615
2025-10-16,556999.0,497400.0,1124278123.987008,19935284.375,855280.5148967869,58.05379523875952
2025-10-17,591614.0,480068.0,1159633832.2093213,19936084.375,1023520.4925027348,65.85206624098095
2025-10-20,507550.0,424653.0,1086700886.7873514,19937459.375,666590.8677033669,51.12199879234047
2025-10-21,538842.0,429039.0,1093994181.3295484,19937782.8125,850814.3175211211,51.12199879234047
2025-10-22,507518.0,489141.0,1115874064.956139,19938106.25,741174.0523794979,47.65610056913095
2025-10-23,527286.0,426260.0,1035647824.9919724,19938862.5,697241.3937912646,45.056676901723804
2025-10-24,546753.0,571212.0,1305499723.053261,19939602.083333332,667454.3568794368,43.323727790119044
2025-10-27,522563.0,507349.0,1072114297.7029574,19940341.666666668,761327.3711046356,45.056676901723804
2025-10-28,504390.0,524707.0,1181513715.835912,19941081.25,736003.6645435995,43.323727790119044
2025-10-29,517043.0,392028.0,929747081.658896,19941459.375,677013.4469705233,42.45725323431666
2025-10-30,540811.0,554058.0,1240553837.666823,19941837.5,803129.0048938744,44.19020234592142
2025-10-31,572374.0,460063.0,1085484607.9584696,19942606.25,831320.2267989283,41.59077867851428
2025-11-03,547702.0,447703.0,1100991530.929305,19943406.25,892146.3155463724,46.636408427842404
2025-11-04,582796.0,375984.0,1015703454.5897112,19944206.25,1183435.9396975115,65.29097179897937
2025-11-05,550413.0,396072.0,1069977684.9876348,19944595.3125,956066.0221673755,58.29551053480301
2025-11-06,534781.0,416278.0,1085484607.9584696,19944984.375,853294.6176951507,50.13413905993059
2025-11-07,569444.0,476245.0,1100991530.929305,19945687.5,955703.895702736,51.300049270626644
2025-11-10,526898.0,449593.0,1085484607.9584696,19946757.8125,778893.0625922807,44.30458800645029
2025-11-12,504920.0,451023.0,1086613750.3494294,19947828.125,826944.9627268527,45.47049821714634
2025-11-13,508310.0,439196.3333333333,1037279875.2625045,19948232.8125,926634.13988167,48.96822884923453
2025-11-14,511700.0,427369.6666666667,987946000.1755795,19948637.5,995029.7736064784,67.6227922203715
2025-11-17,515090.0,415543.0,938612125.0886546,19950090.625,1063425.4073312867,65.29097179897937
2025-11-18,517212.0,317239.0,1006737198.683799,19950451.5625,1343194.8854013595,83.94553517011633
2025-11-19,535320.0,361791.0,1037015009.17053,19950812.5,1173095.750588857,79.2818943273321
2025-11-20,545087.0,361895.0,991598293.4404336,19951215.625,1105598.272907236,80.44780453802815
2025-11-21,603204.0,413267.0,1142987345.8740876,19951618.75,1495590.690445274,116.59102106960601
2025-11-24,503446.0,400125.0,1082431724.900626,19953053.125,861686.3903758163,67.6227922203715
2025-11-25,513166.0,350825.0,870487051.4935104,19953409.375,784418.1586211621,66.45688200967543
2025-11-26,535443.0,477042.0,1241390229.9559624,19953765.625,830747.6217916952,62.95915137758725
2025-11-28,543603.0,511691.0,1113270480.6428328,19955031.25,824214.7451379896,57.129600324106946
2025-12-01,557926.0,402123.0,987099826.1699784,19956425.0,857329.0188231936,86.27735559150845
2025-12-02,546016.0,412650.0,942569006.9442656,19956770.3125,921558.1286885767,75.7841636952439
2025-12-03,542787.0,429624.0,979678022.9656932,19957115.625,900909.3132386192,65.29097179897937
2025-12-04,540083.0,414109.0,979678022.9656932,19957429.6875,646466.9202319597,58.29551053480301
2025-12-05,534245.0,356330.0,883194581.309981,19957743.75,709404.1136714809,47.802318638538466
2025-12-08,477476.0,580273.0,1098426874.2342618,19959231.25,784830.4224788058,50.13413905993059
2025-12-09,507794.0,448961.0,957412613.3528364,19959601.5625,776613.5305286378,50.13413905993059
2025-12-10,511694.0,550483.0,1150379496.6642606,19959971.875,914869.043547844,44.30458800645029
2025-12-11,513356.0,472857.0,1179902024.3226545,19960684.375,774147.1403805193,46.636408427842404
2025-12-12,537832.0,417151.0,1068190154.384884,19961388.541666668,702636.2816303715,44.30458800645029
2025-12-15,507663.0,423355.0,987155039.2246507,19962092.708333332,720504.6651691098,47.802318638538466
2025-12-16,507318.0,443734.0,1082923811.686744,19962796.875,780076.6131121261,47.802318638538466
2025-12-17,511367.0,446512.0,1016622353.828372,19963528.125,882040.6829878592,46.636408427842404
2025-12-18,518421.0,463881.0,1060823325.7339536,19963898.4375,829422.6159665472,51.300049270626644
2025-12-19,556166.0,434180.0,1068190154.384884,19964268.75,847888.2618509758,43.13867779575423
2025-12-22,497545.0,427277.0,1023989182.4793022,19965700.0,736001.7052159702,39.64094716366605
2025-12-23,520980.0,431004.0,1068190154.384884,19966079.6875,799108.3672970335,37.309126742273925
2025-12-24,513917.0,501255.0,1171325755.4979067,19966459.375,765373.1877687671,36.14321653157786
2025-12-26,477921.0,517078.0,1149714808.6043208,19967153.125,778018.1002545459,39.64094716366605
2025-12-29,516338.0,547262.0,1134974875.1606758,19968646.875,1036168.8939725592,38.47503695296999
2025-12-30,539847.0,369499.0,877026039.8968855,19969296.875,858830.5541154279,34.9773063208818
2025-12-31,547272.0,408137.0,980205574.0024016,19970043.75,974765.5469619614,32.645485899489685
2026-01-02,518434.0,458965.0,1061275207.9424502,19970790.625,814803.9986425253,37.309126742273925
2026-01-05,519989.0,409625.0,972835607.2805792,19971537.5,847703.8857780426,44.30458800645029
2026-01-06,517888.0,424895.0,958095673.836934,19972284.375,758263.2373222283,38.47503695296999
2026-01-07,485087.0,425191.0,1083385108.1079175,19972925.0,802197.7068646976,37.309126742273925
2026-01-08,476585.0,334415.0,965289669.1289088,19973256.25,652362.4516715948,37.309126742273925
2026-01-09,512937.0,355655.0,1033929118.9983668,19973587.5,746111.0372672776,33.81139611018575
2026-01-12,469584.0,411249.0,1033929118.9983668,19975018.75,625218.6308940707,34.9773063208818
2026-01-13,489392.0,336329.0,982960782.146335,19975348.4375,1006580.5513855662,37.309126742273925
2026-01-14,501548.0,324327.0,902867681.3788556,19975678.125,1068823.7305893258,40.8068573743621
2026-01-15,516730.0,374223.0,1012085546.0617816,19976365.625,1033477.6358341476,39.64094716366605
2026-01-16,517080.0,361943.0,946554827.2520258,19977431.25,789177.0023771004,37.309126742273925
2026-01-20,466340.0,383148.0,968398400.1886111,19978496.875,855542.7916943477,41.972767585058165
2026-01-21,503455.0,428195.0,997523164.104058,19978889.0625,801480.8111622838,39.64094716366605
2026-01-22,478520.0,464040.0,1163912656.954194,19979281.25,772841.5469608168,37.309126742273925
2026-01-23,500192.0,436563.0,985930374.4704596,19979993.75,914813.6504101042,34.9773063208818
2026-01-26,465362.0,402432.0,873252617.3881215,19980706.25,731844.4203038744,40.8068573743621
2026-01-27,475414.0,362327.0,859167897.7528292,19981353.125,713254.8186764895,38.47503695296999
2026-01-28,485652.0,336095.0,774659579.9410756,19981701.5625,731729.753518935,36.14321653157786
2026-01-29,521611.0,428725.0,901422056.658706,19982050.0,803319.5571602333,48.96822884923453
2026-01-30,580888.0,380796.0,922549136.1116446,19982760.9375,976070.0602037568,55.96369011341089
2026-02-02,521176.0,357323.0,830998458.4822448,19983471.875,1193527.4833413302,76.58745357710399
2026-02-03,550746.0,435461.0,929591495.9292908,19984084.375,1187576.4870021674,67.88433385243307
2026-02-04,532371.0,411218.0,1000015094.105752,19984457.8125,1166001.434789569,69.62495779736726
2026-02-05,619296.0,384550.0,894379696.8410602,19984831.25,1898810.288821851,153.17490715420797
2026-02-06,646236.0,410157.0,1021142173.5586904,19985570.833333332,1734627.4722749344,174.06239449341814
2026-02-09,481228.0,402013.0,1019852322.0010468,19986310.416666668,1103310.3329839911,74.8468296321698
2026-02-10,486763.0,385928.0,900973830.4794524,19987050.0,951230.1614807243,66.14370990749889
2026-02-11,490231.0,455182.0,982311745.73107,19987712.5,937444.4147898792,76.58745357710399
2026-02-12,504187.0,484938.0,1107446999.964327,19988103.125,895812.5123602292,66.14370990749889
2026-02-13,521603.0,529750.0,944771169.4610924,19988493.75,796849.4329392576,62.66246201763053
2026-02-17,446864.0,659135.0,1032365847.4243728,19989879.6875,765420.1043560333,50.47809440309126
2026-02-18,454158.0,507143.0,957284694.8844184,19991265.625,742192.376582318,48.73747045815708
2026-02-19,473222.0,512501.0,1020622252.4872998,19992056.25,739025.5795732432,46.9968465132229
2026-02-20,493761.0,413542.0,983397435.876668,19992753.125,930292.6561591718,45.25622256828871
2026-02-23,458764.0,453671.0,1062356354.0857432,19993450.0,753889.3267632986,57.44059018282798
2026-02-24,501015.0,566873.0,1184383773.1361327,19994171.875,989083.0758845336,57.44059018282798
2026-02-25,509923.0,485381.0,1119781021.874162,19994843.75,1061990.20480807,53.959342292959626
2026-02-26,521846.0,425509.0,1004931686.2973248,19995220.3125,997676.891917111,50.47809440309126
2026-02-27,549158.0,415510.0,1012109769.7708768,19995596.875,802982.2366525223,52.21871834802544
2026-03-02,515250.0,422366.0,976219352.4031156,19996975.0,838682.932739344,62.66246201763053
2026-03-03,504537.0,381186.0,961863185.4560106,19997326.5625,811376.1325293232,57.44059018282798
2026-03-04,516794.0,377812.0,933150851.5618018,19997678.125,970657.608921768,57.44059018282798
2026-03-05,522467.0,464513.0,1192841923.7049837,19998381.25,833310.7563178254,57.44059018282798
2026-03-06,531723.0,442642.0,1052672432.0364788,19999098.4375,837959.4356033271,50.47809440309126
2026-03-09,468702.0,415576.0,994991750.8290006,19999815.625,725766.9979570974,53.959342292959626
2026-03-10,484745.0,381301.0,994991750.8290006,20000528.125,819118.5083039444,46.9968465132229
2026-03-11,475423.0,401926.0,1002201835.9799352,20000915.625,714908.2143845198,43.515598623354535
2026-03-12,496301.0,449282.0,930100984.4705876,20001303.125,715223.3380213159,43.515598623354535
2026-03-13,525035.0,399857.0,872420303.2631093,20001970.3125,761439.71975575,46.9968465132229
2026-03-16,477639.0,405364.0,901260643.8668482,20002637.5,943913.3090156264,48.73747045815708
2026-03-17,488604.0,372893.0,915680814.1687176,20003359.375,808132.3337681588,45.25622256828871
2026-03-18,472748.0,441086.0,1002201835.9799352,20003679.6875,770001.1028263333,46.9968465132229
2026-03-19,486162.0,442571.0,966151410.2252612,20004000.0,638206.3944732521,45.25622256828871
2026-03-20,496098.0,423312.0,958881917.8174204,20004978.125,654603.7156457596,52.21871834802544
2026-03-23,476303.0,540923.0,1064142948.360755,20005956.25,699206.7617552384,45.25622256828871
2026-03-24,460523.0,382745.0,831361678.4068401,20006304.6875,709887.2758503245,40.03435073348617
2026-03-25,501248.0,514820.0,1017586694.3699718,20006653.125,691480.8570040257,41.77497467842035
2026-03-26,491918.0,629007.0,1097397415.4970288,20007368.75,754796.9113293219,40.03435073348617
2026-03-27,507433.0,664609.0,1010935800.9427172,20008083.333333332,831740.415680567,48.73747045815708
2026-03-30,459981.0,532760.0,904521506.1066417,20008797.916666668,826612.1484346661,52.21871834802544
2026-03-31,485131.0,523751.0,904521506.1066417,20009512.5,764466.326108077,45.25622256828871
2026-04-01,527189.0,683419.0,1077444735.2152646,20010271.875,660117.118000317,41.77497467842035
2026-04-02,505693.0,508404.0,964379546.951934,20010620.3125,871504.38238046,40.03435073348617
2026-04-03,498568.0,459037.0,898750099.8899364,20010968.75,640794.1503572142,36.55310284361781
2026-04-06,447163.0,465261.0,884234327.0715194,20012375.0,602231.6032533034,45.25622256828871
2026-04-07,480114.0,538981.0,953315133.8739818,20012765.625,841917.659089358,43.515598623354535
2026-04-08,489051.0,558574.0,1022395940.676444,20013156.25,768962.4655570782,46.9968465132229
2026-04-09,484467.0,586158.0,994763617.9554594,20013532.8125,710837.931920985,41.77497467842035
2026-04-10,507681.0,448495.0,863510085.0307804,20013909.375,782677.3136501362,41.77497467842035
2026-04-13,454902.0,641052.0,1022395940.676444,20015356.25,800470.9252456812,38.29372678855199
2026-04-14,491023.0,610515.0,1132925231.560384,20015737.5,1033682.532575698,43.515598623354535
2026-04-15,470280.0,465753.0,863510085.0307804,20016118.75,815890.0492993786,40.03435073348617
2026-04-16,495979.0,630320.0,1050028263.3974292,20016856.25,845560.130677797,40.03435073348617
2026-04-17,521678.0,552747.0,968172577.6598403,20017570.3125,896522.3109313863,55.699966237893804
2026-04-20,464309.0,547526.0,876259523.4853154,20018284.375,993862.5706417478,36.55310284361781
2026-04-21,478903.0,537497.0,909961812.8501352,20018987.5,936111.2011884672,36.55310284361781
2026-04-22,493157.0,542847.0,882999981.3582796,20019331.25,985555.6121752082,40.03435073348617
2026-04-23,490574.0,450825.0,815595402.6286399,20019675.0,850922.3472511319,43.515598623354535
2026-04-24,506108.0,589597.0,1004328223.0716304,20020390.625,1090364.3555603814,36.55310284361781
2026-04-27,465611.0,580030.0,930183186.4690272,20021106.25,750687.7786066815,34.81247889868363
2026-04-28,472688.0,566274.0,936923644.3419912,20021821.875,833428.750087962,33.071854953749444
2026-04-29,482542.0,383942.0,856038149.8664234,20022481.25,790125.6715432041,33.071854953749444
2026-04-30,509941.0,409874.0,943664102.2149549,20022826.5625,838690.4654328697,34.81247889868363
2026-05-01,541560.0,593987.0,1064992343.928306,20023171.875,938241.342311199,35.234154848034606
2026-05-04,485657.0,567996.0,981197688.9785694,20024640.625,902244.7299545832,35.8747758452716
2026-05-05,508713.0,585611.0,987782908.3676876,20024993.75,874548.6194185915,38.43725983421957
2026-05-06,498493.0,526789.0,928515933.865626,20025346.875,771662.1302452935,45.48409080382649
2026-05-07,497326.0,531108.0,935101153.2547442,20025987.5,780559.218842086,40.99974382316754
2026-05-08,506524.0,581936.0,968027250.2003336,20026728.125,717050.1096048666,44.843469806589496
2026-05-11,457665.0,772122.0,1086561199.204456,20027468.75,765312.1701029042,37.79663883698258
2026-05-12,476383.0,587513.0,882419398.1418005,20028209.375,714403.5157720968,36.51539684250859
2026-05-13,485900.0,620400.0,915345495.0873904,20028975.0,785360.5852430944,35.234154848034606
2026-05-14,489856.0,684549.0,994368127.7568054,20029323.4375,809553.6581834825,37.15601783974559
2026-05-15,525031.0,618617.0,963695673.6867332,20029671.875,780455.2158948757,35.234154848034606
2026-05-18,474167.0,600874.0,950708405.57067,20031165.625,741629.0473852009,35.8747758452716
2026-05-19,469682.0,618114.0,964289954.2216796,20031554.6875,775477.9899422341,35.234154848034606
2026-05-20,473582.0,676439.0,1032197697.4767272,20031943.75,641105.8921167805,30.749807867375658
2026-05-21,484958.0,538509.0,862428339.3391081,20032276.5625,626082.5021439278,30.749807867375658
2026-05-22,547131.0,708628.0,1059360794.7787468,20032609.375,774187.097278707,33.95291285356062
2026-05-26,464460.0,627380.0,943917631.2451652,20034781.25,740481.3461459216,32.031049861849645
2026-05-27,474906.0,645768.0,950708405.57067,20035121.875,913348.760122134,33.95291285356062
2026-05-28,490956.0,779340.0,1100105440.7317753,20035462.5,1054569.9712650331,38.43725983421957
2026-05-29,518522.0,648318.0,959580184.8628848,20036243.75,860661.5609288147,35.8747758452716
2026-06-01,508084.0,558154.0,932513615.5806334,20037631.25,898791.4470575713,37.79663883698258
2026-06-02,501194.0,438817.0,759825908.9916271,20037940.625,1152723.8875062512,53.171542770670406
2026-06-03,515383.0,424362.0,746010892.4645066,20038250.0,1029535.221005547,49.96843778448544
2026-06-04,538439.0,588281.0,980866173.425555,20038579.6875,1020537.8105485754,55.734026759618374
2026-06-05,557607.0,569981.0,932513615.5806334,20038909.375,1091716.9234948244,64.06209972369929
2026-06-08,457079.0,580206.0,877253549.4721516,20040275.0,789416.9016723701,46.124711801063484
2026-06-09,466012.0,573287.0,856531024.6814705,20040625.0,767543.8887483565,42.92160681487852
2026-06-10,478720.0,567680.0,870346041.2085911,20040975.0,756179.2365444488,41.640364820404535
2026-06-11,487498.0,637515.0,932513615.5806334,20041310.9375,756757.5969732985,42.28098581764153
2026-06-12,515594.0,647883.0,1015403714.743356,20041646.875,802698.971338471,39.07788083145656
2026-06-15,492782.0,710717.0,931566968.2181836,20043056.25,798320.8407747869,42.92160681487852
2026-06-16,477480.0,786360.0,1006092325.6756384,20043501.5625,829580.7529998745,40.35912282593055
2026-06-17,474545.0,601375.0,819778932.0320016,20043946.875,667466.145781686,37.79663883698258
2026-06-18,503361.0,815537.0,1024723665.040002,20044600.0,705918.3180308954,39.07788083145656
2026-06-22,454922.0,770946.0,968829646.9469112,20045687.5,727163.9807496,38.43725983421957
2026-06-23,464862.0,862979.0,1074407236.6783051,20046775.0,785248.442859066,41.640364820404535
2026-06-24,488035.0,749523.0,962619200.4921228,20047437.5,808795.2459161513,45.48409080382649
2026-06-25,522671.0,805731.0,1055775897.3139414,20048171.875,1048642.548934362,45.48409080382649
2026-06-26,521746.0,712555.0,962619200.4921228,20048887.5,1229436.3840608692,42.28098581764153
2026-06-29,490860.0,531503.0,831838314.3459485,20049603.125,990718.3638602766,39.07788083145656
2026-06-30,563177.0,621005.0,991551270.7003708,20050359.375,1139145.718189321,40.35912282593055
