Date,etf_premium,Log Return,Kimchi Premium
2024-01-12,0.0013047162557990877,-0.006317742470772781,0.0577266692086833
2024-01-16,0.0041190538076418814,-0.08689091246155656,0.030603677936756446
2024-01-17,0.004172265749650572,0.014822615561878156,0.02217500460298716
2024-01-18,0.0008006470552572864,-0.009074162603275208,0.03538341905761677
2024-01-19,-0.0029758141169602403,-0.03524280214575144,0.03545682521246807
2024-01-22,0.004133080003303036,0.007122926644305507,0.03280519007426852
2024-01-23,-0.001577851685183207,-0.05065089236436469,0.040876165296017675
2024-01-24,-0.0026100555144705773,0.008851964829261033,0.0294061931479781
2024-01-25,0.002899959623223314,0.005308750691087768,0.03208554804320651
2024-01-26,0.0022349870134810157,-0.003575022380898142,0.029052571234759128
2024-01-29,0.004832731246711353,0.051387703275745975,0.021964854709745296
2024-01-30,0.001246373128421796,0.029164092439120423,0.03328239982539616
2024-01-31,-0.004593076528420892,-0.007512437126439437,0.03339121389108035
2024-02-01,0.00038881922152644854,-0.009205052741510714,0.030900922560540334
2024-02-02,0.0001035209195530129,0.011771907376930214,0.038400814764382174
2024-02-05,0.00046092065139968774,-0.011326958514040529,0.03584475443538504
2024-02-06,0.0006248365684655699,0.0018099382562175514,0.03242145362401594
2024-02-07,0.005366605362203458,0.009975332964659337,0.023164772663715638
2024-02-08,0.004916667071213743,0.02833012537643444,0.03099935449158009
2024-02-09,0.000577114406699275,0.022171960354705433,0.01351691668985211
2024-02-12,0.006484055740678452,0.06389010334837117,0.008180224049840756
2024-02-13,0.0049210262157797224,0.03371772577647569,0.019909184146252423
2024-02-14,0.001269265100887429,-0.004395499485485641,0.015174916911470548
2024-02-15,-0.0007356218056655539,0.041017909161860266,0.029673296236867097
2024-02-16,0.0029540700627868066,0.0023928420085535325,0.03656605932218282
2024-02-20,-0.00037228884106366156,-0.0031607665093954657,0.033025047863339374
2024-02-21,0.00021455509287204855,0.009370414024323067,0.045952396115547245
2024-02-22,0.007576122118584383,-0.0078116304241465755,0.050677819111568434
2024-02-23,0.002525285826702639,-0.010845315526537608,0.05014130635232905
2024-02-26,0.0016816741098093502,0.00823696977871424,0.030916248020424586
2024-02-27,0.002388821195915547,0.05274799186019271,0.03570453948733632
2024-02-28,0.001819669815349867,0.045623794444969216,0.05063468057579401
2024-02-29,0.0017221071410944422,0.09078082893104507,0.051753930680252136
2024-03-01,0.009424011255814824,-0.021449617900407766,0.049493999647837184
2024-03-04,0.004639968524199789,0.032106597456588636,0.05112737175753734
2024-03-05,-0.007102123937769433,0.07924213322875573,0.07170814641807
2024-03-06,0.0005727727751640987,-0.06932869955942596,0.05880153608269234
2024-03-07,-0.00037526506382457026,0.03548487327059057,0.06289783202573518
2024-03-08,0.0020386416272841767,0.0125493954744912,0.07078861767476274
2024-03-11,-0.0035342563610110123,0.0307454192673269,0.06128451783400557
2024-03-12,-0.0001937375101214167,0.04385046202792151,0.08049560103836928
2024-03-13,0.007074506538048864,-0.008801090718419858,0.08385782606613867
2024-03-14,-0.002448374011403187,0.02220467690348353,0.08927377032220596
2024-03-15,-0.008398994330568677,-0.023532471376953676,0.0931963339694819
2024-03-18,-0.0031717541198309496,-0.04344754665271531,0.0984427575275264
2024-03-19,-0.004786387220647947,-0.011145741531910594,0.11681101411142336
2024-03-20,0.005754906579042096,-0.08779140113134701,0.09782276413122082
2024-03-21,-0.0006136063834693006,0.09157101703467248,0.10337330142452794
2024-03-22,0.0022413167918311494,-0.03545949264023783,0.09940587880746832
2024-03-25,0.005761768369328735,0.026119276558293856,0.05734713286635307
2024-03-26,-0.0029244763211241365,0.03989811422149407,0.06364960183650537
2024-03-27,0.0007360657318424835,0.0004104198687105763,0.06622303802218532
2024-03-28,0.0041079656128915065,-0.007812672526074071,0.05907969091891263
2024-03-29,-0.004824069711450996,0.018657976249142883,0.060649121932492944
2024-04-01,0.006628859965845946,0.008123967476242555,0.06557186768489665
2024-04-02,-0.0004975057328889809,-0.023123822599643195,0.08576087586931624
2024-04-03,0.00024177168678374272,-0.06298564837226542,0.08488354166292345
2024-04-04,-0.0014518340029069376,0.008172754164381521,0.07715232136141936
2024-04-05,-0.004976030506846807,0.03781577038252228,0.07261508172970732
2024-04-08,0.0011697369434378047,0.012285843875265554,0.053497937970814036
2024-04-09,0.0026001791030472177,0.03222838059688219,0.06053650392906418
2024-04-10,0.009834704449026344,-0.03557732446588956,0.05578159647946923
2024-04-11,0.0037204415047169537,0.020329184402136262,0.052765509698736945
2024-04-12,0.002012099956999025,-0.007481389652792396,0.08137441412200364
2024-04-15,0.0027008120474021347,-0.06338081254040075,0.10002528962927193
2024-04-16,-0.0016070356570671018,-0.03559719885821126,0.07505512244901813
2024-04-17,-0.0008908535423997055,0.006052507802755109,0.07649178935737133
2024-04-18,0.003544195715363907,-0.040619188437898676,0.07095154631378064
2024-04-19,0.0020579535736255927,0.03569915307653905,0.06294671991786371
2024-04-22,0.0035547827051445324,0.022453508926478967,0.05261779427868429
2024-04-23,-0.0006151747092335569,0.028758106977158405,0.04849371840060912
2024-04-24,-0.0042855144869318185,-0.006429054590263906,0.06206883907541605
2024-04-25,0.0013471626369931933,-0.032823685530013545,0.049701417878315945
2024-04-26,-0.001867659115151854,0.003332766356597327,0.048589946515183335
2024-04-29,0.004559387185842478,-0.021530784390878112,0.03903975783434599
2024-04-30,-0.016652214408010124,0.011344052873708464,0.0392771771641387
2024-05-01,-0.01773087124397099,-0.051920854717791044,0.03149755478467209
2024-05-02,0.002898919063668348,-0.03928582091761113,0.0227329362759241
2024-05-03,0.006211980882510515,0.014516806600985501,0.04177197598669302
2024-05-06,0.0027244903239225238,0.0800122608666429,0.034656015233119675
2024-05-07,-0.00048091791581661436,-0.013953688445835043,0.03405545380688357
2024-05-08,-0.00221787758958758,-0.013297978645710406,0.0322535399217303
2024-05-09,0.0026383316351141772,-0.01847968496720089,0.019920199699168917
2024-05-10,0.0010082691747186345,0.030335786603639104,0.03224608831625275
2024-05-13,0.0035937017804588134,-0.025985338178421483,0.021274245094517585
2024-05-14,0.0013728743654572995,0.023556705229280852,0.026274757683582006
2024-05-15,0.0033529935557490287,-0.02179403211824482,0.022878527331786636
2024-05-16,-0.0008792389847032123,0.0733013030717081,0.03474435971539269
2024-05-17,0.005174832923732886,-0.01532751513440431,0.020261563428230822
2024-05-20,0.012048625142065283,0.01573414069130623,0.003905625162032189
2024-05-21,-0.003690781050286973,0.07522108764723587,0.010976808522805692
2024-05-22,0.0018980072465828446,-0.01841154732110231,0.012641044726537931
2024-05-23,-0.001857414804901647,-0.014444797000041563,0.02483257042290865
2024-05-24,0.005381365912598968,-0.017384959542814868,0.014573750735711544
2024-05-28,0.0038637046206557724,0.020856822758106068,0.018726100594784745
2024-05-29,-0.0015916251560086359,-0.015757122448190514,0.016889075800475384
2024-05-30,-0.002489678597840106,-0.010535523776132635,0.017549912448691307
2024-05-31,0.003240851537853695,0.01145529933613079,0.009971405804091171
2024-06-03,0.0023285492485400905,-0.008819296409305724,0.013918704809370741
2024-06-04,0.0011947084513226347,0.015390982672455472,0.004561778644646797
2024-06-05,0.004790336761297809,0.025118654714259506,0.008028380846493821
2024-06-06,-0.0038629617195125032,0.007490172476544943,0.01718608920488718
2024-06-07,0.0022780894408731545,-0.0045039862411834905,0.03327028457115033
2024-06-10,-0.0014096505751557409,-0.01593885783461495,0.01682010232812714
2024-06-11,0.003448628226614847,-0.0018978363541636057,0.029416668886877995
2024-06-12,-0.0127697077046236,-0.03188148761003033,0.019831717485825573
2024-06-13,-0.0019369919983552863,0.013392219247879068,0.029677680274205587
2024-06-14,0.0013790368747110815,-0.021959827123436124,0.0319085876785028
2024-06-17,-0.0007985576393798599,-0.0018102708474638679,0.019374658541165157
2024-06-18,-0.0006256348298435688,-0.0023442428259884372,0.018330189166927413
2024-06-20,0.0017050597848704552,-0.023138556401007974,0.02199531734132032
2024-06-21,0.0033156819921353886,-0.002001996192219833,0.014216122272623366
2024-06-24,-0.010743203326702755,-0.025986170225266204,0.020754600596349926
2024-06-25,0.0007542011849539509,-0.046794019515230066,0.020005583166104568
2024-06-26,0.0026691939883483062,0.02483359616942461,0.017828071875336304
2024-06-27,-0.0007051473016816967,-0.0161021838989168,0.016064043784418613
2024-06-28,-0.005938820056683003,0.013198071309763372,0.02375583898526057
2024-07-01,-0.00102334059015885,0.01706211679668095,0.014510907840560527
2024-07-02,-0.0019418147768113236,0.0026889437837059093,0.012698944740121565
2024-07-03,0.00992351432251315,-0.013081264586065327,0.02340071300073543
2024-07-05,0.0005929527040371418,-0.08394356434658193,0.03810618764009477
2024-07-08,0.003233770827032023,-0.021001672126200664,0.02694422810118491
2024-07-09,0.0021314169659047977,0.015237824507278919,0.021632444071793877
2024-07-10,-0.001175104593961418,0.022756139332259655,0.025506231727506545
2024-07-11,-0.002128311863902166,-0.004636714690544202,0.03136735556064174
2024-07-12,-0.0038246018544177973,-0.006802595420120483,0.024478379435984188
2024-07-15,-0.0010299332351190182,0.05835808585150212,0.018438472093848635
2024-07-16,0.005568587760287569,0.06466833777481162,0.008011567753009485
2024-07-17,0.001349379510975357,0.003346855314521894,0.011149122174077597
2024-07-18,0.0018825328093869942,-0.015053758388593123,0.014684602616239939
2024-07-19,0.004627185113197152,-0.00212846576649748,0.0042536259182714975
2024-07-22,0.0081688428535871,0.06340185921729902,0.006127189431125002
2024-07-23,-0.00347175194474747,-0.008226903824756238,0.009381304121776957
2024-07-24,-0.002051364089568297,-0.02511403502210399,0.014652369304267276
2024-07-25,-0.000481743593573003,-0.008578001442728874,0.017872493903958953
2024-07-26,0.0049434958428227205,0.006606269673350845,0.008547102660869
2024-07-29,-0.0005693378326683263,0.03680446321282736,0.014370007167649801
2024-07-30,0.003086360209322292,-0.021922045164601937,0.012206341004215027
2024-07-31,-0.008021543670122755,-0.008985798446351055,0.02091120263046764
2024-08-01,0.00257229686825311,-0.023827570558229313,0.026298112094819803
2024-08-02,-0.00192077385833056,0.010407153687451627,0.03697864787255756
2024-08-05,0.008075369848780323,-0.11650895724084664,0.0534993242453794
2024-08-06,0.002578217999003485,-0.07385792201070868,0.039646143494432184
2024-08-07,-0.0022181360956007312,0.038236559010752846,0.034028337167846034
2024-08-08,-0.0025235720596841205,-0.018886019783568783,0.01717834803943541
2024-08-09,0.004412986599536151,0.11432455695312799,0.030767348988055332
2024-08-12,0.0007772204313145625,-0.0495368094685758,0.02366402158230252
2024-08-13,0.002597502960497433,0.010724007416088156,0.021250725267820236
2024-08-14,0.00046214353331119895,0.020847368137190025,0.036718565251608215
2024-08-15,-0.001761292375732304,-0.03139375963692666,0.032680184542348556
2024-08-16,0.0016014963714057195,-0.020713870563183585,0.031011929801127325
2024-08-19,0.001238651133294244,0.01590987038456201,0.0299679166816067
2024-08-20,0.003551043337972848,0.0174684477978176,0.027452705639685826
2024-08-21,0.009399948904056599,-0.00761806698512912,0.016351820205887213
2024-08-22,0.0010507236976633472,0.03571061318614594,0.011151363841254591
2024-08-23,0.0028060265796368,-0.012972689926214562,0.0069015297033026
2024-08-26,-0.0013323274732316426,0.06330160600403449,0.011154540871615826
2024-08-27,0.0018346505122079915,-0.02311810472799678,0.023706183502134603
2024-08-28,-0.00720241884335493,-0.055456204219445984,0.022184006021670255
2024-08-29,-0.0026225897463858505,-0.0074725054485428105,0.021786624453843384
2024-08-30,-0.004942993343740487,0.006168744482767105,0.01834859818035528
2024-09-03,-0.0007093950699300633,-0.004652886773164393,0.016235914052936895
2024-09-04,0.003407025808646713,-0.028891042467185022,0.015947306549036977
2024-09-05,-0.0038279784066901357,0.009299440605752364,0.01762254544522568
2024-09-06,-0.002429667767675392,-0.031570775773694715,0.021736956085847137
2024-09-09,0.005152941758578722,-0.023566586251786203,0.009345794665965412
2024-09-10,0.0053026975561458745,0.039294734816086335,0.008526994732785065
2024-09-11,0.0017757158217726055,0.010123035875976719,0.005649394351610271
2024-09-12,0.0023375415834425706,-0.005058386662941635,0.003760302751103506
2024-09-13,-0.0008647944820223685,0.013701411447182859,0.006372096428296725
2024-09-16,0.0007410442698447817,0.017060217564183744,0.020710886451283494
2024-09-17,-0.006479401501967352,-0.016054814642702166,0.015927717893481796
2024-09-18,-0.0057194124620443265,0.03560298797892299,0.010082102906886714
2024-09-19,-0.001998073628012631,0.02262103424433047,0.0027381959143353285
2024-09-20,2.7493411775436627e-05,0.020130173616918066,0.0011423552967348982
2024-09-23,-0.0007859545906205856,0.010875500330842171,0.0015129914688958301
2024-09-24,0.007772040135744396,-0.0046571681014679605,-0.002590295746930038
2024-09-25,-0.0011368983154307344,0.014861981305640242,0.00056635088162027
2024-09-26,-0.005768991597752349,-0.01789812853254792,0.0036240330254664332
2024-09-27,-0.001307851636908608,0.031816582159665645,0.009717176488918566
2024-09-30,0.0015008116540218275,0.006737458929718964,0.005500275108498265
2024-10-01,-0.0020621472350805803,-0.035632536616201395,0.012504424066584585
2024-10-02,-0.002992923129191749,-0.040030224920100985,0.019428073011086067
2024-10-03,0.0040004506638366966,-0.0032807559270837923,0.015823193565610794
2024-10-04,0.001278842165465921,0.0018893914542690816,0.0008016487484729939
2024-10-07,0.0020448654120139853,0.03335739142760378,0.0039287914033021565
2024-10-08,0.0020268263481897364,-0.009225270987090537,0.005263199875057412
2024-10-09,-0.0007856479750644185,-0.0018291695648588347,0.009391149808958499
2024-10-10,0.0031288982175938784,-0.025272255239958647,0.007902138558950611
2024-10-11,0.0020676673600559248,-0.005044230786915747,-0.0002652124704141112
2024-10-15,0.004344049212421819,0.09156837157184015,-0.010567096491134409
2024-10-16,0.0003039241328544051,0.01504196751732002,-0.006587307932068742
2024-10-17,-0.00012231783632699056,0.008165727244137553,-0.007741768264127646
2024-10-18,-0.0012086552639763992,-0.0029285738602787235,-0.004186940979885367
2024-10-21,0.003430334587024131,0.02361163216234447,-0.008200395016603967
2024-10-22,0.0008079119588184636,-0.024181216691218466,-0.0012719754183260212
2024-10-23,0.005171178127598708,7.333105426481185e-05,0.0028761943548312185
2024-10-24,0.004990485862748084,-0.010632832192924319,-0.0019152292746809074
2024-10-25,-0.00015140245454026147,0.02235326899509968,0.01189307332056111
2024-10-28,0.0018603026069132778,-0.003286086169787185,0.004781023879916413
2024-10-29,-0.004797491563541589,0.02865074437923032,0.007646197751800088
2024-10-30,-0.000553067999691903,0.039169571698669275,0.008526683278522018
2024-10-31,-0.00676149308328744,-0.005190579660401701,0.013217052357201275
2024-11-01,0.002203777483180458,-0.029617969036679407,0.016641518563319968
2024-11-04,-0.004476498305814203,-0.0212266996867336,0.010542828400230464
2024-11-05,0.0005405178290758261,-0.013690359165444156,0.00437162727019258
2024-11-06,0.004751886505613312,0.022937274909835506,-0.016203084258622047
2024-11-07,-0.0002286065855153785,0.08638005378359105,-0.00878150154732793
2024-11-08,0.00044129392920289057,0.003743780305620772,-0.0001632468240302387
2024-11-12,0.0022755727192276254,0.15571914781782234,0.008928902975447794
2024-11-13,-0.009316675499599358,-0.008452690594184156,0.009475562537037296
2024-11-14,-0.00953658058013862,0.028737500282278984,0.008769813301458207
2024-11-15,0.007035981727450125,-0.03650805786703338,0.008065124253034739
2024-11-18,0.0037902771199602725,0.02865226106749521,0.00800542666812265
2024-11-19,-0.005166230907343028,0.007891140536156664,0.00891913733672367
2024-11-20,0.0014597080387670491,0.01999383863906537,0.009283593397632739
2024-11-21,-0.00036931746401058785,0.021261819013980516,-0.005025944788101144
2024-11-22,-0.00045865519232879404,0.043013248377054086,-0.015200309229822628
2024-11-25,0.0005352818846748875,-0.004666129946437259,-0.003981390910929861
2024-11-26,-0.004599620651583702,-0.05277133329149396,0.0026172752379443054
2024-11-27,-0.002038127633851694,-0.011189512565764252,-0.0026995315420829114
2024-11-29,-0.004191610555463465,0.039266986363222116,-0.011815187473213418
2024-12-02,-0.0015824489072214787,0.01681634970148268,-0.009122374047919046
2024-12-03,0.0023282337623957705,-0.014668665431652704,-0.02306832257270197
2024-12-04,0.006555530627571748,0.0008789428184744889,-0.0033117818432604196
2024-12-05,0.004275891921236452,0.029043757082301905,0.0017311346844000042
2024-12-06,-0.0015665518250439492,-0.01725122416762564,-0.01784271767757195
2024-12-09,-0.005589908541046573,0.04136631535012767,-0.0017699341623867992
2024-12-10,0.002807267095258803,-0.03739797560364859,-0.0012583674845688675
2024-12-11,0.0002168734348109158,-0.008366977944239792,-0.009318080242701865
2024-12-12,0.0023024107230673607,0.04588720394561382,-0.0013720050968529796
2024-12-13,0.0019189377059209978,-0.011440505701068724,-0.007720585449031092
2024-12-16,-0.0034440057554810943,0.04209727559131737,0.005937770150312716
2024-12-17,0.0026008278289424425,0.01632418497335535,0.018356354754743176
2024-12-18,-0.007864636765316346,0.0009096414414160764,0.02531190341568168
2024-12-19,-0.002687690623829675,-0.05816745504878827,0.0463920983468078
2024-12-20,-0.004818462018945424,-0.02719381251414774,0.0485276962063097
2024-12-23,0.002038399201734764,-0.02467445852204598,0.03743056018776203
2024-12-24,0.013108860182730275,-0.003994094150975299,0.02116058043979585
2024-12-26,-0.0006109849113137278,0.04726679520563599,0.02479915180387504
2024-12-27,0.00010832591249321233,-0.03707718594162756,0.0249082193625787
2024-12-30,-0.0029783812743932048,-0.022718714399485893,0.009313517440397323
2024-12-31,-0.004624224398483423,-0.009493000789640361,0.006976333076829766
2025-01-02,-0.0012173904437234873,0.018779906197592067,0.007253989283045437
2025-01-03,-0.0006387253665941506,0.025563085214339157,0.002348702120678947
2025-01-06,0.0015754223842783244,0.01501845873738662,0.006741073858730795
2025-01-07,1.3030202917985179e-05,0.03923383750892779,0.028193571672172624
2025-01-08,-0.002409830116082201,-0.05360255754587547,0.025896511567278235
2025-01-09,-0.0025869430462834853,-0.01945332600172633,0.03468673639485842
2025-01-10,-0.0027623491631679764,-0.027261505490759685,0.02071669020003508
2025-01-13,0.011492416557258522,0.021235142413007106,0.024776644207725296
2025-01-14,-0.0007209674767638674,0.0002043645220355267,0.01823894372743018
2025-01-15,-0.004396223700702584,0.021248928392926317,0.006385063146935099
2025-01-16,-0.0006841147338582099,0.040451418669290855,0.007366151081892758
2025-01-17,-0.004005978705895363,-0.005336271646328725,0.00461570314405102
2025-01-21,-0.0031282146278991396,0.02044572188166528,0.034289030890696015
2025-01-22,0.00036441479298088275,0.03954601250308599,0.04096798775412891
2025-01-23,-0.011563796914321411,-0.02403610586858196,0.040757768564346986
2025-01-24,-0.0030189194118083185,0.0030185858354047934,0.04849436573877153
2025-01-27,0.0100991911297299,-0.013147475903319354,0.05841094143396197
2025-01-28,-0.0065196527840700735,-0.004793686239303125,0.0637582029072381
2025-01-29,0.003951212109307711,-0.00766075420291561,0.062120520857666284
2025-01-30,-0.004354876645321415,0.023234429912024825,0.04708928719060346
2025-01-31,-0.0038709722305311223,0.009972904245090862,0.05144943892146947
2025-02-03,-0.004096576632168336,-0.0698646482804022,0.06858435230112603
2025-02-04,0.0007247020324023801,0.037564299461699174,0.086465999992418
2025-02-05,-0.001991906646064745,-0.035502763273751924,0.0868249282094451
2025-02-06,0.004821867736832797,-0.013057845279411312,0.08328881648620445
2025-02-07,-0.003887832456257345,-0.00044737307803580095,0.06615693306290038
2025-02-10,0.00027622412666272744,-0.00080185861438212,0.04493021812283371
2025-02-11,0.0004243827612102624,0.010048523173369631,0.04975111707918978
2025-02-12,-0.002047686572267393,-0.017695810050840362,0.03931689454462828
2025-02-13,0.002322731401993794,0.021951707461899114,0.04356517681770877
2025-02-14,-0.005659191216642934,-0.012836596580083117,0.04388514380251429
2025-02-18,0.0007517761574089565,-0.008915239471356435,0.04411473632023011
2025-02-19,-0.0018554251296907243,-0.002374512615403108,0.036200560138481164
2025-02-20,0.00030196330368648105,0.011434729436760167,0.03318109121370161
2025-02-21,-0.003375379009955215,0.01731773477373205,0.03573003458089197
2025-02-24,-0.0031412185427062145,-0.02113284012964743,0.009438066489447783
2025-02-25,-0.0016494081325987286,-0.05044805131584277,0.020180480042447657
2025-02-26,0.009547509146133448,-0.03190100631813343,0.01686805593031382
2025-02-27,0.002012436215263369,-0.052664208736297013,0.014094575620436922
2025-02-28,0.0028128696159059885,0.006282968041237921,0.011611800440738396
2025-03-03,0.003440786568662535,0.10753308603983705,0.03594969970082218
2025-03-04,-0.012971217276124825,-0.09071139535083772,0.024609508813409953
2025-03-05,0.004240468485003923,0.013209031937152522,0.030893101638148845
2025-03-06,0.001213385812846468,0.038041877442821066,0.02848740577129938
2025-03-07,-0.007691100461212241,-0.007626968313035043,0.0295721080827005
2025-03-10,0.006482902910327049,-0.10856362632713401,0.026056158908611904
2025-03-11,-0.0006289504990889538,-0.02652456432494556,0.02260906235905291
2025-03-12,0.002061601429530713,0.05331058878022265,0.01969542899082688
2025-03-13,-0.0049563217414314575,0.010138832543158578,0.018045392388805315
2025-03-14,0.0004639124546357287,-0.03190063979919038,0.01603095680998723
2025-03-17,0.0006886422819094573,0.01840749997979671,0.011789305601776823
2025-03-18,0.004370489267687239,0.01750973571254869,0.010240785834901622
2025-03-19,0.0013896595889415497,-0.015857106656814078,0.0016711752688558512
2025-03-20,0.0006894713896092863,0.04894233838384988,0.005471863511805619
2025-03-21,-0.0004671870159086433,-0.031495478763363664,0.009606510172172067
2025-03-24,-0.00014100631571389854,0.022121385616414954,0.004192177956718446
2025-03-25,0.002019634941668791,0.016734390685072924,0.005969768587031465
2025-03-26,0.00287739563255629,-0.0003904346755585331,0.00814414086669335
2025-03-27,-0.003112458279600272,-0.006515941510685781,0.00784705468504443
2025-03-28,7.93474084259671e-06,0.003225257267837483,0.014219231925284515
2025-03-31,-0.007321615247984581,-0.05722903471067994,0.01227427025912431
2025-04-01,-0.00038593305270839817,0.0023407637600188166,0.010889315319150494
2025-04-02,0.006379743830671414,0.031655785896384014,0.01785614870066765
2025-04-03,-0.000861878501022928,-0.03218760532641154,0.021036888348597405
2025-04-04,-0.0017324559136994155,0.0074345375664111365,0.009139678269945994
2025-04-07,-0.006130371497919174,-0.058609243333729584,0.014379748953104787
2025-04-08,-0.0003160700008112416,0.010362571305755757,0.014953185385510048
2025-04-09,0.0022440770717038205,-0.03759714058861971,-0.0027333030055379792
2025-04-10,-0.0003928903357416358,0.07948001842242694,0.02144430493365368
2025-04-11,0.0012891187037078478,-0.036854032651851144,0.026098904170397175
2025-04-14,-0.0006846018678736687,0.0504945301208782,0.019590066476055545
2025-04-15,-0.0006160074081942302,0.010025466272786544,0.02332717540148055
2025-04-16,0.0037323752350306716,-0.010960202994240994,0.024611229066505924
2025-04-17,0.0014578687434654292,0.0047961173404021855,0.01999476238076281
2025-04-18,0.0024939112382629247,0.010436511585817803,0.01695752668791828
2025-04-21,0.0035015830722109342,0.003027144052035205,0.015431686442855641
2025-04-22,0.0012809557359945156,0.02721850406695884,0.005247513305528084
2025-04-23,0.0025166703809931246,0.0657701205658508,0.005844372893621053
2025-04-24,0.002314343544648656,0.002522261032265453,-0.00015737660932080288
2025-04-25,0.0033775469836323513,0.0027926352983611777,0.0004999048820655272
2025-04-28,0.0011049885260370207,-0.0020089171799980102,0.002568356352282253
2025-04-29,0.0006771867827992661,0.01288308476671047,0.009877935264332116
2025-04-30,0.0019772962074027234,-0.007642113053537374,0.013338854103714048
2025-05-01,0.0008504544560310467,-0.0007276050227040915,0.0031218300654078934
2025-05-02,0.0009141457882901882,0.02413001269931511,0.022883840206178174
2025-05-05,-0.002470553433246203,-0.023005032300181395,0.035470918728852
2025-05-06,-0.0007426716418251766,0.004394309342752088,0.030332797776460696
2025-05-07,-0.00013580260091994312,0.02182943985932463,0.01930450079737822
2025-05-08,0.0020644917012078157,0.002312483488945717,-0.0010971123039892339
2025-05-09,0.0012581073984356816,0.061744776181862464,-0.0019954378680357987
2025-05-12,0.0006965641204306205,0.008755410594803205,-0.005897368520872193
2025-05-13,0.003403813255755006,-0.012599910881669115,-0.012233612502439262
2025-05-14,-0.0012130198074076226,0.012827674958632043,0.0064103677766080835
2025-05-15,0.0023528584388872176,-0.005801363389979314,0.006899833190938898
2025-05-16,0.003912439418496838,0.0019793589596318437,0.010294484225837452
2025-05-19,0.004022074467654013,0.0253828711126299,0.014407642579345126
2025-05-20,0.00862741320504612,-0.00757062692331765,0.010367361153253096
2025-05-21,0.01075643275593019,0.01114488337208052,0.01305864992684369
2025-05-22,-0.002364228882666075,0.026447477815894696,0.0035453778195579932
2025-05-23,-0.0009991328250269493,0.018555352595622264,0.02310900797771276
2025-05-27,0.001814775443939487,-0.020261402366216145,0.009610314914651807
2025-05-28,-0.004019607140588799,-0.004519184531883187,0.014330524913265696
2025-05-29,-0.002488413410778878,-0.010879364561888967,0.01744830597055569
2025-05-30,-0.0007511493803337155,-0.020809148228746042,0.023858755506668716
2025-06-02,0.0011912524617661013,0.0010726508963269067,0.016258498449293057
2025-06-03,0.00031714567192442367,0.001942078157029238,0.014217760193466322
2025-06-04,-0.00024362960567581027,-0.004471350337758428,0.016711082772704167
2025-06-05,-0.004153748754013087,-0.006570630976760487,0.0286631580824257
2025-06-06,-0.0009001623152342653,-0.03081104416779285,0.023505470663843342
2025-06-09,0.0011450113037434484,0.040568243339167434,0.006189275717623843
2025-06-10,-0.0011188156157833085,0.04193145270343555,-0.0013377610279617924
2025-06-11,0.0006633140873053556,-0.00019158608904231878,0.0070226192722870895
2025-06-12,-0.006336971084971776,-0.014529880524273469,0.017165196609459477
2025-06-13,-0.00014151531198880463,-0.027359092922036872,0.017216754557605185
2025-06-16,0.0014168142010846374,-0.0018598875639278744,0.011685049566211081
2025-06-17,-0.0021155485793462603,0.011674906142502819,0.015290341652683503
2025-06-18,-0.0021197598626190306,-0.02073841876478902,0.010171198914315172
2025-06-20,0.0005198741835614751,0.0007076419844889483,0.01540984118829214
2025-06-23,0.0030148258647786363,-0.03581348233366607,0.0037508308338738416
2025-06-24,0.002095747782000057,0.04247786830020473,0.010114693746022585
2025-06-25,0.0011861056952660043,0.006982944231031616,0.00785742473692963
2025-06-26,0.0008476657560398948,0.01187153640030016,0.012900162030108575
2025-06-27,0.00040528969069386633,-0.003801097359309212,0.009585240379898607
2025-06-30,0.0027249691884063676,0.013065959437449558,0.005076528050675266
2025-07-01,-0.0022721459012269296,-0.011649110375711999,0.01043518076481198
2025-07-02,0.003482659964542334,-0.013385801891372031,-0.0022073568423972567
2025-07-03,-0.0028870320892737666,0.02927959323265981,-0.0054021915085027405
2025-07-07,-0.0005557247649213837,0.0034590698789477735,-0.0011931905577013957
2025-07-08,-0.0006966722742495213,-0.008488480355723136,-0.008165513827339654
2025-07-09,0.012603179746769388,0.005852615726537602,-0.014711789258982866
2025-07-10,0.0009588254423249509,0.02151366612448167,-0.017609664511073597
2025-07-11,0.003718973505248524,0.04126022094720656,-0.02138661103985029
2025-07-14,0.0018638562417916393,0.026387941029593534,-0.010614512691167755
2025-07-15,-0.002071475931086364,0.006489143488036454,-0.014281400840443825
2025-07-16,0.001603685603990268,-0.017745216590600833,-0.02270326831282643
2025-07-17,-0.004223658840484368,0.008339115715401819,-0.021406303185655284
2025-07-18,-0.0013204899697819572,0.004439450401045451,-0.017381705212570764
2025-07-21,-0.0026313835603721802,-0.0165735557198779,-0.012533921193682795
2025-07-22,-0.0009993292344715465,0.0011116740151826193,-0.02054967046186973
2025-07-23,0.000649580767793978,0.021518529422325062,-0.008232263187645361
2025-07-24,-0.0004715678848049576,-0.010228509490555043,-0.008120393551785954
2025-07-25,0.0008183244698458658,-0.0036022793229972317,-0.01496565571474151
2025-07-28,0.0017286832895870852,0.009323785560887548,-0.008617045793193556
2025-07-29,-0.0007296713012830969,-0.01199750069662054,-0.005291027587604913
2025-07-30,0.004009787507880391,-0.0009459122846209243,-0.0052822445657007
2025-07-31,-0.0029043913578600256,-0.0008201755489431226,-0.0014270418887963876
2025-08-01,-0.0034383978420774453,-0.017765204086514514,0.005123789652376809
2025-08-04,-0.00038217065239987136,-0.01328164253788808,0.005639327560369445
2025-08-05,0.0005736216495695334,0.00733913342797172,0.011008200705639792
2025-08-06,8.977888742212059e-06,-0.008116923715255296,0.004880599983707601
2025-08-07,0.0068940196697440115,0.007736120718746807,-0.005951769340564739
2025-08-08,-0.0006492039728862586,0.021383400487451538,-0.012605463157700503
2025-08-11,-0.0019064061532907406,0.015074735868666868,-0.006586496922911578
2025-08-12,-4.542916341832015e-05,-0.004869441268625537,-0.012832459613068559
2025-08-13,0.005701833437315562,0.012168085338703727,-0.011623057397693981
2025-08-14,-0.0017294998857287913,0.026200869484512203,0.0013558105693298739
2025-08-15,-0.0010607273052515298,-0.04113593002802193,0.007776765178165501
2025-08-18,-0.00043395160299941615,-0.007906982835460014,0.0016531494299127925
2025-08-19,-0.0007085730762496079,-0.010306859616480554,0.00030773599773725735
2025-08-20,0.0029833813520590002,-0.02999149210059994,-0.003555742096201797
2025-08-21,-0.0008280368896842472,0.012744335165694304,0.00016168763850443746
2025-08-22,-0.00031713712798464577,-0.016150879363014414,-0.0024486152109464143
2025-08-25,-0.007930872029297098,0.009169389007287506,0.019188047503343242
2025-08-26,0.0020229983200010793,-0.029783732523193066,0.005886043788315254
2025-08-27,0.0010328886065240628,0.015002477675904248,0.00241478608135437
2025-08-28,-0.0021826299986315023,-0.004942001930242249,0.00544446690584155
2025-08-29,-0.0020341249970319275,0.011800059358968187,0.010911167970973468
2025-09-02,0.002493947953596143,-0.02995733196343868,-0.0019536594219666803
2025-09-03,0.003264794753667255,0.01771340808455548,-0.001886095609324956
2025-09-04,-0.0010965112999044013,0.004795907649638832,0.0062324287432620196
2025-09-05,0.0033932185321718933,-0.00903353853504905,0.010665242154870969
2025-09-08,0.0001275635677531195,0.003990394652899962,0.004461347977838814
2025-09-09,0.0007332835906184165,0.008092521324251293,0.003912081394464417
2025-09-10,0.0023517876034520047,-0.00497000266549868,0.0031753869039461424
2025-09-11,0.0015555110619502877,0.02169727218542434,-0.00016827677122555063
2025-09-12,0.0030567733846984524,0.013494126987109717,-0.004024515016043506
2025-09-15,0.0006702198862047481,-0.0011519155451324714,0.005853863414120086
2025-09-16,0.0026216318301919284,0.00015347478955394538,0.005108500348202538
2025-09-17,1.728625856234345e-05,0.012016514970690137,0.00808085395961089
2025-09-18,0.00034494291462272564,-0.002953220955094257,-0.0004907002704531704
2025-09-19,-0.001317021767957005,0.005787190294663525,0.003402744529953594
2025-09-22,-0.0026916587501605305,-0.015590517378961631,0.02470278686033711
2025-09-23,-0.0005598370562290844,-0.02249165203828051,0.022549726540626702
2025-09-24,-0.00044345169345216817,-0.006602813180464294,0.009660935319141917
2025-09-25,-0.0026325606697971127,0.01159731263882917,0.030368729530649397
2025-09-26,-0.002426168756914926,-0.038503259204643384,0.022801916404171063
2025-09-29,0.0029362276706121904,0.0283943444936232,0.018540739201599266
2025-09-30,0.0038671433419112944,0.01965970233605565,0.016426392940332324
2025-10-01,0.0007385862419722056,-0.003235438862298978,0.012628736903096405
2025-10-02,0.0023312714059957607,0.03940248668053661,0.006800033304556141
2025-10-03,0.0018844866411558137,0.016805297338749182,0.009205676058134271
2025-10-06,-0.00041391310623983824,0.02368769724597102,0.009719029579330352
2025-10-07,0.002262190573181666,0.010126784036503259,0.023340883882749575
2025-10-08,-0.0005613809743778564,-0.02722870891348656,0.013679811408247478
2025-10-09,0.0009577663923736601,0.01565803351214338,0.025447243092486138
2025-10-10,-0.0009305540270115875,-0.013524178561076997,0.06934826217256762
2025-10-14,-0.0036236412654079286,-0.05461801874550164,0.0522826927036637
2025-10-15,-0.0005170956525053505,-0.018605666212155397,0.0692101744019693
2025-10-16,0.0009673732083415043,-0.020616737673055757,0.07884128173813942
2025-10-17,-0.00045847630364082015,-0.023677145845375298,0.08130920362617888
2025-10-20,0.00037292314603321053,0.0045704435398156214,0.05676687823647386
2025-10-21,-0.0005371081251671628,0.017225797214667077,0.054680193147615075
2025-10-22,-0.0023835376156229326,-0.01943804913159284,0.06070939601284642
2025-10-23,-0.0016586354133854009,-0.007720319122860827,0.04636964851631653
2025-10-24,-0.00029246844656782844,0.022681053619913717,0.03782393572625686
2025-10-27,0.0002201431147870192,0.039618596956630565,0.03361599418570682
2025-10-28,-0.004526881143723682,-0.003587360324608897,0.04025383338893951
2025-10-29,-0.0025992343427193587,-0.0105490907442034,0.05306658331745151
2025-10-30,-0.003288528526526613,-0.025611148113921484,0.0600678183336103
2025-10-31,0.0012944219664734469,-0.016168287499097288,0.04927291562896108
2025-11-03,-0.00042564431102998235,0.02100328823620479,0.04003051340910968
2025-11-04,0.0035516620718951675,-0.03747971842162002,0.04579799198803025
2025-11-05,-0.002016290154570055,-0.04816816299366364,0.042184104428148794
2025-11-06,-0.0019070561820677678,0.022980648764648382,0.030788728475841243
2025-11-07,0.0035489476408101517,-0.025356614504740988,0.01897114574209824
2025-11-10,0.0002565972600743205,0.03330130445078079,0.01560190591188304
2025-11-12,-0.0007275107543185388,-0.016313070661773288,0.02686317070278732
2025-11-13,-0.003600139259599233,-0.013277704490674247,0.03576987835629608
2025-11-14,-0.006951442716749745,-0.019708365678868637,0.0448044518139763
2025-11-17,0.002132570373580611,-0.05662626749396352,0.02301982554552695
2025-11-18,-0.0014627291617992366,-0.022488588575670383,0.01403333146843
2025-11-19,0.004424567323004114,0.00957330217812214,0.015819250925099837
2025-11-20,-0.002899796265039889,-0.016548899735292725,0.018102907107615307
2025-11-21,0.006520165300593295,-0.056061140207411556,0.02261951220899494
2025-11-24,0.0037510296253480124,0.003691114744032755,0.01725282428575392
2025-11-25,0.0030374542248512437,0.01701529622247544,0.019297793101234806
2025-11-26,0.0009375778258775558,-0.010767435715275995,0.018817252485421765
2025-11-28,-0.002679952097284777,0.04450691860882998,0.022026672188336427
2025-12-01,0.0005919584549267665,-0.010227194869391595,0.019915219170319354
2025-12-02,-0.0022271524889457828,-0.045963656810464354,0.011317729801461729
2025-12-03,-0.001204507206235439,0.05635512188192836,0.014005996408895216
2025-12-04,0.004106593816443294,0.023245768166744226,0.012817873633348409
2025-12-05,-0.0015662621586693959,-0.014289979708380878,0.01717771666046697
2025-12-08,0.0032174315601778414,-0.018474950809490607,0.013719937143531036
2025-12-09,-0.001044405285783534,0.002079196494436228,0.007418750453894063
2025-12-10,-0.009756572960473164,0.02247219637011733,0.010489300476346441
2025-12-11,0.005253975960403778,-0.007780700200864165,0.008886586593261914
2025-12-12,0.001411947070048658,0.005559767191938877,0.011324192083544293
2025-12-15,-0.000821419920403188,-0.0479597607292954,0.017301007779648936
2025-12-16,0.00044993248065017255,-0.019973818172564304,0.010085795933926667
2025-12-17,-0.001035590707751055,0.016211807611197938,0.011531350003265661
2025-12-18,-0.004583170554742333,-0.019573971128683844,0.00913904148072886
2025-12-19,0.0006022628729929203,-0.007861400719023534,0.007848039834313258
2025-12-22,0.002116070460381092,0.03628014575812781,0.007850177796083324
2025-12-23,-0.0028407184029525245,-0.0014720408952649704,0.006518713808999932
2025-12-24,-0.004015992763335197,-0.012059719335777232,0.021133056328511257
2025-12-26,-0.0006588156102617093,-0.002301883891556386,0.01777795583585373
2025-12-29,-0.0018117970941923245,0.006985796275636602,0.01657577916603059
2025-12-30,-0.0016401744816616493,-0.008139933467763504,0.009438933035459396
2025-12-31,0.0025413367241422513,0.014816736592942924,0.0114899147400771
2026-01-02,-0.00022908715380542954,0.0035161761989510997,0.001204171847127844
2026-01-05,-0.0010388731644923599,0.030334456366709443,0.003377051049579638
2026-01-06,0.00010404824836407478,0.026053972337064572,0.004808443746598723
2026-01-07,-0.0006440374878436961,-0.001530637643159301,0.005247429602852627
2026-01-08,0.0019501749895400877,-0.026661448455222225,0.006675817097747894
2026-01-09,-0.0010402606079750187,-0.0026574456354520578,0.009384463926741748
2026-01-12,-0.001666469638991419,-0.002332930245795472,0.004951296860484566
2026-01-13,0.0012427913569668103,0.004125449036183559,-0.005980203706580034
2026-01-14,0.0021193564439399015,0.04439870639238603,0.0013698964449087025
2026-01-15,-0.0013767685617428471,0.016624560608400084,0.0030343158562835537
2026-01-16,0.006197196510358438,-0.01425507422897011,0.0016765506010638642
2026-01-20,-0.0003105551998219269,-0.03197190683666619,0.00859617620789499
2026-01-21,0.0031502885426355487,-0.04675958774639737,0.01043829971407062
2026-01-22,-0.002594314505009132,0.011815577983421912,0.013101393550474683
2026-01-23,-0.002160985421327144,0.000973179489286427,0.006756997573590606
2026-01-26,-0.0023749598437567965,-0.03284707797459797,0.0166670104265485
2026-01-27,0.004605511347770541,0.019160436020144812,0.010870381753870229
2026-01-28,-0.002563687445487295,0.009826156952945555,0.00654129305218798
2026-01-29,0.000513950456966672,0.000480039740667666,0.02399357144613745
2026-01-30,-0.00039355574719490694,-0.05292927725758639,0.028713602536236227
2026-02-02,-0.003420188333225549,-0.09526046686108619,0.023319836517036174
2026-02-03,0.009887880917483605,0.023145115351895874,0.019960036684180338
2026-02-04,-0.0026090113370936807,-0.039511483231142445,0.010307485693865193
2026-02-05,-0.0034851390610023403,-0.0353580143665018,0.00950289156863926
2026-02-06,-0.006364841512920272,-0.1503696065293212,0.016938232113701268
2026-02-09,0.00014389031659645113,0.1124090350815036,0.011825402630593507
2026-02-10,-0.001215937653344823,-0.0021879270838145995,0.018413037565449875
2026-02-11,0.0014930829635735332,-0.01924803538615542,0.02163767798636851
2026-02-12,-0.0029559534440284363,-0.026730278860292313,0.020010021379215814
2026-02-13,-0.0009731546420413961,-0.011619095815449284,0.01446029287890549
2026-02-17,0.0008122870461191312,0.03901795702058917,0.026151621939406677
2026-02-18,-0.0012543405653617778,-0.02025406681261517,0.02681926148492697
2026-02-19,0.002439735974808732,-0.01541903783611458,0.017330738767733278
2026-02-20,0.0013833835548577866,0.00793318655217432,0.017387097613459135
2026-02-23,0.004505329816361092,0.009779542848899309,0.022277707852583095
2026-02-24,-0.0003822031988294228,-0.045305341071646105,0.016629405279920295
2026-02-25,0.0025959784332818536,-0.008963302507705457,0.009377879309534043
2026-02-26,-0.0012868333176052626,0.05972383302782602,0.0074553682448630365
2026-02-27,0.0004830142434184559,-0.007589688206596278,0.013464567310894848
2026-03-02,0.0007608462120292092,-0.02564730046176849,0.014313399092631629
2026-03-03,-0.0012460484264695815,0.04480507433418093,-0.012301977154860144
2026-03-04,-0.005161955828877796,-0.007457094726636978,-0.008614989154294816
2026-03-05,0.0012919465075682535,0.06374499950086716,-0.012167188192088951
2026-03-06,0.0009799094279394627,-0.026055878641323114,-0.002462381162342875
2026-03-09,0.0023442525527113123,-0.07232630439823647,-0.007196991917225337
2026-03-10,0.00044850337895518955,0.03738679468488635,-0.0007612862221948458
2026-03-11,0.0012156685986661753,0.0212416051732637,-0.007705895627067139
2026-03-12,0.004165912610708755,0.003924791361922308,-0.01887480479621151
2026-03-13,0.0008844310894091656,0.004211506380957933,-0.017980043831477555
2026-03-16,-0.001160986616033588,0.03246692743454887,-0.015612750959278276
2026-03-17,-0.0015013041247073922,0.027624028472592356,-0.009228484664595804
2026-03-18,-0.0025857625396118467,-0.012525705279094823,-0.00826458815797404
2026-03-19,-0.0006165283816195188,-0.0367036044527145,-0.005055961496317707
2026-03-20,0.00412736126501545,-0.019155702708210483,-0.007021719363691337
2026-03-23,-0.0037959172779836736,-0.029932898741948665,-0.005202272644715955
2026-03-24,-0.002197736286927543,0.04376627275300348,-0.004458552694629581
2026-03-25,-0.00020159817059250962,-0.005198351795962151,-0.004714882727643976
2026-03-26,0.0001423874755228649,0.011048020724864162,0.0029361751912575507
2026-03-27,0.002152390820094441,-0.03600662692722377,0.007513080254755167
2026-03-30,0.001870059187328632,-0.04190232202961631,0.0002250889021242486
2026-03-31,-0.0006849504148974672,0.011119786138577524,-0.007270932060988167
2026-04-01,0.00036137251675461,0.02256501984655375,0.0018238710687310533
2026-04-02,-3.581065468993838e-05,-0.0017127813975500682,0.007245876850015431
2026-04-03,-0.00029879211395344996,-0.01790431863847014,0.005147197228653866
2026-04-06,-0.0005513290160032991,0.030986692535416516,0.0011817386412367181
2026-04-07,0.005476852536427046,-0.002031293576979753,-0.007083024225160828
2026-04-08,0.0010947937729848256,0.04394038615902681,0.008426637075267696
2026-04-09,0.0024647706877660713,-0.011461890117472083,0.008417633772407118
2026-04-10,0.0030102705567265353,0.008980272226462848,0.0003569751717433789
2026-04-13,0.006745732619030997,-0.01407521992550239,-0.007673267274960538
2026-04-14,0.0009069948623570134,0.05140392422784463,0.007239130619961287
2026-04-15,0.003247882278176295,-0.00411133737397005,0.0014089012011291313
2026-04-16,0.004111748174230323,0.008316921005710614,-0.002793351829192825
2026-04-17,0.002595124848172592,0.004730490384397842,0.0099415007881003
2026-04-20,-2.9016499058842626e-05,-0.017617558951209616,0.008476958408438096
2026-04-21,-0.0059748531612898725,0.026940499958640448,0.0016344861489516749
2026-04-22,0.0005621706068283938,0.006296674023817473,0.001291827057025241
2026-04-23,-0.0005813817392454901,0.023984265046974044,0.005799340036205525
2026-04-24,0.0005028301198184426,0.0007689499036612951,0.009878116979675777
2026-04-27,0.0013680851562614116,0.004879304427132141,0.01174657894133957
2026-04-28,0.0022509638648500196,-0.016357063028527314,0.00918284357906507
2026-04-29,-9.437705704273824e-05,-0.013351815057866815,0.005932842995224785
2026-04-30,0.00037319312091965706,-0.007432798739995029,0.008641953147103143
2026-05-01,0.0007603757931200494,0.006636251198640038,0.0033090598241891644
2026-05-04,0.0014098598784779703,0.029152053566515766,0.006314710747110652
2026-05-05,0.0013405106593733507,0.016225172898616465,0.0009402954461517066
2026-05-06,0.001935751789010176,0.01369224510329849,0.013061531449296115
2026-05-07,0.0004811680885856706,0.006259129928028677,0.013577384729470676
2026-05-08,0.0017634069155054721,-0.017597576932927017,0.00838945064123875
2026-05-11,0.001148815989199914,0.026274096864630395,-0.0005305347496821211
2026-05-12,0.0008625607873349317,-0.004979252056655816,-0.006463063793306412
2026-05-13,0.001648456145673105,-0.015370366905923005,-0.002809160032127278
2026-05-14,-0.00037594333823798287,-0.015093687597384426,-0.0092422056698086
2026-05-15,3.308219288511438e-05,0.022225601093825372,-0.007240124508505974
2026-05-18,0.001940993828749571,-0.046174014933836764,-0.006641490943831818
2026-05-19,-0.0006286849663424965,-0.005986144831950865,-0.012345263311507093
2026-05-20,0.0021979706224732887,-0.00253324431299329,-0.011046400297891057
2026-05-21,0.0018076708686578513,0.009215315164937397,-0.016413326243935433
2026-05-22,-0.002309248085503146,0.0009661838993765217,-0.0110658506264103
2026-05-26,0.0008145190795840751,-0.003273158742850775,-0.017328775035354904
2026-05-27,0.00045360407546501946,-0.01909257972237884,-0.017902022880751822
2026-05-28,-0.0003642952052337334,-0.01964375729397741,-0.015095046671933066
2026-05-29,0.0010862631686001656,-0.010944514730011809,-0.015315377572028388
2026-06-01,0.0005448182150942227,0.0004283878888706736,-0.03529008024444413
2026-06-02,0.002556195240420278,-0.030989483415039796,-0.025101787388469576
2026-06-03,-0.005666358064919219,-0.06740255317819047,-0.02401770484507082
2026-06-04,-0.00237821570267549,-0.04077025352964359,-0.024130429846258572
2026-06-05,0.009882394242724635,-0.0031324003475945925,-0.021067316199843145
2026-06-08,-0.0015198267966978207,-0.008466204091762727,-0.01742458455177953
2026-06-09,0.0033087028651097583,-0.002917266936864534,-0.019992929887732935
2026-06-10,0.0018057585281190391,-0.023217570988228842,-0.009097655125834603
2026-06-11,0.0008163729303554135,-0.003119601115622907,-0.018339917996331168
2026-06-12,-0.0005398051228118206,0.03356377499900332,-0.005599783347140952
2026-06-15,-0.00038936399321087833,0.03350617584735929,-0.008871651312435946
2026-06-16,0.00012409850782435505,0.008668635011716575,-0.00404657337370895
2026-06-17,-0.0071440948093389744,-0.010213505152567578,-0.004747143457578318
2026-06-18,0.0023802431885071584,-0.018192655165305095,-0.02069813410048249
2026-06-22,0.00185150392320943,-0.018709244309897965,-0.018422979578895826
2026-06-23,0.001084249140375082,0.011282728197013472,-0.017125024259039168
2026-06-24,0.0021317841471613086,-0.020513031843723602,-0.01731824326583631
2026-06-25,-0.0007633351883101769,-0.027007427329153323,-0.013875221125434933
2026-06-26,-0.0008832524760727933,-0.021121821259700975,-0.010748757138772214
2026-06-29,0.0013426811467354138,-0.0035719596659915622,-0.0195798007872221
2026-06-30,0.002868611307698554,0.010690134164281316,-0.01659506406635558
