Date,value,btc_volatility
2022-05-02,27.0,0.1431514903278105
2022-05-03,26.0,0.1428097594685396
2022-05-04,26.0,0.1436933599003314
2022-05-06,33.0,0.17123854536992186
2022-05-09,57.0,0.16682239921030123
2022-05-10,57.0,0.2061718716699283
2022-05-11,67.0,0.20738944964631575
2022-05-12,100.0,0.20899233085116886
2022-05-13,74.0,0.2084244401162018
2022-05-16,47.0,0.20999430257638074
2022-05-17,43.0,0.21519872148459407
2022-05-18,43.0,0.21537380183684185
2022-05-19,41.0,0.22149695507749237
2022-05-20,38.0,0.22748455049939983
2022-05-23,35.0,0.2308236334412464
2022-05-24,36.0,0.23424498177801187
2022-05-25,33.0,0.23501941468582124
2022-05-26,33.0,0.23369747823812453
2022-05-27,34.0,0.2261288754739275
2022-05-30,35.0,0.22384338030118647
2022-05-31,33.0,0.23452844950579285
2022-06-02,30.0,0.24239447336046657
2022-06-03,30.0,0.24248193958184594
2022-06-07,32.0,0.22798144686669466
2022-06-08,29.0,0.22457641472766887
2022-06-09,29.0,0.19113386744429312
2022-06-10,27.0,0.18923882202247322
2022-06-13,93.0,0.1915350301725389
2022-06-14,89.0,0.2546606759455132
2022-06-15,87.0,0.25185670550793543
2022-06-16,74.0,0.24791301374168379
2022-06-17,62.0,0.26765588264605034
2022-06-20,69.0,0.2748702303896881
2022-06-21,59.0,0.2747447432341238
2022-06-22,55.0,0.2732602427118574
2022-06-23,47.0,0.2727339346515388
2022-06-24,44.0,0.27762921425117787
2022-06-27,42.0,0.2777843020876793
2022-06-28,40.0,0.2777916943610715
2022-06-29,40.0,0.2782448935980665
2022-06-30,49.0,0.26831431350946267
2022-07-01,47.0,0.2685339186296618
2022-07-04,41.0,0.2605759043779555
2022-07-05,42.0,0.26464723604435525
2022-07-06,39.0,0.26464383132337693
2022-07-07,38.0,0.2609934990915675
2022-07-08,38.0,0.265940355702024
2022-07-11,36.0,0.2642821186805381
2022-07-12,36.0,0.26668900996092076
2022-07-13,36.0,0.2610842566129365
2022-07-14,34.0,0.20350596332566137
2022-07-15,32.0,0.20392047126693952
2022-07-18,37.0,0.17785672621986415
2022-07-19,37.0,0.18110978059561633
2022-07-20,40.0,0.16720335700652675
2022-07-21,42.0,0.16736139577353293
2022-07-22,35.0,0.16728806753159411
2022-07-25,30.0,0.1551913757582631
2022-07-26,33.0,0.16528124455737522
2022-07-27,30.0,0.16385669392354088
2022-07-28,31.0,0.18004729867510672
2022-07-29,30.0,0.18287269721186358
2022-08-01,92.0,0.18003288889234795
2022-08-02,87.0,0.18003673888719526
2022-08-03,89.0,0.18052693929558034
2022-08-04,85.0,0.174540216413947
2022-08-05,82.0,0.17481239599397835
2022-08-08,85.0,0.16969858981095737
2022-08-09,84.0,0.17186707886154495
2022-08-10,82.0,0.17054033907736615
2022-08-11,88.0,0.1683727512244463
2022-08-12,80.0,0.1650466691122176
2022-08-16,76.0,0.1573338342550484
2022-08-17,79.0,0.15630712509719447
2022-08-18,73.0,0.135360228078499
2022-08-19,100.0,0.13014830955902656
2022-08-22,83.0,0.1684976232091346
2022-08-23,79.0,0.16829077404497655
2022-08-24,70.0,0.16828795522024612
2022-08-25,75.0,0.15795089423225278
2022-08-26,77.0,0.15827587097989762
2022-08-29,89.0,0.15067493613705324
2022-08-30,83.0,0.1550730387421953
2022-08-31,76.0,0.15644889153302707
2022-09-01,79.0,0.1569658942706139
2022-09-02,71.0,0.15642067058549083
2022-09-05,72.0,0.15365588126970883
2022-09-06,79.0,0.15326326088342565
2022-09-07,87.0,0.16121195455174117
2022-09-08,75.0,0.16081164539741158
2022-09-13,87.0,0.18638689667567657
2022-09-14,82.0,0.21357097842079623
2022-09-15,79.0,0.21339245954161945
2022-09-16,81.0,0.2148116158372862
2022-09-19,96.0,0.18905034361550352
2022-09-20,84.0,0.18859522048298583
2022-09-21,86.0,0.19093360400465503
2022-09-22,81.0,0.19189302390011467
2022-09-23,84.0,0.19762615791443308
2022-09-26,78.0,0.18726918370018777
2022-09-27,79.0,0.18830837266086722
2022-09-28,80.0,0.1868127999174085
2022-09-29,73.0,0.18440005148012778
2022-09-30,72.0,0.1827553805218946
2022-10-04,69.0,0.18524503958541808
2022-10-05,68.0,0.1884468896147109
2022-10-06,66.0,0.1883625232846788
2022-10-07,68.0,0.18164458453418839
2022-10-11,68.0,0.1505762226631486
2022-10-12,63.0,0.15053504041489815
2022-10-13,72.0,0.14818489252761557
2022-10-14,69.0,0.10581009871689256
2022-10-17,62.0,0.10360777465456307
2022-10-18,63.0,0.10327571793268384
2022-10-19,65.0,0.09753567501729535
2022-10-20,63.0,0.09790254378966474
2022-10-21,60.0,0.09172471742587958
2022-10-24,62.0,0.0781200316770245
2022-10-25,65.0,0.07684826430207076
2022-10-26,72.0,0.08577500550383951
2022-10-27,67.0,0.08915769630816513
2022-10-28,64.0,0.09199881948482073
2022-10-31,65.0,0.09117130553085655
2022-11-01,33.0,0.09120280930096558
2022-11-02,37.0,0.09015288536311696
2022-11-03,36.0,0.08652480679355748
2022-11-04,38.0,0.0789488814031021
2022-11-07,35.0,0.0897533322699039
2022-11-08,54.0,0.09084899477502198
2022-11-09,95.0,0.13905262148691921
2022-11-10,100.0,0.2086072439252669
2022-11-11,87.0,0.23193123448127634
2022-11-14,80.0,0.2356307013367552
2022-11-15,65.0,0.23614896732653137
2022-11-16,64.0,0.23652942693032436
2022-11-17,59.0,0.23641423723835345
2022-11-18,56.0,0.23615066352623348
2022-11-21,57.0,0.2372067828341452
2022-11-22,59.0,0.23925409659123317
2022-11-23,48.0,0.24008040928211347
2022-11-24,43.0,0.24110908737436207
2022-11-25,43.0,0.23799029138849173
2022-11-28,46.0,0.2341201326375717
2022-11-29,45.0,0.2342489544451979
2022-11-30,44.0,0.23447505299177396
2022-12-01,44.0,0.23847106663209777
2022-12-02,39.0,0.23875511602249963
2022-12-05,39.0,0.23451632192804903
2022-12-06,38.0,0.23459025794220512
2022-12-07,39.0,0.23402937927658288
2022-12-08,39.0,0.23397765585901958
2022-12-09,36.0,0.21025996306075603
2022-12-12,37.0,0.0920090342649447
2022-12-13,43.0,0.09135120453397173
2022-12-14,41.0,0.09269251101645529
2022-12-15,42.0,0.09115961194092291
2022-12-16,42.0,0.09305584163780002
2022-12-19,39.0,0.10185596373355345
2022-12-20,37.0,0.10351277907015531
2022-12-21,38.0,0.10401406257123608
2022-12-22,39.0,0.09934509591627892
2022-12-23,36.0,0.0955389792918051
2022-12-26,36.0,0.09212582008543216
2022-12-27,37.0,0.09221806090086379
2022-12-28,38.0,0.09309302943500392
2022-12-29,36.0,0.09268777577827947
2023-01-02,37.0,0.07980547121390687
2023-01-03,36.0,0.07903532403028427
2023-01-04,38.0,0.07793659602195209
2023-01-05,36.0,0.07818403382391971
2023-01-06,37.0,0.07788728646741973
2023-01-09,38.0,0.07356685283955831
2023-01-10,36.0,0.073728110317515
2023-01-11,37.0,0.07513025054790405
2023-01-12,46.0,0.07984375842157257
2023-01-13,47.0,0.0886672348369814
2023-01-16,52.0,0.10489599375930696
2023-01-17,50.0,0.10556190459003216
2023-01-18,46.0,0.10555976830592696
2023-01-19,45.0,0.10636270830165742
2023-01-20,46.0,0.10455087914565668
2023-01-25,45.0,0.1285470812337034
2023-01-26,45.0,0.1299738705788264
2023-01-27,41.0,0.12938105042227654
2023-01-30,44.0,0.13259901437248295
2023-01-31,45.0,0.13828346302778036
2023-02-01,66.0,0.13879007981293043
2023-02-02,75.0,0.14099941128402682
2023-02-03,65.0,0.1414550595137242
2023-02-06,61.0,0.14193277154208522
2023-02-07,55.0,0.1421344854075127
2023-02-08,57.0,0.14340787733976815
2023-02-09,59.0,0.1438729043773486
2023-02-10,59.0,0.15240277026597507
2023-02-13,57.0,0.130496190175055
2023-02-14,56.0,0.12054162663394505
2023-02-15,62.0,0.12201986130088793
2023-02-16,77.0,0.15182104481414926
2023-02-17,66.0,0.15540501114531857
2023-02-20,62.0,0.1410744301525864
2023-02-21,64.0,0.14276412609664196
2023-02-22,60.0,0.14365373939747253
2023-02-23,59.0,0.14376130806040277
2023-02-24,58.0,0.1435416521518071
2023-02-27,60.0,0.14657726879432242
2023-02-28,54.0,0.14659150251530015
2023-03-02,55.0,0.14037773763395
2023-03-03,63.0,0.13997423975285095
2023-03-06,53.0,0.14566524242438925
2023-03-07,50.0,0.14558865054390105
2023-03-08,56.0,0.14491802234892248
2023-03-09,61.0,0.14649593596945545
2023-03-10,77.0,0.15823266672534675
2023-03-13,92.0,0.16676135615764565
2023-03-14,100.0,0.18762061642991434
2023-03-15,83.0,0.188947208430854
2023-03-16,73.0,0.18961633489955612
2023-03-17,84.0,0.1906153369072442
2023-03-20,99.0,0.18785213582967092
2023-03-21,91.0,0.18805308675037608
2023-03-22,87.0,0.18804817345207123
2023-03-23,85.0,0.1894419432038839
2023-03-24,81.0,0.19232709550972546
2023-03-27,75.0,0.19231647946279767
2023-03-28,72.0,0.19482093054133842
2023-03-29,74.0,0.19418019904511286
2023-03-30,73.0,0.19801392035174095
2023-03-31,67.0,0.1977110789804259
2023-04-03,68.0,0.19112379697693016
2023-04-04,66.0,0.19161275792290805
2023-04-05,66.0,0.19202919190189494
2023-04-06,65.0,0.19202809499956683
2023-04-07,63.0,0.19185527099252578
2023-04-10,69.0,0.18003586625911505
2023-04-11,96.0,0.1844983368331613
2023-04-12,80.0,0.17084369805502567
2023-04-13,74.0,0.14769806516973702
2023-04-14,78.0,0.14692763207344792
2023-04-17,71.0,0.11041149556760524
2023-04-18,71.0,0.11275881558588145
2023-04-19,69.0,0.11045861576718424
2023-04-20,69.0,0.12210204121987253
2023-04-21,69.0,0.12299006431109472
2023-04-24,68.0,0.11639270777288947
2023-04-25,64.0,0.11642374736193678
2023-04-26,74.0,0.11839148594788758
2023-04-27,66.0,0.11431058492944918
2023-04-28,60.0,0.1198320478545941
2023-05-02,78.0,0.119116934064004
2023-05-03,80.0,0.12052299730105799
2023-05-04,77.0,0.12028730179898967
2023-05-08,87.0,0.12466971701570424
2023-05-09,80.0,0.1276119148814895
2023-05-10,82.0,0.1269086151045823
2023-05-11,81.0,0.11846189720654683
2023-05-12,81.0,0.1190877212509341
2023-05-15,70.0,0.11766036022411815
2023-05-16,68.0,0.1179422627136143
2023-05-17,68.0,0.11808168724258568
2023-05-18,72.0,0.11521972214974843
2023-05-19,68.0,0.11273340043522903
2023-05-22,69.0,0.09234351750996841
2023-05-23,73.0,0.09024014477316226
2023-05-24,68.0,0.09092586988942625
2023-05-25,69.0,0.09684957517738473
2023-05-26,68.0,0.0928460068433888
2023-05-30,69.0,0.09720690180327698
2023-05-31,70.0,0.0972156887123916
2023-06-01,70.0,0.08990607377602187
2023-06-02,69.0,0.08869408426892333
2023-06-05,81.0,0.08641402527596162
2023-06-07,74.0,0.11254467394962538
2023-06-08,71.0,0.11414742619838043
2023-06-09,67.0,0.11428318040658332
2023-06-12,73.0,0.11436410309062053
2023-06-13,71.0,0.11436769589996482
2023-06-14,72.0,0.11425034232396952
2023-06-15,81.0,0.11800601847422419
2023-06-16,75.0,0.1191876916770488
2023-06-19,65.0,0.12049036063561906
2023-06-20,76.0,0.12170699566764502
2023-06-21,100.0,0.13227880063259478
2023-06-22,97.0,0.14405635168938535
2023-06-23,95.0,0.14342437026103408
2023-06-26,83.0,0.1415797240927511
2023-06-27,81.0,0.14160554104190468
2023-06-28,81.0,0.13533352123737227
2023-06-29,80.0,0.136303774804953
2023-06-30,86.0,0.1368300403734575
2023-07-03,82.0,0.1339431593140107
2023-07-04,82.0,0.13488878683652675
2023-07-05,77.0,0.1354209995105115
2023-07-06,81.0,0.1253005993406987
2023-07-07,77.0,0.11350336454764588
2023-07-10,77.0,0.10936065599981305
2023-07-11,79.0,0.10686956463299073
2023-07-12,78.0,0.10704812767384751
2023-07-13,84.0,0.1073100063410102
2023-07-14,94.0,0.11298233453434603
2023-07-17,78.0,0.10976385983888148
2023-07-18,75.0,0.10958985793897412
2023-07-19,76.0,0.10980626151329603
2023-07-20,77.0,0.10812161767592286
2023-07-21,72.0,0.09398038938976908
2023-07-24,77.0,0.07082735747723708
2023-07-25,74.0,0.07696878785313664
2023-07-26,73.0,0.07693008051761187
2023-07-27,72.0,0.07677550218085084
2023-07-28,72.0,0.07558537988894881
2023-07-31,69.0,0.07196746052193959
2023-08-01,42.0,0.07187754446068247
2023-08-02,45.0,0.07351432760597063
2023-08-03,43.0,0.07370821398542382
2023-08-04,43.0,0.0727084478401311
2023-08-07,40.0,0.06817306745936726
2023-08-08,44.0,0.06820923433064778
2023-08-09,45.0,0.07105331045218127
2023-08-10,43.0,0.07108337793404522
2023-08-11,42.0,0.07088736887846077
2023-08-14,42.0,0.04838839939150343
2023-08-16,43.0,0.04925789630152566
2023-08-17,52.0,0.0517434833533267
2023-08-18,72.0,0.08955426005005089
2023-08-21,48.0,0.09247970193468605
2023-08-22,49.0,0.09240646347091903
2023-08-23,48.0,0.09189326214573554
2023-08-24,44.0,0.08795094087013815
2023-08-25,44.0,0.08849557021635633
2023-08-28,42.0,0.08840524557543614
2023-08-29,52.0,0.08839582339658032
2023-08-30,49.0,0.10696815483668748
2023-08-31,44.0,0.10809258997100805
2023-09-01,46.0,0.11869476151596069
2023-09-04,39.0,0.11745061600220438
2023-09-05,43.0,0.11760577422758584
2023-09-06,42.0,0.11760970059598522
2023-09-07,41.0,0.11751690590881346
2023-09-08,42.0,0.11734404322741498
2023-09-11,40.0,0.11779224044666448
2023-09-12,43.0,0.12068800341327705
2023-09-13,41.0,0.12346231979068177
2023-09-14,39.0,0.12429974522813535
2023-09-15,40.0,0.12456711708189255
2023-09-18,42.0,0.09637787333255908
2023-09-19,39.0,0.09673977929542849
2023-09-20,39.0,0.09814538563273652
2023-09-21,39.0,0.09816648101290297
2023-09-22,38.0,0.10033341722084008
2023-09-25,38.0,0.0994071791535005
2023-09-26,38.0,0.09940543948892147
2023-09-27,38.0,0.09940243395226601
2023-10-04,40.0,0.07493500025898614
2023-10-05,37.0,0.07586091772247505
2023-10-06,37.0,0.0770988648802534
2023-10-10,39.0,0.07715471681615844
2023-10-11,40.0,0.07741362968984734
2023-10-12,38.0,0.07536982609217466
2023-10-13,38.0,0.07071424997391086
2023-10-16,46.0,0.06913701839770846
2023-10-17,45.0,0.0844272503158593
2023-10-18,44.0,0.0844978425241065
2023-10-19,42.0,0.08411585540332815
2023-10-20,52.0,0.08352204982664693
2023-10-23,61.0,0.08759267446573889
2023-10-24,100.0,0.13101940284646543
2023-10-25,72.0,0.1328361977126978
2023-10-26,65.0,0.13394507662248675
2023-10-27,55.0,0.13426602495462348
2023-10-30,52.0,0.13270327848227897
2023-10-31,50.0,0.13269152761852282
2023-11-01,33.0,0.12754592534654197
2023-11-02,39.0,0.12843924199642587
2023-11-03,36.0,0.1291877174267657
2023-11-06,32.0,0.12684899745546568
2023-11-07,34.0,0.12684597827708968
2023-11-08,32.0,0.1273493560840092
2023-11-09,45.0,0.12681948894981104
2023-11-10,42.0,0.13002985934049582
2023-11-13,35.0,0.1296556711978916
2023-11-14,36.0,0.13055129832171336
2023-11-15,35.0,0.13269469368516443
2023-11-16,33.0,0.1390720925181973
2023-11-17,32.0,0.14672084871276608
2023-11-20,34.0,0.1445516731122705
2023-11-21,32.0,0.14434624418809378
2023-11-22,34.0,0.1513626864833637
2023-11-23,31.0,0.1239806443317263
2023-11-24,33.0,0.12144861871487533
2023-11-27,30.0,0.12047016826934055
2023-11-28,29.0,0.12049832970785038
2023-11-29,30.0,0.12081405507320452
2023-11-30,29.0,0.12081409468110903
2023-12-01,32.0,0.12079435808754833
2023-12-04,59.0,0.12280176753506777
2023-12-05,56.0,0.13184969214628633
2023-12-06,52.0,0.14051944543887862
2023-12-07,45.0,0.14072153910255752
2023-12-08,44.0,0.14063509268385288
2023-12-11,45.0,0.1382844004484644
2023-12-12,38.0,0.15065648420194333
2023-12-13,39.0,0.15073463732436296
2023-12-14,39.0,0.15373827126956355
2023-12-15,36.0,0.15148552008888508
2023-12-18,36.0,0.13291454425618565
2023-12-19,38.0,0.13292397921118834
2023-12-20,38.0,0.13327598848791075
2023-12-21,39.0,0.13706163555638684
2023-12-22,37.0,0.1293585071020408
2023-12-26,36.0,0.1230573612350015
2023-12-27,40.0,0.12530010831093683
2023-12-28,38.0,0.12712156263076768
2024-01-02,52.0,0.13185866538013608
2024-01-03,61.0,0.13242725782699444
2024-01-04,48.0,0.13201805555991464
2024-01-05,50.0,0.12652016250064524
2024-01-08,55.0,0.12433095578473019
2024-01-09,62.0,0.14082408997761592
2024-01-10,91.0,0.14193435187894882
2024-01-11,100.0,0.12909616902879043
2024-01-12,66.0,0.1291409270063926
2024-01-15,45.0,0.14755347334653515
2024-01-16,42.0,0.148543272673676
2024-01-17,37.0,0.14773688020158104
2024-01-18,39.0,0.14800351926497696
2024-01-19,41.0,0.1502538292088411
2024-01-22,39.0,0.14694549701631607
2024-01-23,43.0,0.15532176300144562
2024-01-24,36.0,0.15466369982043712
2024-01-25,35.0,0.15416174469479652
2024-01-26,34.0,0.1521307869020663
2024-01-29,30.0,0.15585428221588274
2024-01-30,33.0,0.15855258861310936
2024-01-31,30.0,0.15871230697565916
2024-02-01,27.0,0.15259755742213957
2024-02-02,26.0,0.15203990971494488
2024-02-05,25.0,0.14142003578791223
2024-02-06,25.0,0.14135477711218283
2024-02-07,25.0,0.14170218542482274
2024-02-08,30.0,0.12803184856485955
2024-02-13,44.0,0.11486958226138552
2024-02-14,47.0,0.11185317672901694
2024-02-15,47.0,0.11768176859433886
2024-02-16,39.0,0.11676906448316775
2024-02-19,35.0,0.11142647501594567
2024-02-20,34.0,0.11162186931313041
2024-02-21,33.0,0.11198776912988932
2024-02-22,32.0,0.10018367685040507
2024-02-23,31.0,0.10037944358681249
2024-02-26,37.0,0.09112182466212017
2024-02-27,62.0,0.1050270018367579
2024-02-28,96.0,0.11448696021633939
2024-02-29,85.0,0.1431708024465456
2024-03-04,86.0,0.1464904472930379
2024-03-05,100.0,0.1664902618156965
2024-03-06,78.0,0.18008672094824255
2024-03-07,64.0,0.18354053344269416
2024-03-08,64.0,0.18369841446089866
2024-03-11,83.0,0.17712664910817708
2024-03-12,71.0,0.18197969732981956
2024-03-13,69.0,0.18185726097297325
2024-03-14,63.0,0.1800783885241163
2024-03-15,70.0,0.18155627999830473
2024-03-18,52.0,0.1947917970700725
2024-03-19,66.0,0.19488514607352345
2024-03-20,62.0,0.21357583973297736
2024-03-21,53.0,0.23228304846405531
2024-03-22,47.0,0.2347871068927562
2024-03-25,51.0,0.24046106345519425
2024-03-26,51.0,0.24320468332891607
2024-03-27,48.0,0.2431833321875523
2024-03-28,45.0,0.23752225213768524
2024-03-29,46.0,0.23384484112059198
2024-04-01,43.0,0.21515207097700295
2024-04-02,52.0,0.21629406523613312
2024-04-03,44.0,0.22454782375609067
2024-04-04,43.0,0.21025984729753777
2024-04-05,41.0,0.20207119362394632
2024-04-08,47.0,0.19845347268374058
2024-04-09,42.0,0.2010336488564068
2024-04-11,43.0,0.20027937192975437
2024-04-12,46.0,0.2002257196612861
2024-04-15,54.0,0.20754417073657785
2024-04-16,51.0,0.20117283705690098
2024-04-17,51.0,0.1960013830507892
2024-04-18,56.0,0.19985553050361043
2024-04-19,82.0,0.18305554482357714
2024-04-22,45.0,0.153397924064368
2024-04-23,39.0,0.1560053718320632
2024-04-24,39.0,0.1486152931090205
2024-04-25,37.0,0.14687423245492012
2024-04-26,33.0,0.14691146669454003
2024-04-29,33.0,0.1456433407843607
2024-04-30,38.0,0.1460372629571761
2024-05-01,100.0,0.1531465319828071
2024-05-02,80.0,0.15640500251562225
2024-05-03,75.0,0.14389604089386043
2024-05-07,65.0,0.1521328547342185
2024-05-08,63.0,0.1525653509332528
2024-05-09,59.0,0.15026315764676346
2024-05-10,62.0,0.14910912272120183
2024-05-13,63.0,0.14666996210827993
2024-05-14,60.0,0.14042146276820003
2024-05-16,68.0,0.1536239490463454
2024-05-17,66.0,0.15426800572408755
2024-05-20,72.0,0.14736478312696277
2024-05-21,81.0,0.16445553561865048
2024-05-22,72.0,0.16548169678240657
2024-05-23,68.0,0.1636026143233875
2024-05-24,66.0,0.164398051961779
2024-05-27,61.0,0.16163784354321695
2024-05-28,62.0,0.1620671891897569
2024-05-29,61.0,0.16275880305706672
2024-05-30,61.0,0.16270444891952093
2024-05-31,55.0,0.15462272286588213
2024-06-03,58.0,0.13608142342556204
2024-06-04,60.0,0.13600689838835825
2024-06-05,70.0,0.13828884612795422
2024-06-07,67.0,0.13721753489217392
2024-06-10,56.0,0.12908724595345833
2024-06-11,65.0,0.1291010529892954
2024-06-12,65.0,0.13256238941361934
2024-06-13,61.0,0.13113817240671033
2024-06-14,58.0,0.13116582799453597
2024-06-17,57.0,0.1049710559829143
2024-06-18,63.0,0.10497826046620394
2024-06-19,56.0,0.10645168012714694
2024-06-20,55.0,0.07537982122082426
2024-06-21,54.0,0.07312414349091483
2024-06-24,74.0,0.07202033935358396
2024-06-25,64.0,0.0852113231483376
2024-06-26,57.0,0.08801934711439671
2024-06-27,54.0,0.08854862459551081
2024-06-28,52.0,0.0881292295223726
2024-07-01,53.0,0.09356598931486716
2024-07-02,53.0,0.0935403995929165
2024-07-03,57.0,0.09444939796250258
2024-07-04,73.0,0.09815122497955864
2024-07-05,90.0,0.1087421564149642
2024-07-08,70.0,0.11816210627889524
2024-07-09,61.0,0.1191395730077207
2024-07-10,60.0,0.12119026687299829
2024-07-11,70.0,0.12126408423372052
2024-07-12,64.0,0.11719566620512976
2024-07-15,71.0,0.11927357273437847
2024-07-16,84.0,0.13564476487253266
2024-07-17,67.0,0.13551774934744548
2024-07-18,63.0,0.13633114301359026
2024-07-19,72.0,0.13483629752710885
2024-07-22,68.0,0.1416432922233839
2024-07-23,72.0,0.14186124557447347
2024-07-24,66.0,0.14305884132365576
2024-07-25,67.0,0.1354611897453534
2024-07-26,65.0,0.13332917620505128
2024-07-29,76.0,0.13393893599769996
2024-07-30,65.0,0.1354112609789453
2024-07-31,58.0,0.13252448019104923
2024-08-01,31.0,0.13462265986802988
2024-08-02,33.0,0.1343891733535364
2024-08-05,100.0,0.14146822548982502
2024-08-06,58.0,0.1570873376980854
2024-08-07,45.0,0.15602619932830272
2024-08-08,41.0,0.15642463145037605
2024-08-09,37.0,0.1924082320733855
2024-08-12,35.0,0.1960220689970379
2024-08-13,32.0,0.19501082992713173
2024-08-14,32.0,0.19437586454014494
2024-08-16,31.0,0.1870919932614027
2024-08-19,30.0,0.18430291033122922
2024-08-20,29.0,0.1850056685650434
2024-08-21,31.0,0.18458230849589777
2024-08-22,29.0,0.1878249039857695
2024-08-23,33.0,0.18658984561356434
2024-08-26,29.0,0.19296069778684466
2024-08-27,30.0,0.19433622641316273
2024-08-28,32.0,0.20199451269164492
2024-08-29,29.0,0.20094040268451427
2024-08-30,28.0,0.20083414616491385
2024-09-02,28.0,0.19162539006645685
2024-09-03,28.0,0.1937075553648987
2024-09-04,32.0,0.19104657325183755
2024-09-05,29.0,0.1764377513547192
2024-09-06,34.0,0.17511413289931752
2024-09-09,31.0,0.13731421949746236
2024-09-10,28.0,0.14282217842300957
2024-09-11,28.0,0.13826010310323852
2024-09-12,27.0,0.1379363586973705
2024-09-13,29.0,0.13703851636706785
2024-09-19,34.0,0.1418171124174088
2024-09-20,31.0,0.14303594764837724
2024-09-23,29.0,0.12457860263404406
2024-09-24,28.0,0.12465727043257822
2024-09-25,28.0,0.12551742126378163
2024-09-26,31.0,0.12466161911134717
2024-09-27,30.0,0.11609230634868295
2024-09-30,28.0,0.1160374547426987
2024-10-02,30.0,0.12461692560507205
2024-10-04,27.0,0.11731296135608202
2024-10-07,27.0,0.10803916628892368
2024-10-08,27.0,0.10836488930288712
2024-10-10,27.0,0.10332740911840431
2024-10-11,26.0,0.1029539794471659
2024-10-14,28.0,0.10073627752893298
2024-10-15,28.0,0.11196692180656827
2024-10-16,30.0,0.11203092087670832
2024-10-17,25.0,0.11117485894165734
2024-10-18,29.0,0.10536058585887409
2024-10-21,29.0,0.10238078686824208
2024-10-22,27.0,0.10516585950111391
2024-10-23,26.0,0.10509251742380477
2024-10-24,27.0,0.10552632431858065
2024-10-25,27.0,0.10683910927477985
2024-10-28,29.0,0.10356752145953481
2024-10-29,49.0,0.10744516062023424
2024-10-30,40.0,0.11428961958945241
2024-10-31,35.0,0.10871697934273095
2024-11-01,22.0,0.10532894559479657
2024-11-04,19.0,0.10390067666597455
2024-11-05,20.0,0.10479847656610139
2024-11-06,84.0,0.10660491974472804
2024-11-07,46.0,0.13689783409773412
2024-11-08,37.0,0.1369367993284876
2024-11-11,82.0,0.1384399931158738
2024-11-12,90.0,0.16892668183918966
2024-11-13,83.0,0.16904857151067262
2024-11-14,63.0,0.16409629878185317
2024-11-15,49.0,0.16743408487023714
2024-11-18,44.0,0.1720948622224726
2024-11-19,43.0,0.17227341727294535
2024-11-20,47.0,0.17317433870882962
2024-11-21,72.0,0.17279087155968642
2024-11-22,77.0,0.17806408804938373
2024-11-25,51.0,0.17542808589678854
2024-11-26,49.0,0.18310547111123457
2024-11-27,44.0,0.1829396547610399
2024-11-28,38.0,0.18560314626821628
2024-11-29,38.0,0.1814509290400609
2024-12-02,39.0,0.1801933293017049
2024-12-03,36.0,0.1807688981686555
2024-12-04,38.0,0.18059043377783468
2024-12-05,100.0,0.18239796781610093
2024-12-06,62.0,0.18177047290040174
2024-12-09,43.0,0.16268944900083881
2024-12-10,47.0,0.16691788155495238
2024-12-11,42.0,0.16017452615811129
2024-12-12,40.0,0.13511138095117722
2024-12-13,35.0,0.1353311584778218
2024-12-16,51.0,0.12403044543728153
2024-12-17,46.0,0.12497827436533926
2024-12-18,44.0,0.12471729452623509
2024-12-19,48.0,0.1373884503218342
2024-12-20,52.0,0.13861939307818633
2024-12-23,38.0,0.13197810015573966
2024-12-24,39.0,0.13144093016659178
2024-12-26,35.0,0.1271182591745274
2024-12-27,35.0,0.13194151864160483
2024-12-30,35.0,0.12605392772220175
2025-01-02,35.0,0.12551448386916428
2025-01-03,32.0,0.1280881901118917
2025-01-06,34.0,0.12092735179110552
2025-01-07,36.0,0.12713240986113336
2025-01-08,34.0,0.1373955360513391
2025-01-09,34.0,0.1336314208564482
2025-01-10,33.0,0.13612692607201743
2025-01-13,33.0,0.12904912219409878
2025-01-14,31.0,0.12904777994360875
2025-01-15,32.0,0.12762900241881814
2025-01-16,31.0,0.13288717212634416
2025-01-17,38.0,0.1329911608463814
2025-01-20,61.0,0.1271328528794447
2025-01-21,47.0,0.12727033095043624
2025-01-22,37.0,0.1314158714260427
2025-01-23,39.0,0.13353618558242936
2025-01-24,37.0,0.12733670993259222
2025-01-31,29.0,0.1232652941948778
2025-02-03,89.0,0.1263343804590141
2025-02-04,66.0,0.131795132554408
2025-02-05,62.0,0.13649097869185883
2025-02-06,53.0,0.1313811271908015
2025-02-07,52.0,0.11994985014220576
2025-02-10,45.0,0.11273625180859256
2025-02-11,46.0,0.11317446135469666
2025-02-12,46.0,0.11454548735719182
2025-02-13,44.0,0.11662977479842582
2025-02-14,45.0,0.1153939583489691
2025-02-17,41.0,0.10153716024920117
2025-02-18,47.0,0.10158260176184382
2025-02-19,42.0,0.09675063321455495
2025-02-20,42.0,0.09708517905618852
2025-02-21,47.0,0.09034129080974701
2025-02-24,44.0,0.0897487901348604
2025-02-25,88.0,0.10294779744451525
2025-02-26,74.0,0.10580057694384394
2025-02-27,69.0,0.11808599212315414
2025-02-28,100.0,0.11800461884248153
2025-03-04,74.0,0.17154939954622353
2025-03-05,63.0,0.16946233962264726
2025-03-06,57.0,0.1695688426442424
2025-03-07,76.0,0.165985893500875
2025-03-10,78.0,0.1818205278011226
2025-03-11,76.0,0.18374422967020126
2025-03-12,59.0,0.1913216160951268
2025-03-13,56.0,0.19132638054545315
2025-03-14,55.0,0.1931587249359081
2025-03-17,48.0,0.19566952008776378
2025-03-18,47.0,0.19644878568939503
2025-03-19,48.0,0.19654397375587285
2025-03-20,43.0,0.2025020303120451
2025-03-21,39.0,0.20492291026840612
2025-03-24,46.0,0.20432660486096937
2025-03-25,43.0,0.2049528003123702
2025-03-26,43.0,0.204928626034641
2025-03-27,39.0,0.19872894449639317
2025-03-28,39.0,0.19617828998384268
2025-03-31,45.0,0.1928694968979477
2025-04-01,45.0,0.1919145986616695
2025-04-02,44.0,0.17171118162970428
2025-04-03,55.0,0.1493057754637179
2025-04-04,56.0,0.14890603886656784
2025-04-07,87.0,0.15325757171729296
2025-04-08,61.0,0.15345978002584051
2025-04-09,65.0,0.14360556758433457
2025-04-10,54.0,0.16197555326968335
2025-04-11,49.0,0.15732857561050295
2025-04-14,43.0,0.15949802980187053
2025-04-15,40.0,0.15975648652904184
2025-04-16,38.0,0.15874087617928034
2025-04-17,36.0,0.15784510656648568
2025-04-18,31.0,0.1573929814494298
2025-04-21,42.0,0.14651243293740465
2025-04-22,48.0,0.1489942719152765
2025-04-23,51.0,0.16070746234231043
2025-04-24,42.0,0.15985371569537993
2025-04-25,42.0,0.15987763068763913
2025-04-28,40.0,0.1567620570147453
2025-04-29,37.0,0.15588630403850814
2025-04-30,36.0,0.15603816389664638
2025-05-02,49.0,0.15467103012030703
2025-05-07,45.0,0.14009259808613195
2025-05-08,73.0,0.1397279525876704
2025-05-09,66.0,0.1480634091855585
2025-05-12,67.0,0.11121593931726527
2025-05-13,60.0,0.10973533807000646
2025-05-14,53.0,0.1089016729986391
2025-05-15,49.0,0.10859429186241022
2025-05-16,55.0,0.10805791057259269
2025-05-19,55.0,0.11182710021463613
2025-05-20,56.0,0.11184120548667816
2025-05-21,74.0,0.1123909945771603
2025-05-22,100.0,0.11220676352708184
2025-05-23,75.0,0.09278442828364994
2025-05-26,46.19225157681918,0.10152790625717888
2025-05-27,51.421563076081725,0.1016099436507624
2025-05-28,53.16466690916924,0.10128234226769439
2025-05-29,52.29311499262548,0.10104701655860322
2025-05-30,45.320699660275416,0.10288400416720528
2025-06-02,40.96294007755663,0.10168728416505132
2025-06-04,39.219836244469114,0.0998623160715111
2025-06-05,43.577595827187906,0.09998172537018628
2025-06-09,46.19225157681918,0.08681870818072272
2025-06-10,48.80690732645045,0.09487194736238418
2025-06-11,43.577595827187906,0.09467697407771299
2025-06-12,43.577595827187906,0.09495308891413483
2025-06-13,47.06380349336294,0.09797989495303579
2025-06-16,41.83449199410038,0.09801737649085916
2025-06-17,40.96294007755663,0.09865490620946124
2025-06-18,41.83449199410038,0.09587079283109602
2025-06-19,34.86207666175032,0.09561564260571265
2025-06-20,38.348284327925356,0.09498939073584214
2025-06-23,49.678459242994215,0.08234701833109928
2025-06-24,42.70604391064415,0.09253789162504217
2025-06-25,40.96294007755663,0.09211684786531397
2025-06-26,37.4767324113816,0.09278645016462787
2025-06-27,40.09138816101287,0.09275424867063883
2025-06-30,37.4767324113816,0.08905716514712857
2025-07-01,35.73362857829408,0.0896141177789155
2025-07-02,39.219836244469114,0.09006078076559577
2025-07-03,43.577595827187906,0.09468087000239654
2025-07-04,39.219836244469114,0.09485149481748316
2025-07-07,39.219836244469114,0.08695254579415237
2025-07-08,36.60518049483784,0.08654957979353557
2025-07-09,42.70604391064415,0.08673741627078548
2025-07-10,64.4948418242381,0.07891749163288668
2025-07-11,82.79743207165701,0.08905245427841688
2025-07-14,87.15519165437581,0.08564205295820436
2025-07-15,63.62328990769434,0.08566397828109464
2025-07-16,61.88018607460682,0.08747827800944752
2025-07-17,61.00863415806306,0.08709584686411173
2025-07-18,64.4948418242381,0.08470722075464636
2025-07-21,60.13708224151931,0.08441601198736835
2025-07-22,54.03621882571301,0.08366345335743394
2025-07-23,52.29311499262548,0.08564896343416653
2025-07-24,48.80690732645045,0.07507328451863574
2025-07-25,52.29311499262548,0.0748345705847453
2025-07-28,48.80690732645045,0.07515475273406444
2025-07-29,50.55001115953797,0.07607772505909854
2025-07-30,54.03621882571301,0.0754565052383505
2025-07-31,52.29311499262548,0.0745563887146553
2025-08-01,60.6654028832483,0.07546573979052502
2025-08-04,59.49876052010891,0.07286393094870344
2025-08-05,60.6654028832483,0.0732051791798806
2025-08-06,64.16532997266647,0.07309953536702841
2025-08-07,64.16532997266647,0.07301599369933251
2025-08-08,62.99868760952708,0.07585731369792363
2025-08-11,88.66481959859367,0.06348503625015699
2025-08-12,80.49832305661793,0.06366384142540532
2025-08-13,92.16474668801183,0.06329816448725142
2025-08-14,111.99766686138149,0.06819849122958113
2025-08-18,87.49817723545428,0.07677632901424396
2025-08-19,87.49817723545428,0.07746073463083797
2025-08-20,72.3318265146422,0.08290382371432421
2025-08-21,72.3318265146422,0.08387029418188102
2025-08-22,74.665111240921,0.08265609500729175
2025-08-25,75.83175360406038,0.09283103418887038
2025-08-26,78.16503833033916,0.09745887306356887
2025-08-27,62.99868760952708,0.09777783877138448
2025-08-28,59.49876052010891,0.09716475243068323
2025-08-29,68.83189942522404,0.09787408117444037
2025-09-01,61.83204524638769,0.10138192183258952
2025-09-02,60.6654028832483,0.1015994113222458
2025-09-03,60.6654028832483,0.10202936932809017
2025-09-04,58.33211815696952,0.10187801556861087
2025-09-05,59.49876052010891,0.10195513927244208
2025-09-08,55.998833430690745,0.09957471075682693
2025-09-09,54.83219106755135,0.09988955523232441
2025-09-10,66.49861469894526,0.09713091000914545
2025-09-11,55.998833430690745,0.09940560266516425
2025-09-12,55.998833430690745,0.09957661875941949
2025-09-15,55.998833430690745,0.08672811478133778
2025-09-16,50.16562161499379,0.08672650544433237
2025-09-17,53.66554870441196,0.08755469159105926
2025-09-18,57.165475793830126,0.08699605840761564
2025-09-19,50.16562161499379,0.08186767464358305
2025-09-20,43.165767436157445,0.0818071153750998
2025-09-22,64.16532997266647,0.07035398289178034
2025-09-23,59.49876052010891,0.07273177821140558
2025-09-24,52.498906341272566,0.07110950317249824
2025-09-25,57.165475793830126,0.06560478929826066
2025-09-26,57.165475793830126,0.0745748953189552
2025-09-29,57.165475793830126,0.0670089266968855
2025-09-30,55.998833430690745,0.06972604159796675
2025-10-01,64.16532997266647,0.06961277279315596
2025-10-02,67.66525706208465,0.07944338529871672
2025-10-06,75.83175360406038,0.08024984940126936
2025-10-10,73.49846887778159,0.08680002632007974
2025-10-13,85.1648925091755,0.11857542519363437
2025-10-14,76.99839596719977,0.11857327699874748
2025-10-15,72.3318265146422,0.1199190744628156
2025-10-16,78.16503833033916,0.12167830841110047
2025-10-17,88.66481959859367,0.12337674554440652
2025-10-20,68.83189942522404,0.12458709884603524
2025-10-21,68.83189942522404,0.12577124748978677
2025-10-22,64.16532997266647,0.12720898382968857
2025-10-23,60.6654028832483,0.12544263423146731
2025-10-24,58.33211815696952,0.12730548901890673
2025-10-27,60.6654028832483,0.12373639223576718
2025-10-28,58.33211815696952,0.12378834997823802
2025-10-29,57.165475793830126,0.12219523053311948
2025-10-30,59.49876052010891,0.12329274665126545
2025-10-31,55.998833430690745,0.12430626224303792
2025-11-03,62.7923917352754,0.11665553861481803
2025-11-04,87.90934842938557,0.12252238206644575
2025-11-05,78.49048966909426,0.13135410329275368
2025-11-06,67.50182111542107,0.13296412641974362
2025-11-07,69.07163090880294,0.13259341697313717
2025-11-10,59.65277214851164,0.11361039203955527
2025-11-11,61.222581941893516,0.112281149475856
2025-11-12,61.222581941893516,0.1092687899248486
2025-11-13,65.93201132203917,0.11006829224637617
2025-11-14,91.04896801614935,0.11026004634756661
2025-11-17,87.90934842938557,0.11922533379012264
2025-11-18,113.02630512349573,0.12112788546513831
2025-11-19,106.7470659499682,0.120731162453476
2025-11-20,108.31687574335008,0.12063644383077428
2025-11-21,156.98097933818852,0.13159850024771708
2025-11-24,91.04896801614935,0.13250335815366043
2025-11-25,89.47915822276745,0.1334763422424197
2025-11-26,84.7697288426218,0.1314416224256658
2025-11-27,81.63010925585803,0.1361930055420553
2025-11-28,76.92067987571237,0.1360601607924279
2025-12-01,116.1659247102595,0.13231716557521456
2025-12-02,102.03763656982252,0.14000070458319996
2025-12-03,87.90934842938557,0.15083370112607913
2025-12-04,78.49048966909426,0.14794067000013708
2025-12-05,64.3622015286573,0.14060751556716752
2025-12-08,67.50182111542107,0.13906208435449408
2025-12-09,67.50182111542107,0.13870323583404137
2025-12-10,59.65277214851164,0.138533263044577
2025-12-11,62.7923917352754,0.13824312308849598
2025-12-12,59.65277214851164,0.13545447266801913
2025-12-15,64.3622015286573,0.12641975717122175
2025-12-16,64.3622015286573,0.12742873650178674
2025-12-17,62.7923917352754,0.1276692722470786
2025-12-18,69.07163090880294,0.1271882337550115
2025-12-19,58.08296235512975,0.12707084761026377
2025-12-22,53.3735329749841,0.11583726917208025
2025-12-23,50.23391338822032,0.11574132333045446
2025-12-24,48.66410359483844,0.11373702677689362
2025-12-26,53.3735329749841,0.11204615046758709
2025-12-28,47.09429380145655,0.1059567072079745
2025-12-29,51.80372318160221,0.10587134093855688
2025-12-30,47.09429380145655,0.10617973403833406
2026-01-02,50.23391338822032,0.08056104800980837
2026-01-05,59.65277214851164,0.07156365131297357
2026-01-06,51.80372318160221,0.0761483711691428
2026-01-07,50.23391338822032,0.07493373384617173
2026-01-08,50.23391338822032,0.07950832814112556
2026-01-09,45.52448400807467,0.07631275549608446
2026-01-12,47.09429380145655,0.07209323012416274
2026-01-13,50.23391338822032,0.07221106249515069
2026-01-14,54.94334276836598,0.08138818170131727
2026-01-15,53.3735329749841,0.08063162359569813
2026-01-16,50.23391338822032,0.08026109368136779
2026-01-19,51.80372318160221,0.07295102713114122
2026-01-20,56.513152561747866,0.07387277058215726
2026-01-21,53.3735329749841,0.08737133739334545
2026-01-22,50.23391338822032,0.08815436220963087
2026-01-23,47.09429380145655,0.08733099005763902
2026-01-26,54.94334276836598,0.09188382551740439
2026-01-27,51.80372318160221,0.09369326649044439
2026-01-28,48.66410359483844,0.09420574211101078
2026-01-29,65.93201132203917,0.09385464169650466
2026-01-30,75.35087008233049,0.10672706533829679
2026-02-02,103.11920555506686,0.1266429785938846
2026-02-03,91.40111401471833,0.1285409784301929
2026-02-04,93.74473232278804,0.13413095837636485
2026-02-05,206.2384111101337,0.1362442428154795
2026-02-06,234.3618308069701,0.20290679982827473
2026-02-09,100.77558724699715,0.23310358879350698
2026-02-10,89.05749570664864,0.23311027343347535
2026-02-11,103.11920555506686,0.23385328020740864
2026-02-12,89.05749570664864,0.23533985030581547
2026-02-13,84.37025909050924,0.23140571168451077
2026-02-19,63.27769431788193,0.23500112225789804
2026-02-20,60.93407600981222,0.23043872041202212
2026-02-23,77.33940416630013,0.23070516998582055
2026-02-24,77.33940416630013,0.2350636293610439
2026-02-25,72.65216755016074,0.23349012893652893
2026-02-26,67.96493093402133,0.24024457170527386
2026-02-27,70.30854924209103,0.24016349481230473
2026-03-03,77.33940416630013,0.23119093340304564
2026-03-04,77.33940416630013,0.23026724870842732
2026-03-05,77.33940416630013,0.23780398319721582
2026-03-06,67.96493093402133,0.2359417002759542
2026-03-09,72.65216755016074,0.1433338688862933
2026-03-10,63.27769431788193,0.14706751665027132
2026-03-11,58.59045770174252,0.14789795225280564
2026-03-12,58.59045770174252,0.1479338407629698
2026-03-13,63.27769431788193,0.1467367410114245
2026-03-16,65.62131262595163,0.14034977692506395
2026-03-17,60.93407600981222,0.14244818750706445
2026-03-18,63.27769431788193,0.1423105707428118
2026-03-19,60.93407600981222,0.14696530774547265
2026-03-20,70.30854924209103,0.14681796689954857
2026-03-21,51.55960277753343,0.146252775285196
2026-03-23,60.93407600981222,0.1478527453540566
2026-03-24,53.90322108560312,0.15419385783997341
2026-03-25,56.24683939367282,0.15419432901899532
2026-03-26,53.90322108560312,0.14780181302655604
2026-03-27,65.62131262595163,0.15186017359653142
2026-03-30,70.30854924209103,0.1421382249199543
2026-03-31,60.93407600981222,0.1415371466059768
2026-04-01,56.24683939367282,0.14209458533102115
2026-04-02,53.90322108560312,0.13485662799588002
2026-04-03,49.21598446946372,0.13583543896408257
2026-04-06,60.93407600981222,0.11310297017818602
2026-04-07,58.59045770174252,0.11242386718542097
2026-04-08,63.27769431788193,0.11902075138508621
2026-04-09,56.24683939367282,0.11357614964650659
2026-04-10,56.24683939367282,0.11193293200595711
2026-04-13,51.55960277753343,0.11726114865765783
2026-04-14,58.59045770174252,0.12798412285514474
2026-04-15,53.90322108560312,0.1261049946641586
2026-04-16,53.90322108560312,0.12332296584662611
2026-04-17,74.99578585823043,0.12277637456671477
2026-04-20,49.21598446946372,0.12218633071036124
2026-04-21,49.21598446946372,0.122950332563708
2026-04-22,53.90322108560312,0.12216719812539774
2026-04-23,58.59045770174252,0.1165529177539687
2026-04-24,49.21598446946372,0.11643947380301557
2026-04-27,46.87236616139402,0.10538311365115723
2026-04-28,44.52874785332432,0.10664488949301482
2026-04-29,44.52874785332432,0.10733710116224507
2026-04-30,46.87236616139402,0.10701798979263068
2026-05-04,48.30266854225909,0.10636817108193154
2026-05-06,61.2408833303642,0.10538928159557152
2026-05-07,55.20304976258182,0.10555544149446175
2026-05-08,60.37833567782386,0.09757493739273743
2026-05-11,50.89031149988012,0.09695133398054012
2026-05-12,49.165216194799434,0.097071443871187
2026-05-13,47.44012088971875,0.09294491153060913
2026-05-14,50.02776384733978,0.07889367882598834
2026-05-15,47.44012088971875,0.08186138777028795
2026-05-18,48.30266854225909,0.08240740242157638
2026-05-19,47.44012088971875,0.08054284582376914
2026-05-20,41.40228732193636,0.07657214861867159
2026-05-21,41.40228732193636,0.07226635067337736
2026-05-22,45.71502558463806,0.07199799196653157
2026-05-26,43.12738262701705,0.07428473090477714
2026-05-27,45.71502558463806,0.07559474849336967
2026-05-28,51.75285915242045,0.07637335719661204
2026-05-29,48.30266854225909,0.07598948036943837
2026-06-01,50.89031149988012,0.07143099600953046
2026-06-02,71.5914551608483,0.07762835721614024
2026-06-04,75.04164577100966,0.10938742405382904
2026-06-05,86.2547652540341,0.10857229341365605
2026-06-06,72.45400281338864,0.11714573095895492
2026-06-08,62.10343098290454,0.12218445474550989
2026-06-09,57.79069272020284,0.12207685344118073
2026-06-10,56.06559741512216,0.12293856208795985
2026-06-11,56.9281450676625,0.12287729248454347
2026-06-12,52.61540680496079,0.12644804396151438
2026-06-15,57.79069272020284,0.12338344081376977
2026-06-16,54.34050211004148,0.12312988712649044
2026-06-17,50.89031149988012,0.12319435894846735
2026-06-18,52.61540680496079,0.12438644961867201
2026-06-19,49.165216194799434,0.1266554586148686
2026-06-20,45.71502558463806,0.1266588003393946
2026-06-22,51.75285915242045,0.1253043436742668
2026-06-23,56.06559741512216,0.1247966240943661
2026-06-24,61.2408833303642,0.12640626767817026
2026-06-25,61.2408833303642,0.1292009036847373
2026-06-26,56.9281450676625,0.12951632424456822
2026-06-29,52.61540680496079,0.1278613637828098
2026-06-30,54.34050211004148,0.12820212183274185
