Date,Hash Rate (TH/s),Unique Addresses
2022-05-02,236974085.5551653,687096.0
2022-05-03,222163205.20796743,692327.0
2022-05-04,216238853.06908828,615048.0
2022-05-06,210314500.9302092,723743.0
2022-05-09,229568645.3815663,705421.0
2022-05-10,226823707.2333046,714602.0
2022-05-11,225257597.8912952,694927.0
2022-05-12,209722591.14017135,730516.0
2022-05-13,236132102.61708185,727914.0
2022-05-16,254774110.7184304,663779.0
2022-05-17,228364599.24151996,683798.0
2022-05-18,208169090.46505892,646333.0
2022-05-19,189527082.3637104,662000.0
2022-05-20,198848086.4143847,668605.0
2022-05-23,248560108.0179809,638912.0
2022-05-24,186420081.01348567,600094.0
2022-05-25,219801139.27751225,700322.0
2022-05-26,209555369.85718092,653373.0
2022-05-27,205096744.96660265,688580.0
2022-05-30,228876077.71635368,644720.0
2022-05-31,216986411.34147817,685567.0
2022-06-02,185776037.10742992,664442.0
2022-06-03,212527786.45089987,678027.0
2022-06-07,240765744.0912292,648390.0
2022-06-08,266405768.7361438,656376.0
2022-06-09,219787040.37955952,661923.0
2022-06-10,221292431.06709072,669839.0
2022-06-13,200216961.44165352,708381.0
2022-06-14,219787040.37955952,717234.0
2022-06-15,248389463.44265285,732637.0
2022-06-16,179141491.81621632,662185.0
2022-06-17,162582194.2533728,663831.0
2022-06-20,198711570.75412232,605998.0
2022-06-21,225808603.1296844,647716.0
2022-06-22,193273708.26929796,639691.0
2022-06-23,223431040.49786,633984.0
2022-06-24,189622396.2119996,650157.0
2022-06-27,199911983.60334843,621986.0
2022-06-28,214611394.16241816,624229.0
2022-06-29,221961099.44195303,654949.0
2022-06-30,251359920.5600925,699397.0
2022-07-01,196972101.49153444,714094.0
2022-07-04,210201570.99469727,610225.0
2022-07-05,173453044.59702292,616343.0
2022-07-06,186682514.1001857,687966.0
2022-07-07,227544125.37384427,691644.0
2022-07-08,214480636.4041969,682201.0
2022-07-11,178250799.1737582,590261.0
2022-07-12,218828216.87184957,657668.0
2022-07-13,159411283.8139301,597185.0
2022-07-14,179699992.6629758,685931.0
2022-07-15,205785475.4688916,661194.0
2022-07-18,189844347.0874986,611990.0
2022-07-19,199988701.51202145,682638.0
2022-07-20,182598379.6414109,642244.0
2022-07-21,199187652.45519632,686329.0
2022-07-22,181711862.6387281,650694.0
2022-07-25,195477912.8386317,629329.0
2022-07-26,220256803.19845837,655695.0
2022-07-27,227139828.2984101,644191.0
2022-07-28,194101307.8186414,697022.0
2022-07-29,200984332.91859323,708268.0
2022-08-01,187218282.7186896,635502.0
2022-08-02,213373778.09850645,663588.0
2022-08-03,199607727.89860287,693063.0
2022-08-04,183173748.8020644,695558.0
2022-08-05,210085555.0395456,687443.0
2022-08-08,201682132.83796376,652517.0
2022-08-09,200281562.47103348,646055.0
2022-08-10,207284414.30568492,663480.0
2022-08-11,196079851.3702425,725127.0
2022-08-12,215687836.5072668,703328.0
2022-08-16,207284414.30568492,677726.0
2022-08-17,180673577.3340092,648642.0
2022-08-18,202403376.0331685,685923.0
2022-08-19,250867150.7861116,736405.0
2022-08-22,204358072.2695853,629040.0
2022-08-23,242410954.69219768,641154.0
2022-08-24,205767438.2852376,649399.0
2022-08-25,224089196.48871768,656808.0
2022-08-26,248048418.754807,686060.0
2022-08-29,221270464.45741308,641513.0
2022-08-30,228317294.5356746,660170.0
2022-08-31,219862688.89188156,652024.0
2022-09-01,212503108.15739748,685449.0
2022-09-02,198644209.79930627,710783.0
2022-09-05,235601272.08754936,628765.0
2022-09-06,218662618.53877124,657784.0
2022-09-07,224822128.92014512,676262.0
2022-09-08,195564454.60861945,685564.0
2022-09-13,211972242.0735515,663498.0
2022-09-14,202308899.97494468,687667.0
2022-09-15,234168569.26233757,700513.0
2022-09-16,203901883.4393143,706574.0
2022-09-19,207087850.3680536,631537.0
2022-09-20,242133486.58418572,650202.0
2022-09-21,224610668.47611964,632611.0
2022-09-22,203901883.4393143,614742.0
2022-09-23,215052767.68990183,689899.0
2022-09-26,238947519.65544644,614435.0
2022-09-27,205494866.90368396,648681.0
2022-09-28,234283743.87934905,620268.0
2022-09-29,222928606.67506388,652313.0
2022-09-30,263461080.61598453,717755.0
2022-10-04,254107432.7834644,655477.0
2022-10-05,272814728.44850475,644568.0
2022-10-06,247871667.56178424,677796.0
2022-10-07,266578963.2268246,675013.0
2022-10-11,277924882.20287925,635320.0
2022-10-12,242520438.6101558,646003.0
2022-10-13,253141771.68797284,691476.0
2022-10-14,276154660.02324307,694651.0
2022-10-17,265533326.945426,613662.0
2022-10-18,251371549.5083366,615413.0
2022-10-19,267303549.1250622,612805.0
2022-10-20,256682216.0472452,633545.0
2022-10-21,276154660.02324307,671089.0
2022-10-24,249031192.74934924,629949.0
2022-10-25,223395628.7898574,601629.0
2022-10-26,283822315.2658024,683262.0
2022-10-27,247200081.03795695,648360.0
2022-10-28,291146762.1113715,679257.0
2022-10-31,316782326.0708633,667561.0
2022-11-01,263680086.4404874,666319.0
2022-11-02,223395628.7898574,630399.0
2022-11-03,300302320.6683329,716406.0
2022-11-04,236213410.7696033,689430.0
2022-11-07,263186945.4874768,643216.0
2022-11-08,297875786.9173795,719305.0
2022-11-09,272291363.5011629,754032.0
2022-11-10,268636445.8702748,774942.0
2022-11-11,244879481.2695022,747386.0
2022-11-14,224777434.2996177,661596.0
2022-11-15,283256116.39382714,703644.0
2022-11-16,274118822.31660694,670368.0
2022-11-17,252189316.5312784,636467.0
2022-11-18,254016775.34672245,697975.0
2022-11-21,236949653.97082296,661220.0
2022-11-22,231439196.90173405,623451.0
2022-11-23,258991482.2471786,696412.0
2022-11-24,236949653.97082296,642832.0
2022-11-25,225928739.8326452,640008.0
2022-11-28,255317844.20111936,630827.0
2022-11-29,240623292.0168823,658815.0
2022-11-30,253481025.1780897,656181.0
2022-12-01,281033310.52353424,704310.0
2022-12-02,229602377.8787045,686664.0
2022-12-05,268175577.3623268,654949.0
2022-12-06,231289584.0177272,637825.0
2022-12-07,292794732.7377177,652144.0
2022-12-08,284283257.94883054,646079.0
2022-12-09,258748833.5821692,662365.0
2022-12-12,243428178.9621724,639530.0
2022-12-13,280878668.0332757,710573.0
2022-12-14,251939653.75105944,673994.0
2022-12-15,236618999.1310626,691792.0
2022-12-16,221298344.51106572,675745.0
2022-12-19,233961255.1644386,625817.0
2022-12-20,246114015.1556391,653824.0
2022-12-21,251387886.90897432,653064.0
2022-12-22,237324228.90008065,665463.0
2022-12-23,232050357.14674556,680283.0
2022-12-26,226776485.39341035,548937.0
2022-12-27,202165083.87784645,593337.0
2022-12-28,295336818.18676704,661225.0
2022-12-29,247871972.4067509,668338.0
2023-01-02,274241331.1734265,575250.0
2023-01-03,261883481.8059322,645565.0
2023-01-04,242356482.01087615,652878.0
2023-01-05,266083690.039913,682119.0
2023-01-06,305064103.23047346,685990.0
2023-01-09,257609687.17239985,662916.0
2023-01-10,286421296.9219445,695664.0
2023-01-11,249135684.30488667,661284.0
2023-01-12,255914886.5988972,717816.0
2023-01-13,269473291.1869182,743545.0
2023-01-16,274688843.2470833,677371.0
2023-01-17,291506527.527517,680259.0
2023-01-18,261608422.1400793,681758.0
2023-01-19,270951580.07365364,684950.0
2023-01-20,246659369.44636056,702080.0
2023-01-25,327010527.67509925,687864.0
2023-01-26,289637895.9408021,669489.0
2023-01-27,287769264.3540873,699439.0
2023-01-30,269948142.5149194,667280.0
2023-01-31,224956785.42909947,709466.0
2023-02-01,267991996.5546664,745886.0
2023-02-02,283641164.23669064,752262.0
2023-02-03,260167412.7136542,738211.0
2023-02-06,289509602.11744976,663760.0
2023-02-07,277772726.3559315,688379.0
2023-02-08,269948142.5149194,682912.0
2023-02-09,316895645.5609923,783722.0
2023-02-10,287553456.1571967,700869.0
2023-02-13,303650131.9290037,666916.0
2023-02-14,299757181.5196575,675701.0
2023-02-15,317275458.3617154,723537.0
2023-02-16,348419061.63648504,759215.0
2023-02-17,321168408.7710616,716489.0
2023-02-20,286131855.0869458,615969.0
2023-02-21,325061359.18040776,654981.0
2023-02-22,272506528.65423405,660490.0
2023-02-23,332847259.9991002,693262.0
2023-02-24,262774152.6308686,695824.0
2023-02-27,299630548.4861114,644967.0
2023-02-28,293209893.8756949,731797.0
2023-03-02,308191421.3000004,726383.0
2023-03-03,359556658.1833338,807383.0
2023-03-06,282508802.8583337,671836.0
2023-03-07,353136003.5729172,771846.0
2023-03-08,284649021.0618059,656385.0
2023-03-09,288929457.4687504,700965.0
2023-03-10,291564668.6842239,762121.0
2023-03-13,339899953.08934945,725571.0
2023-03-14,316085306.6945542,728811.0
2023-03-15,318250274.5486265,750215.0
2023-03-16,290105692.4456867,687640.0
2023-03-17,318250274.5486265,768841.0
2023-03-20,333405049.5271326,725399.0
2023-03-21,313920338.84048194,708659.0
2023-03-22,344229888.79749393,688658.0
2023-03-23,398152679.74955547,677191.0
2023-03-24,377232885.4931189,683787.0
2023-03-27,344632512.6727259,668827.0
2023-03-28,312032139.85233283,684623.0
2023-03-29,342303914.6141264,727221.0
2023-03-30,360932699.0829224,727172.0
2023-03-31,328332326.2625294,732643.0
2023-04-03,305046345.6765345,681747.0
2023-04-04,377232885.4931189,809319.0
2023-04-05,323675130.1453304,719774.0
2023-04-06,375327217.1632722,740308.0
2023-04-07,338032942.1664877,739977.0
2023-04-10,292803182.2991408,633252.0
2023-04-11,366599106.2932332,793340.0
2023-04-12,380882188.3566059,714277.0
2023-04-13,338032942.1664877,720191.0
2023-04-14,333271914.81203014,729076.0
2023-04-17,368979619.9704619,665181.0
2023-04-18,395165270.4199787,680093.0
2023-04-19,330891401.13480145,680099.0
2023-04-20,319313867.4340018,675813.0
2023-04-21,351118490.9644334,771581.0
2023-04-24,341432463.6274834,634746.0
2023-04-25,302688354.2796839,663868.0
2023-04-26,314795888.4508713,668682.0
2023-04-27,314795888.4508713,673213.0
2023-04-28,355961504.6329083,725813.0
2023-05-02,312374381.6166337,620729.0
2023-05-03,341432463.6274834,728440.0
2023-05-04,351888475.1483047,680011.0
2023-05-08,326932423.4586156,552358.0
2023-05-09,360341576.2208098,586519.0
2023-05-10,405682569.2552164,686423.0
2023-05-11,360341576.2208098,596717.0
2023-05-12,336477895.6763853,604937.0
2023-05-15,350796104.00304,579485.0
2023-05-16,365114312.3296948,625496.0
2023-05-17,381818888.7107919,627113.0
2023-05-18,344768089.144806,603811.0
2023-05-19,369469365.7613961,664491.0
2023-05-22,354690591.1309403,604303.0
2023-05-23,379321882.1817001,636984.0
2023-05-24,347301203.81571233,617027.0
2023-05-25,371932494.8664721,689359.0
2023-05-26,376858753.076624,738629.0
2023-05-30,379321882.1817001,713954.0
2023-05-31,349729770.9452385,709100.0
2023-06-01,336187209.4940784,678136.0
2023-06-02,417687139.0684004,721266.0
2023-06-05,351468446.2892638,610475.0
2023-06-07,343827827.89167106,734954.0
2023-06-08,392218411.0764248,682296.0
2023-06-09,430421503.0643882,676835.0
2023-06-12,399859029.4740175,617352.0
2023-06-13,374390301.4820418,682607.0
2023-06-14,312388214.96659184,633244.0
2023-06-15,385148460.1631553,689182.0
2023-06-16,398160232.4659646,765014.0
2023-06-19,369534333.3997841,614017.0
2023-06-20,353920206.636413,746599.0
2023-06-21,314884889.72798514,693078.0
2023-06-22,356522561.09697485,722789.0
2023-06-23,325294307.5702325,707501.0
2023-06-26,379943751.2420316,692095.0
2023-06-27,364329624.4786604,707936.0
2023-06-28,280545974.4417444,627350.0
2023-06-29,367574940.3012432,726305.0
2023-06-30,397786579.2301125,753791.0
2023-07-03,344916211.10459125,655439.0
2023-07-04,357504393.99162006,645583.0
2023-07-05,390233669.4978951,716586.0
2023-07-06,349951484.25940275,709055.0
2023-07-07,440586401.04601073,773326.0
2023-07-10,387716032.92048943,679425.0
2023-07-11,339880937.9497796,686922.0
2023-07-12,382989765.58074266,752660.0
2023-07-13,321592673.5118464,678891.0
2023-07-14,369831574.5386234,760021.0
2023-07-17,364471696.6467593,703876.0
2023-07-18,434150109.2409926,775244.0
2023-07-19,396630963.9979439,745057.0
2023-07-20,343032185.0793028,685150.0
2023-07-21,300153161.94439,657357.0
2023-07-24,401990841.889808,704020.0
2023-07-25,369831574.5386234,734826.0
2023-07-26,381190141.57452464,737067.0
2023-07-27,358973121.2673339,713630.0
2023-07-28,364175630.2712082,720574.0
2023-07-31,366776884.7731455,677346.0
2023-08-01,361574375.7692712,734323.0
2023-08-02,400593193.2983291,698941.0
2023-08-03,392789429.7925176,716303.0
2023-08-04,314751794.7344015,641787.0
2023-08-07,379783157.2828315,676210.0
2023-08-08,325156812.74215025,616643.0
2023-08-09,421650114.697692,735662.0
2023-08-10,330756213.4390739,711323.0
2023-08-11,393261324.6401588,733810.0
2023-08-14,445348917.3077294,723900.0
2023-08-16,424513880.24070114,669749.0
2023-08-17,406283222.8070514,769086.0
2023-08-18,362008769.0396163,783855.0
2023-08-21,429722639.5074582,739287.0
2023-08-22,380936887.228172,633631.0
2023-08-23,392623891.9211836,652036.0
2023-08-24,384329020.9651023,660102.0
2023-08-25,373269193.0236605,706946.0
2023-08-28,326264924.27253294,636935.0
2023-08-29,436863203.68695074,767879.0
2023-08-30,348384580.1554164,665354.0
2023-08-31,398153805.8919045,742110.0
2023-09-01,417508504.7894277,769950.0
2023-09-04,411978590.8187068,730142.0
2023-09-05,342854666.18469554,753968.0
2023-09-06,364419397.2930779,757286.0
2023-09-07,393005453.9397736,785059.0
2023-09-08,358011817.6300677,694292.0
2023-09-11,427999090.2494795,719793.0
2023-09-12,379546363.0514252,784703.0
2023-09-13,395697272.1174433,802393.0
2023-09-14,436074544.7824885,875176.0
2023-09-15,506061817.4019002,1017545.0
2023-09-18,419923635.7164705,852484.0
2023-09-19,385677556.7313763,741822.0
2023-09-20,414558853.7494199,823616.0
2023-09-21,391843300.11931473,763149.0
2023-09-22,366288302.2854464,757791.0
2023-09-25,411719409.5456568,635909.0
2023-09-26,386164411.7117884,624716.0
2023-09-27,445792739.99081457,621414.0
2023-10-04,373280259.4846018,638418.0
2023-10-05,401774935.7811363,687363.0
2023-10-06,455914820.74455184,679001.0
2023-10-10,461613756.0038587,629505.0
2023-10-11,455914820.74455184,607097.0
2023-10-12,470162158.8928191,624747.0
2023-10-13,393226532.892176,662518.0
2023-10-16,416156889.9191482,652765.0
2023-10-17,491483968.444345,645537.0
2023-10-18,439908490.27425945,613906.0
2023-10-19,424739231.98894006,649723.0
2023-10-20,406536122.04655695,705226.0
2023-10-23,476314710.1590258,660705.0
2023-10-24,382265308.7900461,755204.0
2023-10-25,436874638.6171956,812853.0
2023-10-26,455077748.5595787,778594.0
2023-10-27,467213155.1878341,801082.0
2023-10-30,482540025.495944,779588.0
2023-10-31,481286782.8761844,782062.0
2023-11-01,462656326.7648482,796206.0
2023-11-02,447130946.6720681,806444.0
2023-11-03,422290338.52361983,789502.0
2023-11-06,394344654.35661566,725183.0
2023-11-07,412975110.4679518,737771.0
2023-11-08,462656326.7648482,837044.0
2023-11-09,444025870.65351206,832393.0
2023-11-10,478181706.8576284,848433.0
2023-11-13,389037994.7160368,670301.0
2023-11-14,443696225.3786205,745056.0
2023-11-15,475848125.7683755,770577.0
2023-11-16,475848125.7683755,813390.0
2023-11-17,482278505.8463265,760684.0
2023-11-20,533721546.4699348,804527.0
2023-11-21,488708885.9242776,779702.0
2023-11-22,456556985.5345224,777966.0
2023-11-23,472632935.7294,771284.0
2023-11-24,540151926.5478858,841609.0
2023-11-27,439166010.2949663,759608.0
2023-11-28,496595411.6412311,713884.0
2023-11-29,459435210.7701186,646160.0
2023-11-30,452678810.6117344,701654.0
2023-12-01,570915813.3834561,844580.0
2023-12-04,523621012.2747674,763939.0
2023-12-05,466191610.9285027,674260.0
2023-12-06,459435210.7701186,642605.0
2023-12-07,388493009.1070856,647634.0
2023-12-08,456057010.69092655,682971.0
2023-12-11,528635575.20314026,690909.0
2023-12-12,481794448.2864064,688671.0
2023-12-13,498523422.18524,617899.0
2023-12-14,488486037.84593976,573978.0
2023-12-15,545364549.1019738,706714.0
2023-12-18,562093523.0008074,715198.0
2023-12-19,542018754.3222071,684666.0
2023-12-20,485140243.06617314,659068.0
2023-12-21,488486037.84593976,699086.0
2023-12-22,562093523.0008074,772558.0
2023-12-26,497542848.9451839,582914.0
2023-12-27,461748399.3807821,647166.0
2023-12-28,433112839.72926086,593042.0
2024-01-02,468907289.29366255,550846.0
2024-01-03,565552303.117547,677059.0
2024-01-04,608505642.5948291,675009.0
2024-01-05,493963403.98874366,645934.0
2024-01-08,447556918.3163843,534011.0
2024-01-09,553078468.1633366,618468.0
2024-01-10,483943659.64291966,605995.0
2024-01-11,629490624.9490609,664879.0
2024-01-12,611297254.2857933,596693.0
2024-01-15,414808851.1225025,568802.0
2024-01-16,454834266.5816914,569684.0
2024-01-17,440279570.0510773,647470.0
2024-01-18,516691726.83680135,678147.0
2024-01-19,480304985.51026607,627719.0
2024-01-22,559487254.5869052,620801.0
2024-01-23,538506482.5398962,600773.0
2024-01-24,524519301.1752236,564400.0
2024-01-25,632919956.7514365,573766.0
2024-01-26,531512891.8575599,683719.0
2024-01-29,545500073.2222326,697324.0
2024-01-30,503538529.1282147,687547.0
2024-01-31,458080189.69302857,622142.0
2024-02-01,535009687.19872814,680097.0
2024-02-02,676117474.0216229,691810.0
2024-02-05,585504349.682417,525379.0
2024-02-06,638049611.833403,521338.0
2024-02-07,600517281.7255559,640781.0
2024-02-08,517946155.488292,547079.0
2024-02-13,506686456.4559378,589286.0
2024-02-14,521699388.4990767,586548.0
2024-02-15,605343973.9976323,612859.0
2024-02-16,544386616.4219546,613011.0
2024-02-19,552511789.8013868,617452.0
2024-02-20,572824723.2499672,638563.0
2024-02-21,560636963.180819,630339.0
2024-02-22,548449203.1116709,642155.0
2024-02-23,645951283.6648567,679759.0
2024-02-26,540324029.7322387,620435.0
2024-02-27,524073682.9733743,674490.0
2024-02-28,605325416.7676959,763915.0
2024-02-29,540324029.7322387,772702.0
2024-03-04,508849652.0134983,664743.0
2024-03-05,658743347.9554589,772888.0
2024-03-06,552239932.41775,681667.0
2024-03-07,710022770.2513928,714978.0
2024-03-08,607463925.659525,716770.0
2024-03-11,670577060.7929822,684136.0
2024-03-12,556184503.3635911,677201.0
2024-03-13,631131351.3345715,710767.0
2024-03-14,579720256.0482558,663447.0
2024-03-15,529980321.6844611,749328.0
2024-03-18,600922569.4689952,673489.0
2024-03-19,655172523.6571684,755218.0
2024-03-20,621787936.4644464,639266.0
2024-03-21,500768807.8908293,611408.0
2024-03-22,563364908.877183,679058.0
2024-03-25,550845688.6799122,623335.0
2024-03-26,559191835.4780927,648004.0
2024-03-27,567537982.2762733,637151.0
2024-03-28,630675249.3060845,696012.0
2024-03-29,595046224.9834774,659374.0
2024-04-01,619839817.691122,648777.0
2024-04-02,611575286.7885739,685496.0
2024-04-03,586781694.0809289,714141.0
2024-04-04,570252632.2758324,655509.0
2024-04-05,611575286.7885739,643705.0
2024-04-08,652897941.3013152,685180.0
2024-04-09,603310755.8860255,683771.0
2024-04-11,566860609.5352726,631803.0
2024-04-12,584038203.763614,683741.0
2024-04-15,605510196.549041,666015.0
2024-04-16,708575761.9190906,743368.0
2024-04-17,588332602.3206996,661886.0
2024-04-18,622687790.7773827,670913.0
2024-04-19,648454182.1198951,727141.0
2024-04-22,652748580.6769805,534717.0
2024-04-23,721458957.5903468,441797.0
2024-04-24,671772263.1512126,632356.0
2024-04-25,630674365.8262494,633650.0
2024-04-26,578118168.6740619,664327.0
2024-04-29,573738485.5780463,603796.0
2024-04-30,617535316.5382024,635509.0
2024-05-01,578118168.6740619,587665.0
2024-05-02,635054048.9222649,528151.0
2024-05-03,564979119.3860149,537019.0
2024-05-07,534321337.7139056,495831.0
2024-05-08,556219753.1939834,514675.0
2024-05-09,613867438.0566123,513026.0
2024-05-10,599332437.5790136,474605.0
2024-05-13,607599091.8904481,466123.0
2024-05-14,562132493.1775575,458041.0
2024-05-16,586932456.1118613,494221.0
2024-05-17,640665709.1361867,514199.0
2024-05-20,644799036.2919042,482108.0
2024-05-21,570399147.4889922,508542.0
2024-05-22,632399054.8247522,491272.0
2024-05-23,706194547.0096976,533345.0
2024-05-24,671140034.7624127,483309.0
2024-05-27,515938901.7236049,430424.0
2024-05-28,562079779.1135205,448181.0
2024-05-29,574663654.7653158,449070.0
2024-05-30,515938901.7236049,499634.0
2024-05-31,620804532.1552316,528690.0
2024-06-03,658556159.1106174,482689.0
2024-06-04,562079779.1135205,492874.0
2024-06-05,515938901.7236049,460473.0
2024-06-07,590944002.9609013,468301.0
2024-06-10,578459270.5039809,473053.0
2024-06-11,511874030.7337383,485989.0
2024-06-12,607590312.9034619,483313.0
2024-06-13,603428735.4178218,469602.0
2024-06-14,532681918.1619392,475827.0
2024-06-17,582620847.9896209,433551.0
2024-06-18,632559777.8173028,484883.0
2024-06-19,570136115.5327007,459862.0
2024-06-20,553323137.1046984,465205.0
2024-06-21,582332779.002438,514658.0
2024-06-24,632247017.2026471,456565.0
2024-06-25,515780461.4021594,441214.0
2024-06-26,503301901.8521072,476277.0
2024-06-27,540737580.5022639,501018.0
2024-06-28,561535179.7523509,562499.0
2024-07-01,586492298.8524554,650451.0
2024-07-02,615608937.8025774,511492.0
2024-07-03,603130378.2525251,503996.0
2024-07-04,582332779.002438,487582.0
2024-07-05,481691507.2021622,510689.0
2024-07-08,628324687.409103,534832.0
2024-07-09,608566049.4402633,499299.0
2024-07-10,537434952.7524403,460604.0
2024-07-11,553241863.127512,487442.0
2024-07-12,592759139.0651915,486027.0
2024-07-15,604614321.8464954,482490.0
2024-07-16,580903956.2838876,492843.0
2024-07-17,628324687.409103,476281.0
2024-07-18,515102118.2359712,481360.0
2024-07-19,599556361.5235602,510414.0
2024-07-22,730072032.0593011,504554.0
2024-07-23,689285885.0168821,480641.0
2024-07-24,571006058.5938667,484767.0
2024-07-25,664814196.7914306,529053.0
2024-07-26,652578352.6787051,529294.0
2024-07-29,725993417.3550591,543529.0
2024-07-30,611792205.6362859,500916.0
2024-07-31,613215974.0238556,542141.0
2024-08-01,630987879.9602102,550192.0
2024-08-02,563382035.6787592,531291.0
2024-08-05,703100780.5270916,572484.0
2024-08-06,630987879.9602102,502085.0
2024-08-07,549860866.8224689,483579.0
2024-08-08,581410260.8204794,541524.0
2024-08-09,585917317.1059096,505594.0
2024-08-12,617466711.1039201,459444.0
2024-08-13,671551386.529081,499256.0
2024-08-14,594742777.8026003,514603.0
2024-08-16,613213426.3989986,541657.0
2024-08-19,561392573.463872,479794.0
2024-08-20,647760661.689083,522795.0
2024-08-21,634805448.4553014,528523.0
2024-08-22,690944705.8016886,529070.0
2024-08-23,708218323.4467307,531334.0
2024-08-26,578666191.1089141,467689.0
2024-08-27,613213426.3989986,500316.0
2024-08-28,703794017.3679069,507535.0
2024-08-29,587091196.5963086,537264.0
2024-08-30,631567802.399059,572225.0
2024-09-02,742759316.9059358,497761.0
2024-09-03,662701426.4609846,532190.0
2024-09-04,671596747.6215348,517981.0
2024-09-05,689387389.9426349,539154.0
2024-09-06,644910784.1398844,541499.0
2024-09-09,644910784.1398844,484357.0
2024-09-10,609329499.4976839,496236.0
2024-09-11,495458846.64224994,485718.0
2024-09-12,700222814.5578787,543579.0
2024-09-13,566627672.3067043,541521.0
2024-09-19,562020943.2635604,534707.0
2024-09-20,667975711.255871,555435.0
2024-09-23,672582440.299015,518528.0
2024-09-24,667975711.255871,517079.0
2024-09-25,657005311.2676694,513256.0
2024-09-26,571298868.1801282,515965.0
2024-09-27,602061114.928289,549045.0
2024-09-30,602061114.928289,513555.0
2024-10-02,681164035.1378452,504061.0
2024-10-04,742688528.6341666,553982.0
2024-10-07,681164035.1378452,495630.0
2024-10-08,733899315.2775493,556194.0
2024-10-10,709250575.4670075,495077.0
2024-10-11,640613423.0024583,474119.0
2024-10-14,636037612.8381552,477679.0
2024-10-15,713826385.6313109,510964.0
2024-10-16,645189233.1667618,465015.0
2024-10-17,718402195.7956142,529901.0
2024-10-18,622310182.3452455,519056.0
2024-10-21,782463538.0958601,482337.0
2024-10-22,638125714.2515116,479204.0
2024-10-23,718143298.2753785,496062.0
2024-10-24,699119634.7449049,453818.0
2024-10-25,727655130.0406153,585659.0
2024-10-28,798993868.2798914,535356.0
2024-10-29,746678793.571089,580911.0
2024-10-30,803749784.1625097,553379.0
2024-10-31,751434709.4537071,562550.0
2024-11-01,727655130.0406153,556938.0
2024-11-04,720519107.2542773,518020.0
2024-11-05,702351988.6923242,548496.0
2024-11-06,773092476.7620546,622567.0
2024-11-07,788251152.776997,583392.0
2024-11-08,717510664.7072663,591256.0
2024-11-11,687193312.6773819,623757.0
2024-11-12,737722232.7271894,702614.0
2024-11-13,697299096.6873435,636591.0
2024-11-14,641717284.6325549,587387.0
2024-11-15,757933800.7471123,619496.0
2024-11-18,789177471.4803329,569926.0
2024-11-19,889845955.1158988,547133.0
2024-11-20,747470602.2973549,557265.0
2024-11-21,732216100.2096539,666198.0
2024-11-22,727131266.1804202,628962.0
2024-11-25,859336950.9404964,593158.0
2024-11-26,706791930.0634853,568082.0
2024-11-27,676282925.8880831,599701.0
2024-11-28,722046432.1511863,559054.0
2024-11-29,615264917.5372787,551876.0
2024-12-02,649582756.2207783,578842.0
2024-12-03,811042070.6273791,613585.0
2024-12-04,759383340.0141702,606514.0
2024-12-05,800710324.5047373,676971.0
2024-12-06,702558736.3396405,589966.0
2024-12-09,862700801.2405878,548218.0
2024-12-10,795544451.4434165,637676.0
2024-12-11,733553974.7075658,617471.0
2024-12-12,764549213.0754911,642365.0
2024-12-13,878198420.4245505,622796.0
2024-12-16,796354777.917631,628257.0
2024-12-17,733677850.1420219,587955.0
2024-12-18,776835370.7386113,583495.0
2024-12-19,782230060.8131851,634202.0
2024-12-20,814598201.2606272,640920.0
2024-12-23,749861920.3657429,528563.0
2024-12-24,712099089.8437271,543738.0
2024-12-26,706704399.7691535,488028.0
2024-12-27,852361031.782643,568492.0
2024-12-30,867710155.9849901,546526.0
2025-01-02,911368528.6131656,536381.0
2025-01-03,774936114.1501169,580296.0
2025-01-06,725820444.9434196,552854.0
2025-01-07,731277741.5219413,534903.0
2025-01-08,682162072.3152436,545474.0
2025-01-09,829509079.9353366,551517.0
2025-01-10,774936114.1501169,555569.0
2025-01-13,702796044.3776932,527739.0
2025-01-14,845551490.8919123,555702.0
2025-01-15,763192579.4414012,562243.0
2025-01-16,702796044.3776932,552617.0
2025-01-17,823589114.5051093,609681.0
2025-01-20,834570302.6985108,611603.0
2025-01-21,730249014.861197,576234.0
2025-01-22,823589114.5051093,563550.0
2025-01-23,746720797.1512991,559393.0
2025-01-24,768683173.5381019,555324.0
2025-01-31,671743783.1087936,573440.0
2025-02-03,822214390.5251629,594369.0
2025-02-04,703987484.6980155,533329.0
2025-02-05,773848838.1413299,549668.0
2025-02-06,779222788.4062003,556046.0
2025-02-07,929693395.82257,547121.0
2025-02-10,788864727.616627,506614.0
2025-02-11,703735440.4637535,527971.0
2025-02-12,754813012.7554775,524479.0
2025-02-13,896695158.0102665,554664.0
2025-02-14,862643443.1491172,555378.0
2025-02-17,777514155.996244,481661.0
2025-02-18,794540013.4268184,505135.0
2025-02-19,715086012.0841366,504104.0
2025-02-20,737787155.324903,528372.0
2025-02-21,732111869.5147113,539520.0
2025-02-24,714530229.8374169,502390.0
2025-02-25,807968798.3546175,593036.0
2025-02-26,862932662.1882651,551544.0
2025-02-27,824457957.5047117,559897.0
2025-02-28,857436275.8049003,639073.0
2025-03-04,802472411.9712528,572405.0
2025-03-05,736515775.3708757,553079.0
2025-03-06,934385685.1720064,582749.0
2025-03-07,780486866.4377937,575233.0
2025-03-10,858547242.188255,561710.0
2025-03-11,769347528.7141508,555242.0
2025-03-12,852972260.0961236,537118.0
2025-03-13,886422152.6489124,548028.0
2025-03-14,791647457.0826768,558542.0
2025-03-17,780497492.8984137,511394.0
2025-03-18,791647457.0826768,520296.0
2025-03-19,847397278.0039921,523412.0
2025-03-20,791647457.0826768,538832.0
2025-03-21,808372403.3590714,542213.0
2025-03-24,870857131.0489082,542968.0
2025-03-25,842582548.8719956,537123.0
2025-03-26,859547298.1781431,551045.0
2025-03-27,836927632.4366131,546963.0
2025-03-28,870857131.0489082,555512.0
2025-03-31,836927632.4366131,536233.0
2025-04-01,763413718.7766403,577515.0
2025-04-02,972645626.8857932,561041.0
2025-04-03,859547298.1781431,576015.0
2025-04-04,1017884958.3688536,568203.0
2025-04-07,875826848.0097468,561612.0
2025-04-08,924148329.2792498,560881.0
2025-04-09,791264255.7881161,553980.0
2025-04-10,869786662.851059,559681.0
2025-04-11,893947403.4858105,574941.0
2025-04-14,899987588.6444983,531419.0
2025-04-15,869786662.851059,547445.0
2025-04-16,893947403.4858105,543869.0
2025-04-17,924148329.2792498,545464.0
2025-04-18,821465181.5815556,515292.0
2025-04-21,771877846.401681,493498.0
2025-04-22,949532271.367147,569473.0
2025-04-23,698365670.5539016,546333.0
2025-04-24,863768066.2114046,569545.0
2025-04-25,882146110.1733494,595179.0
2025-04-28,863768066.2114046,513795.0
2025-04-29,894398139.4813126,526876.0
2025-04-30,808633934.3255703,558028.0
2025-05-02,974036329.9830736,613025.0
2025-05-07,894116485.453914,559340.0
2025-05-08,941486895.2792872,592201.0
2025-05-09,828982171.944026,603053.0
2025-05-12,858588678.0848842,532368.0
2025-05-13,769769159.6623099,534997.0
2025-05-14,852667376.8567126,535430.0
2025-05-15,864509979.3130558,540779.0
2025-05-16,805296967.0313396,539053.0
2025-05-19,852722089.09428,499650.0
2025-05-20,895055809.829457,536030.0
2025-05-21,870865112.2664988,567751.0
2025-05-22,907151158.610936,612816.0
2025-05-23,937389530.5646338,571289.0
2025-05-26,925294181.7831548,516548.0
2025-05-27,852722089.09428,508812.0
2025-05-28,991818600.08129,546095.0
2025-05-29,961580228.1275918,542154.0
2025-05-30,937389530.5646338,594597.0
2025-06-02,839539043.1681639,516152.0
2025-06-04,795352777.73826,545490.0
2025-06-05,845851366.801007,562558.0
2025-06-09,883725308.5980667,506842.0
2025-06-10,1066782693.950524,558332.0
2025-06-11,890037632.2309102,519320.0
2025-06-12,934223897.6608136,549165.0
2025-06-13,915286926.762284,567837.0
2025-06-16,917456209.4405266,527740.0
2025-06-17,741505703.5204258,518441.0
2025-06-18,879752529.6005048,526045.0
2025-06-19,798061223.2804582,501017.0
2025-06-20,948875942.6405448,543938.0
2025-06-23,672382290.480386,477910.0
2025-06-24,735221756.880422,498971.0
2025-06-25,898604369.5205159,516000.0
2025-06-26,986579622.4805664,540682.0
2025-06-27,722653863.6004148,524379.0
2025-06-30,843035679.3574839,521131.0
2025-07-01,779081248.5096745,542508.0
2025-07-02,889547992.701345,572880.0
2025-07-03,877919914.3653797,571346.0
2025-07-04,924432227.709241,527167.0
2025-07-07,877919914.3653797,493343.0
2025-07-08,825593561.8535358,521277.0
2025-07-09,953502423.549154,542076.0
2025-07-10,994200697.7250328,605456.0
2025-07-11,872105875.197397,626638.0
2025-07-14,910161831.228891,598435.0
2025-07-15,1029424416.010608,560371.0
2025-07-16,822284137.1792051,542511.0
2025-07-17,853669027.9112357,594592.0
2025-07-18,903884853.0824848,580677.0
2025-07-21,941546721.960922,537794.0
2025-07-22,941546721.960922,519024.0
2025-07-23,878776940.4968604,535701.0
2025-07-24,922715787.5217032,528797.0
2025-07-25,1004316503.4249831,577530.0
2025-07-28,919884194.7454996,529385.0
2025-07-29,710531240.0792824,561483.0
2025-07-30,869131963.3112651,554145.0
2025-07-31,976980455.1090132,584264.0
2025-08-01,957948368.3211752,636772.0
2025-08-04,1084828946.9067616,542397.0
2025-08-05,875475992.2405444,569616.0
2025-08-06,913540165.8162204,665517.0
2025-08-07,1021388657.6139684,634516.0
2025-08-08,870485436.2761792,749938.0
2025-08-11,945836287.6602162,552696.0
2025-08-12,881493683.0574806,543783.0
2025-08-13,1003744631.8026783,562007.0
2025-08-14,1042350194.56432,630373.0
2025-08-18,990876110.8821312,506163.0
2025-08-19,862190901.6766596,508055.0
2025-08-20,907230724.8985746,534876.0
2025-08-21,958704808.5807632,536698.0
2025-08-22,939585701.641628,559414.0
2025-08-25,909080588.918406,525919.0
2025-08-26,967107009.4876657,528702.0
2025-08-27,967107009.4876657,526965.0
2025-08-28,1025133430.0569257,547915.0
2025-08-29,1063817710.4364324,597526.0
2025-09-01,1038028190.1834284,521197.0
2025-09-02,1050922950.3099302,544795.0
2025-09-03,883291068.6654017,541497.0
2025-09-04,902633208.8551546,540435.0
2025-09-05,957592801.73997,587857.0
2025-09-08,1082012601.5468135,511832.0
2025-09-09,1129350652.8644862,549610.0
2025-09-10,1149638389.1434891,542027.0
2025-09-11,1014386813.9501374,537753.0
2025-09-12,811509451.1601102,543345.0
2025-09-15,1102300337.8258162,549560.0
2025-09-16,1082012601.5468135,546260.0
2025-09-17,865610081.2374508,517428.0
2025-09-18,1087599379.141188,536964.0
2025-09-19,1188749380.7897809,553195.0
2025-09-20,1082611043.2192645,535837.0
2025-09-22,1061383375.7051616,515742.0
2025-09-23,1018928040.676955,506650.0
2025-09-24,1082611043.2192645,502339.0
2025-09-25,997700373.1628518,542099.0
2025-09-26,934017370.6205422,553168.0
2025-09-29,990624483.991484,521335.0
2025-09-30,1139218156.5902066,561370.0
2025-10-01,1076906913.283782,577245.0
2025-10-02,1019764936.475331,595776.0
2025-10-06,922287405.7828364,550307.0
2025-10-10,989771850.1084098,584389.0
2025-10-13,1139737281.943017,504968.0
2025-10-14,1267207899.0024335,524219.0
2025-10-15,1079751109.2091742,542831.0
2025-10-16,1124278123.987008,556999.0
2025-10-17,1159633832.2093213,591614.0
2025-10-20,1086700886.7873514,507550.0
2025-10-21,1093994181.3295484,538842.0
2025-10-22,1115874064.956139,507518.0
2025-10-23,1035647824.9919724,527286.0
2025-10-24,1305499723.053261,546753.0
2025-10-27,1072114297.7029574,522563.0
2025-10-28,1181513715.835912,504390.0
2025-10-29,929747081.658896,517043.0
2025-10-30,1240553837.666823,540811.0
2025-10-31,1085484607.9584696,572374.0
2025-11-03,1100991530.929305,547702.0
2025-11-04,1015703454.5897112,582796.0
2025-11-05,1069977684.9876348,550413.0
2025-11-06,1085484607.9584696,534781.0
2025-11-07,1100991530.929305,569444.0
2025-11-10,1085484607.9584696,526898.0
2025-11-11,1186279607.2688992,506473.0
2025-11-12,1086613750.3494294,504920.0
2025-11-13,1037279875.2625045,508310.0
2025-11-14,987946000.1755795,511700.0
2025-11-17,938612125.0886546,515090.0
2025-11-18,1006737198.683799,517212.0
2025-11-19,1037015009.17053,535320.0
2025-11-20,991598293.4404336,545087.0
2025-11-21,1142987345.8740876,603204.0
2025-11-24,1082431724.900626,503446.0
2025-11-25,870487051.4935104,513166.0
2025-11-26,1241390229.9559624,535443.0
2025-11-27,1061465507.6302311,525809.0
2025-11-28,1113270480.6428328,543603.0
2025-12-01,987099826.1699784,557926.0
2025-12-02,942569006.9442656,546016.0
2025-12-03,979678022.9656932,542787.0
2025-12-04,979678022.9656932,540083.0
2025-12-05,883194581.309981,534245.0
2025-12-08,1098426874.2342618,477476.0
2025-12-09,957412613.3528364,507794.0
2025-12-10,1150379496.6642606,511694.0
2025-12-11,1179902024.3226545,513356.0
2025-12-12,1068190154.384884,537832.0
2025-12-15,987155039.2246507,507663.0
2025-12-16,1082923811.686744,507318.0
2025-12-17,1016622353.828372,511367.0
2025-12-18,1060823325.7339536,518421.0
2025-12-19,1068190154.384884,556166.0
2025-12-22,1023989182.4793022,497545.0
2025-12-23,1068190154.384884,520980.0
2025-12-24,1171325755.4979067,513917.0
2025-12-26,1149714808.6043208,477921.0
2025-12-28,1142344841.882498,435884.0
2025-12-29,1134974875.1606758,516338.0
2025-12-30,877026039.8968855,539847.0
2026-01-02,1061275207.9424502,518434.0
2026-01-05,972835607.2805792,519989.0
2026-01-06,958095673.836934,517888.0
2026-01-07,1083385108.1079175,485087.0
2026-01-08,965289669.1289088,476585.0
2026-01-09,1033929118.9983668,512937.0
2026-01-12,1033929118.9983668,469584.0
2026-01-13,982960782.146335,489392.0
2026-01-14,902867681.3788556,501548.0
2026-01-15,1012085546.0617816,516730.0
2026-01-16,946554827.2520258,517080.0
2026-01-19,1092178646.8292608,460095.0
2026-01-20,968398400.1886111,466340.0
2026-01-21,997523164.104058,503455.0
2026-01-22,1163912656.954194,478520.0
2026-01-23,985930374.4704596,500192.0
2026-01-26,873252617.3881215,465362.0
2026-01-27,859167897.7528292,475414.0
2026-01-28,774659579.9410756,485652.0
2026-01-29,901422056.658706,521611.0
2026-01-30,922549136.1116446,580888.0
2026-02-02,830998458.4822448,521176.0
2026-02-03,929591495.9292908,550746.0
2026-02-04,1000015094.105752,532371.0
2026-02-05,894379696.8410602,619296.0
2026-02-06,1021142173.5586904,646236.0
2026-02-09,1019852322.0010468,481228.0
2026-02-10,900973830.4794524,486763.0
2026-02-11,982311745.73107,490231.0
2026-02-12,1107446999.964327,504187.0
2026-02-13,944771169.4610924,521603.0
2026-02-19,1020622252.4872998,473222.0
2026-02-20,983397435.876668,493761.0
2026-02-23,1062356354.0857432,458764.0
2026-02-24,1184383773.1361327,501015.0
2026-02-25,1119781021.874162,509923.0
2026-02-26,1004931686.2973248,521846.0
2026-02-27,1012109769.7708768,549158.0
2026-03-03,961863185.4560106,504537.0
2026-03-04,933150851.5618018,516794.0
2026-03-05,1192841923.7049837,522467.0
2026-03-06,1052672432.0364788,531723.0
2026-03-09,994991750.8290006,468702.0
2026-03-10,994991750.8290006,484745.0
2026-03-11,1002201835.9799352,475423.0
2026-03-12,930100984.4705876,496301.0
2026-03-13,872420303.2631093,525035.0
2026-03-16,901260643.8668482,477639.0
2026-03-17,915680814.1687176,488604.0
2026-03-18,1002201835.9799352,472748.0
2026-03-19,966151410.2252612,486162.0
2026-03-20,958881917.8174204,496098.0
2026-03-21,917823292.9611512,458834.0
2026-03-23,1064142948.360755,476303.0
2026-03-24,831361678.4068401,460523.0
2026-03-25,1017586694.3699718,501248.0
2026-03-26,1097397415.4970288,491918.0
2026-03-27,1010935800.9427172,507433.0
2026-03-30,904521506.1066417,459981.0
2026-03-31,904521506.1066417,485131.0
2026-04-01,1077444735.2152646,527189.0
2026-04-02,964379546.951934,505693.0
2026-04-03,898750099.8899364,498568.0
2026-04-06,884234327.0715194,447163.0
2026-04-07,953315133.8739818,480114.0
2026-04-08,1022395940.676444,489051.0
2026-04-09,994763617.9554594,484467.0
2026-04-10,863510085.0307804,507681.0
2026-04-13,1022395940.676444,454902.0
2026-04-14,1132925231.560384,491023.0
2026-04-15,863510085.0307804,470280.0
2026-04-16,1050028263.3974292,495979.0
2026-04-17,968172577.6598403,521678.0
2026-04-20,876259523.4853154,464309.0
2026-04-21,909961812.8501352,478903.0
2026-04-22,882999981.3582796,493157.0
2026-04-23,815595402.6286399,490574.0
2026-04-24,1004328223.0716304,506108.0
2026-04-27,930183186.4690272,465611.0
2026-04-28,936923644.3419912,472688.0
2026-04-29,856038149.8664234,482542.0
2026-04-30,943664102.2149549,509941.0
2026-05-04,981197688.9785694,485657.0
2026-05-06,928515933.865626,498493.0
2026-05-07,935101153.2547442,497326.0
2026-05-08,968027250.2003336,506524.0
2026-05-11,1086561199.204456,457665.0
2026-05-12,882419398.1418005,476383.0
2026-05-13,915345495.0873904,485900.0
2026-05-14,994368127.7568054,489856.0
2026-05-15,963695673.6867332,525031.0
2026-05-18,950708405.57067,474167.0
2026-05-19,964289954.2216796,469682.0
2026-05-20,1032197697.4767272,473582.0
2026-05-21,862428339.3391081,484958.0
2026-05-22,1059360794.7787468,547131.0
2026-05-26,943917631.2451652,464460.0
2026-05-27,950708405.57067,474906.0
2026-05-28,1100105440.7317753,490956.0
2026-05-29,959580184.8628848,518522.0
2026-06-01,932513615.5806334,508084.0
2026-06-02,759825908.9916271,501194.0
2026-06-04,980866173.425555,538439.0
2026-06-05,932513615.5806334,557607.0
2026-06-06,842716008.1543498,458423.0
2026-06-08,877253549.4721516,457079.0
2026-06-09,856531024.6814705,466012.0
2026-06-10,870346041.2085911,478720.0
2026-06-11,932513615.5806334,487498.0
2026-06-12,1015403714.743356,515594.0
2026-06-15,931566968.2181836,492782.0
2026-06-16,1006092325.6756384,477480.0
2026-06-17,819778932.0320016,474545.0
2026-06-18,1024723665.040002,503361.0
2026-06-19,937777414.6729716,486150.0
2026-06-20,962619200.4921228,409924.0
2026-06-22,968829646.9469112,454922.0
2026-06-23,1074407236.6783051,464862.0
2026-06-24,962619200.4921228,488035.0
2026-06-25,1055775897.3139414,522671.0
2026-06-26,962619200.4921228,521746.0
2026-06-29,831838314.3459485,490860.0
2026-06-30,991551270.7003708,563177.0
