Date,Unique Addresses
2022-03-01,722863.0
2022-03-02,731603.0
2022-03-03,701198.0
2022-03-04,675228.0
2022-03-05,594977.0
2022-03-06,555454.0
2022-03-07,648259.0
2022-03-08,659214.0
2022-03-09,702360.0
2022-03-10,687025.0
2022-03-11,659116.0
2022-03-12,592255.0
2022-03-13,554544.0
2022-03-14,658358.0
2022-03-15,679170.0
2022-03-16,721364.0
2022-03-17,743399.0
2022-03-18,700248.0
2022-03-19,638704.0
2022-03-20,572086.0
2022-03-21,663684.0
2022-03-22,681184.0
2022-03-23,671738.0
2022-03-24,677148.0
2022-03-25,752938.0
2022-03-26,611979.0
2022-03-27,589872.0
2022-03-28,720718.0
2022-03-29,706611.0
2022-03-30,662686.0
2022-03-31,711182.0
2022-04-01,738464.0
2022-04-02,660755.0
2022-04-03,585946.0
2022-04-04,691360.0
2022-04-05,692888.0
2022-04-06,666088.0
2022-04-07,677721.0
2022-04-08,685851.0
2022-04-09,597681.0
2022-04-10,551596.0
2022-04-11,684991.0
2022-04-12,683425.0
2022-04-13,682050.0
2022-04-14,673582.0
2022-04-15,666824.0
2022-04-16,600335.0
2022-04-17,557466.0
2022-04-18,631282.0
2022-04-19,697163.0
2022-04-20,703937.0
2022-04-21,710624.0
2022-04-22,671463.0
2022-04-23,613940.0
2022-04-24,581643.0
2022-04-25,680074.0
2022-04-26,689345.0
2022-04-27,697020.0
2022-04-28,697124.0
2022-04-29,729033.0
2022-04-30,684282.0
2022-05-01,625556.0
2022-05-02,687096.0
2022-05-03,692327.0
2022-05-04,615048.0
2022-05-05,778504.0
2022-05-06,723743.0
2022-05-07,609656.0
2022-05-08,597305.0
2022-05-09,705421.0
2022-05-10,714602.0
2022-05-11,694927.0
2022-05-12,730516.0
2022-05-13,727914.0
2022-05-14,725013.0
2022-05-15,599841.0
2022-05-16,663779.0
2022-05-17,683798.0
2022-05-18,646333.0
2022-05-19,662000.0
2022-05-20,668605.0
2022-05-21,579268.0
2022-05-22,535873.0
2022-05-23,638912.0
2022-05-24,600094.0
2022-05-25,700322.0
2022-05-26,653373.0
2022-05-27,688580.0
2022-05-28,576357.0
2022-05-29,530365.0
2022-05-30,644720.0
2022-05-31,685567.0
2022-06-01,683372.0
2022-06-02,664442.0
2022-06-03,678027.0
2022-06-04,569230.0
2022-06-05,538083.0
2022-06-06,652057.0
2022-06-07,648390.0
2022-06-08,656376.0
2022-06-09,661923.0
2022-06-10,669839.0
2022-06-11,589547.0
2022-06-12,557721.0
2022-06-13,708381.0
2022-06-14,717234.0
2022-06-15,732637.0
2022-06-16,662185.0
2022-06-17,663831.0
2022-06-18,654430.0
2022-06-19,548972.0
2022-06-20,605998.0
2022-06-21,647716.0
2022-06-22,639691.0
2022-06-23,633984.0
2022-06-24,650157.0
2022-06-25,557791.0
2022-06-26,528289.0
2022-06-27,621986.0
2022-06-28,624229.0
2022-06-29,654949.0
2022-06-30,699397.0
2022-07-01,714094.0
2022-07-02,614214.0
2022-07-03,548190.0
2022-07-04,610225.0
2022-07-05,616343.0
2022-07-06,687966.0
2022-07-07,691644.0
2022-07-08,682201.0
2022-07-09,576270.0
2022-07-10,523353.0
2022-07-11,590261.0
2022-07-12,657668.0
2022-07-13,597185.0
2022-07-14,685931.0
2022-07-15,661194.0
2022-07-16,577967.0
2022-07-17,519659.0
2022-07-18,611990.0
2022-07-19,682638.0
2022-07-20,642244.0
2022-07-21,686329.0
2022-07-22,650694.0
2022-07-23,572761.0
2022-07-24,531268.0
2022-07-25,629329.0
2022-07-26,655695.0
2022-07-27,644191.0
2022-07-28,697022.0
2022-07-29,708268.0
2022-07-30,601643.0
2022-07-31,561055.0
2022-08-01,635502.0
2022-08-02,663588.0
2022-08-03,693063.0
2022-08-04,695558.0
2022-08-05,687443.0
2022-08-06,610889.0
2022-08-07,522072.0
2022-08-08,652517.0
2022-08-09,646055.0
2022-08-10,663480.0
2022-08-11,725127.0
2022-08-12,703328.0
2022-08-13,613804.0
2022-08-14,551189.0
2022-08-15,620533.0
2022-08-16,677726.0
2022-08-17,648642.0
2022-08-18,685923.0
2022-08-19,736405.0
2022-08-20,597278.0
2022-08-21,549247.0
2022-08-22,629040.0
2022-08-23,641154.0
2022-08-24,649399.0
2022-08-25,656808.0
2022-08-26,686060.0
2022-08-27,605125.0
2022-08-28,547812.0
2022-08-29,641513.0
2022-08-30,660170.0
2022-08-31,652024.0
2022-09-01,685449.0
2022-09-02,710783.0
2022-09-03,641511.0
2022-09-04,541540.0
2022-09-05,628765.0
2022-09-06,657784.0
2022-09-07,676262.0
2022-09-08,685564.0
2022-09-09,753468.0
2022-09-10,646199.0
2022-09-11,607174.0
2022-09-12,665425.0
2022-09-13,663498.0
2022-09-14,687667.0
2022-09-15,700513.0
2022-09-16,706574.0
2022-09-17,641808.0
2022-09-18,556563.0
2022-09-19,631537.0
2022-09-20,650202.0
2022-09-21,632611.0
2022-09-22,614742.0
2022-09-23,689899.0
2022-09-24,588364.0
2022-09-25,574037.0
2022-09-26,614435.0
2022-09-27,648681.0
2022-09-28,620268.0
2022-09-29,652313.0
2022-09-30,717755.0
2022-10-01,627906.0
2022-10-02,570649.0
2022-10-03,656236.0
2022-10-04,655477.0
2022-10-05,644568.0
2022-10-06,677796.0
2022-10-07,675013.0
2022-10-08,610636.0
2022-10-09,553851.0
2022-10-10,619704.0
2022-10-11,635320.0
2022-10-12,646003.0
2022-10-13,691476.0
2022-10-14,694651.0
2022-10-15,612380.0
2022-10-16,558957.0
2022-10-17,613662.0
2022-10-18,615413.0
2022-10-19,612805.0
2022-10-20,633545.0
2022-10-21,671089.0
2022-10-22,598580.0
2022-10-23,582380.0
2022-10-24,629949.0
2022-10-25,601629.0
2022-10-26,683262.0
2022-10-27,648360.0
2022-10-28,679257.0
2022-10-29,668004.0
2022-10-30,594597.0
2022-10-31,667561.0
2022-11-01,666319.0
2022-11-02,630399.0
2022-11-03,716406.0
2022-11-04,689430.0
2022-11-05,648416.0
2022-11-06,577334.0
2022-11-07,643216.0
2022-11-08,719305.0
2022-11-09,754032.0
2022-11-10,774942.0
2022-11-11,747386.0
2022-11-12,677645.0
2022-11-13,656286.0
2022-11-14,661596.0
2022-11-15,703644.0
2022-11-16,670368.0
2022-11-17,636467.0
2022-11-18,697975.0
2022-11-19,647807.0
2022-11-20,595776.0
2022-11-21,661220.0
2022-11-22,623451.0
2022-11-23,696412.0
2022-11-24,642832.0
2022-11-25,640008.0
2022-11-26,598183.0
2022-11-27,568789.0
2022-11-28,630827.0
2022-11-29,658815.0
2022-11-30,656181.0
2022-12-01,704310.0
2022-12-02,686664.0
2022-12-03,650867.0
2022-12-04,570337.0
2022-12-05,654949.0
2022-12-06,637825.0
2022-12-07,652144.0
2022-12-08,646079.0
2022-12-09,662365.0
2022-12-10,617455.0
2022-12-11,570664.0
2022-12-12,639530.0
2022-12-13,710573.0
2022-12-14,673994.0
2022-12-15,691792.0
2022-12-16,675745.0
2022-12-17,675840.0
2022-12-18,559608.0
2022-12-19,625817.0
2022-12-20,653824.0
2022-12-21,653064.0
2022-12-22,665463.0
2022-12-23,680283.0
2022-12-24,562534.0
2022-12-25,522307.0
2022-12-26,548937.0
2022-12-27,593337.0
2022-12-28,661225.0
2022-12-29,668338.0
2022-12-30,726125.0
2022-12-31,618594.0
2023-01-01,509337.0
2023-01-02,575250.0
2023-01-03,645565.0
2023-01-04,652878.0
2023-01-05,682119.0
2023-01-06,685990.0
2023-01-07,601071.0
2023-01-08,565595.0
2023-01-09,662916.0
2023-01-10,695664.0
2023-01-11,661284.0
2023-01-12,717816.0
2023-01-13,743545.0
2023-01-14,725858.0
2023-01-15,605147.0
2023-01-16,677371.0
2023-01-17,680259.0
2023-01-18,681758.0
2023-01-19,684950.0
2023-01-20,702080.0
2023-01-21,676478.0
2023-01-22,610248.0
2023-01-23,651866.0
2023-01-24,660507.0
2023-01-25,687864.0
2023-01-26,669489.0
2023-01-27,699439.0
2023-01-28,637939.0
2023-01-29,616633.0
2023-01-30,667280.0
2023-01-31,709466.0
2023-02-01,745886.0
2023-02-02,752262.0
2023-02-03,738211.0
2023-02-04,691143.0
2023-02-05,594717.0
2023-02-06,663760.0
2023-02-07,688379.0
2023-02-08,682912.0
2023-02-09,783722.0
2023-02-10,700869.0
2023-02-11,654726.0
2023-02-12,617837.0
2023-02-13,666916.0
2023-02-14,675701.0
2023-02-15,723537.0
2023-02-16,759215.0
2023-02-17,716489.0
2023-02-18,656568.0
2023-02-19,569883.0
2023-02-20,615969.0
2023-02-21,654981.0
2023-02-22,660490.0
2023-02-23,693262.0
2023-02-24,695824.0
2023-02-25,626600.0
2023-02-26,628404.0
2023-02-27,644967.0
2023-02-28,731797.0
2023-03-01,826824.0
2023-03-02,726383.0
2023-03-03,807383.0
2023-03-04,678996.0
2023-03-05,630099.0
2023-03-06,671836.0
2023-03-07,771846.0
2023-03-08,656385.0
2023-03-09,700965.0
2023-03-10,762121.0
2023-03-11,721567.0
2023-03-12,621363.0
2023-03-13,725571.0
2023-03-14,728811.0
2023-03-15,750215.0
2023-03-16,687640.0
2023-03-17,768841.0
2023-03-18,691597.0
2023-03-19,619482.0
2023-03-20,725399.0
2023-03-21,708659.0
2023-03-22,688658.0
2023-03-23,677191.0
2023-03-24,683787.0
2023-03-25,659846.0
2023-03-26,594775.0
2023-03-27,668827.0
2023-03-28,684623.0
2023-03-29,727221.0
2023-03-30,727172.0
2023-03-31,732643.0
2023-04-01,702374.0
2023-04-02,659613.0
2023-04-03,681747.0
2023-04-04,809319.0
2023-04-05,719774.0
2023-04-06,740308.0
2023-04-07,739977.0
2023-04-08,661759.0
2023-04-09,570129.0
2023-04-10,633252.0
2023-04-11,793340.0
2023-04-12,714277.0
2023-04-13,720191.0
2023-04-14,729076.0
2023-04-15,644020.0
2023-04-16,558992.0
2023-04-17,665181.0
2023-04-18,680093.0
2023-04-19,680099.0
2023-04-20,675813.0
2023-04-21,771581.0
2023-04-22,652782.0
2023-04-23,604273.0
2023-04-24,634746.0
2023-04-25,663868.0
2023-04-26,668682.0
2023-04-27,673213.0
2023-04-28,725813.0
2023-04-29,628996.0
2023-04-30,612597.0
2023-05-01,697731.0
2023-05-02,620729.0
2023-05-03,728440.0
2023-05-04,680011.0
2023-05-05,652054.0
2023-05-06,619770.0
2023-05-07,482095.0
2023-05-08,552358.0
2023-05-09,586519.0
2023-05-10,686423.0
2023-05-11,596717.0
2023-05-12,604937.0
2023-05-13,553742.0
2023-05-14,565005.0
2023-05-15,579485.0
2023-05-16,625496.0
2023-05-17,627113.0
2023-05-18,603811.0
2023-05-19,664491.0
2023-05-20,559902.0
2023-05-21,542208.0
2023-05-22,604303.0
2023-05-23,636984.0
2023-05-24,617027.0
2023-05-25,689359.0
2023-05-26,738629.0
2023-05-27,672783.0
2023-05-28,647993.0
2023-05-29,664954.0
2023-05-30,713954.0
2023-05-31,709100.0
2023-06-01,678136.0
2023-06-02,721266.0
2023-06-03,635282.0
2023-06-04,588801.0
2023-06-05,610475.0
2023-06-06,763100.0
2023-06-07,734954.0
2023-06-08,682296.0
2023-06-09,676835.0
2023-06-10,643676.0
2023-06-11,561469.0
2023-06-12,617352.0
2023-06-13,682607.0
2023-06-14,633244.0
2023-06-15,689182.0
2023-06-16,765014.0
2023-06-17,662278.0
2023-06-18,661930.0
2023-06-19,614017.0
2023-06-20,746599.0
2023-06-21,693078.0
2023-06-22,722789.0
2023-06-23,707501.0
2023-06-24,683837.0
2023-06-25,656558.0
2023-06-26,692095.0
2023-06-27,707936.0
2023-06-28,627350.0
2023-06-29,726305.0
2023-06-30,753791.0
2023-07-01,622117.0
2023-07-02,534333.0
2023-07-03,655439.0
2023-07-04,645583.0
2023-07-05,716586.0
2023-07-06,709055.0
2023-07-07,773326.0
2023-07-08,695972.0
2023-07-09,732590.0
2023-07-10,679425.0
2023-07-11,686922.0
2023-07-12,752660.0
2023-07-13,678891.0
2023-07-14,760021.0
2023-07-15,732135.0
2023-07-16,732664.0
2023-07-17,703876.0
2023-07-18,775244.0
2023-07-19,745057.0
2023-07-20,685150.0
2023-07-21,657357.0
2023-07-22,556589.0
2023-07-23,691587.0
2023-07-24,704020.0
2023-07-25,734826.0
2023-07-26,737067.0
2023-07-27,713630.0
2023-07-28,720574.0
2023-07-29,694496.0
2023-07-30,800500.0
2023-07-31,677346.0
2023-08-01,734323.0
2023-08-02,698941.0
2023-08-03,716303.0
2023-08-04,641787.0
2023-08-05,729623.0
2023-08-06,771973.0
2023-08-07,676210.0
2023-08-08,616643.0
2023-08-09,735662.0
2023-08-10,711323.0
2023-08-11,733810.0
2023-08-12,703004.0
2023-08-13,650366.0
2023-08-14,723900.0
2023-08-15,786113.0
2023-08-16,669749.0
2023-08-17,769086.0
2023-08-18,783855.0
2023-08-19,628343.0
2023-08-20,691316.0
2023-08-21,739287.0
2023-08-22,633631.0
2023-08-23,652036.0
2023-08-24,660102.0
2023-08-25,706946.0
2023-08-26,747932.0
2023-08-27,606069.0
2023-08-28,636935.0
2023-08-29,767879.0
2023-08-30,665354.0
2023-08-31,742110.0
2023-09-01,769950.0
2023-09-02,774348.0
2023-09-03,696368.0
2023-09-04,730142.0
2023-09-05,753968.0
2023-09-06,757286.0
2023-09-07,785059.0
2023-09-08,694292.0
2023-09-09,927787.0
2023-09-10,847065.0
2023-09-11,719793.0
2023-09-12,784703.0
2023-09-13,802393.0
2023-09-14,875176.0
2023-09-15,1017545.0
2023-09-16,876224.0
2023-09-17,854606.0
2023-09-18,852484.0
2023-09-19,741822.0
2023-09-20,823616.0
2023-09-21,763149.0
2023-09-22,757791.0
2023-09-23,882768.0
2023-09-24,685778.0
2023-09-25,635909.0
2023-09-26,624716.0
2023-09-27,621414.0
2023-09-28,639899.0
2023-09-29,713902.0
2023-09-30,625600.0
2023-10-01,613394.0
2023-10-02,691873.0
2023-10-03,676161.0
2023-10-04,638418.0
2023-10-05,687363.0
2023-10-06,679001.0
2023-10-07,596825.0
2023-10-08,557949.0
2023-10-09,599404.0
2023-10-10,629505.0
2023-10-11,607097.0
2023-10-12,624747.0
2023-10-13,662518.0
2023-10-14,612783.0
2023-10-15,571061.0
2023-10-16,652765.0
2023-10-17,645537.0
2023-10-18,613906.0
2023-10-19,649723.0
2023-10-20,705226.0
2023-10-21,640544.0
2023-10-22,577606.0
2023-10-23,660705.0
2023-10-24,755204.0
2023-10-25,812853.0
2023-10-26,778594.0
2023-10-27,801082.0
2023-10-28,819540.0
2023-10-29,672955.0
2023-10-30,779588.0
2023-10-31,782062.0
2023-11-01,796206.0
2023-11-02,806444.0
2023-11-03,789502.0
2023-11-04,957847.0
2023-11-05,891683.0
2023-11-06,725183.0
2023-11-07,737771.0
2023-11-08,837044.0
2023-11-09,832393.0
2023-11-10,848433.0
2023-11-11,894325.0
2023-11-12,880975.0
2023-11-13,670301.0
2023-11-14,745056.0
2023-11-15,770577.0
2023-11-16,813390.0
2023-11-17,760684.0
2023-11-18,748237.0
2023-11-19,806772.0
2023-11-20,804527.0
2023-11-21,779702.0
2023-11-22,777966.0
2023-11-23,771284.0
2023-11-24,841609.0
2023-11-25,861295.0
2023-11-26,817987.0
2023-11-27,759608.0
2023-11-28,713884.0
2023-11-29,646160.0
2023-11-30,701654.0
2023-12-01,844580.0
2023-12-02,689877.0
2023-12-03,777188.0
2023-12-04,763939.0
2023-12-05,674260.0
2023-12-06,642605.0
2023-12-07,647634.0
2023-12-08,682971.0
2023-12-09,739198.0
2023-12-10,664453.0
2023-12-11,690909.0
2023-12-12,688671.0
2023-12-13,617899.0
2023-12-14,573978.0
2023-12-15,706714.0
2023-12-16,636391.0
2023-12-17,570690.0
2023-12-18,715198.0
2023-12-19,684666.0
2023-12-20,659068.0
2023-12-21,699086.0
2023-12-22,772558.0
2023-12-23,683793.0
2023-12-24,731313.0
2023-12-25,572121.0
2023-12-26,582914.0
2023-12-27,647166.0
2023-12-28,593042.0
2023-12-29,703116.0
2023-12-30,599027.0
2023-12-31,690255.0
2024-01-01,624628.0
2024-01-02,550846.0
2024-01-03,677059.0
2024-01-04,675009.0
2024-01-05,645934.0
2024-01-06,572161.0
2024-01-07,510040.0
2024-01-08,534011.0
2024-01-09,618468.0
2024-01-10,605995.0
2024-01-11,664879.0
2024-01-12,596693.0
2024-01-13,715186.0
2024-01-14,616604.0
2024-01-15,568802.0
2024-01-16,569684.0
2024-01-17,647470.0
2024-01-18,678147.0
2024-01-19,627719.0
2024-01-20,656529.0
2024-01-21,621585.0
2024-01-22,620801.0
2024-01-23,600773.0
2024-01-24,564400.0
2024-01-25,573766.0
2024-01-26,683719.0
2024-01-27,718169.0
2024-01-28,731738.0
2024-01-29,697324.0
2024-01-30,687547.0
2024-01-31,622142.0
2024-02-01,680097.0
2024-02-02,691810.0
2024-02-03,668270.0
2024-02-04,539397.0
2024-02-05,525379.0
2024-02-06,521338.0
2024-02-07,640781.0
2024-02-08,547079.0
2024-02-09,615935.0
2024-02-10,637411.0
2024-02-11,558692.0
2024-02-12,649038.0
2024-02-13,589286.0
2024-02-14,586548.0
2024-02-15,612859.0
2024-02-16,613011.0
2024-02-17,590229.0
2024-02-18,563861.0
2024-02-19,617452.0
2024-02-20,638563.0
2024-02-21,630339.0
2024-02-22,642155.0
2024-02-23,679759.0
2024-02-24,591315.0
2024-02-25,607478.0
2024-02-26,620435.0
2024-02-27,674490.0
2024-02-28,763915.0
2024-02-29,772702.0
2024-03-01,771270.0
2024-03-02,623680.0
2024-03-03,633897.0
2024-03-04,664743.0
2024-03-05,772888.0
2024-03-06,681667.0
2024-03-07,714978.0
2024-03-08,716770.0
2024-03-09,632927.0
2024-03-10,627815.0
2024-03-11,684136.0
2024-03-12,677201.0
2024-03-13,710767.0
2024-03-14,663447.0
2024-03-15,749328.0
2024-03-16,621787.0
2024-03-17,601779.0
2024-03-18,673489.0
2024-03-19,755218.0
2024-03-20,639266.0
2024-03-21,611408.0
2024-03-22,679058.0
2024-03-23,622559.0
2024-03-24,566459.0
2024-03-25,623335.0
2024-03-26,648004.0
2024-03-27,637151.0
2024-03-28,696012.0
2024-03-29,659374.0
2024-03-30,614851.0
2024-03-31,546293.0
2024-04-01,648777.0
2024-04-02,685496.0
2024-04-03,714141.0
2024-04-04,655509.0
2024-04-05,643705.0
2024-04-06,673290.0
2024-04-07,652726.0
2024-04-08,685180.0
2024-04-09,683771.0
2024-04-10,703704.0
2024-04-11,631803.0
2024-04-12,683741.0
2024-04-13,683432.0
2024-04-14,665693.0
2024-04-15,666015.0
2024-04-16,743368.0
2024-04-17,661886.0
2024-04-18,670913.0
2024-04-19,727141.0
2024-04-20,455683.0
2024-04-21,484762.0
2024-04-22,534717.0
2024-04-23,441797.0
2024-04-24,632356.0
2024-04-25,633650.0
2024-04-26,664327.0
2024-04-27,673970.0
2024-04-28,509501.0
2024-04-29,603796.0
2024-04-30,635509.0
2024-05-01,587665.0
2024-05-02,528151.0
2024-05-03,537019.0
2024-05-04,473521.0
2024-05-05,429326.0
2024-05-06,466177.0
2024-05-07,495831.0
2024-05-08,514675.0
2024-05-09,513026.0
2024-05-10,474605.0
2024-05-11,445747.0
2024-05-12,377543.0
2024-05-13,466123.0
2024-05-14,458041.0
2024-05-15,516619.0
2024-05-16,494221.0
2024-05-17,514199.0
2024-05-18,434371.0
2024-05-19,405155.0
2024-05-20,482108.0
2024-05-21,508542.0
2024-05-22,491272.0
2024-05-23,533345.0
2024-05-24,483309.0
2024-05-25,465497.0
2024-05-26,403848.0
2024-05-27,430424.0
2024-05-28,448181.0
2024-05-29,449070.0
2024-05-30,499634.0
2024-05-31,528690.0
2024-06-01,449639.0
2024-06-02,393004.0
2024-06-03,482689.0
2024-06-04,492874.0
2024-06-05,460473.0
2024-06-06,476121.0
2024-06-07,468301.0
2024-06-08,599175.0
2024-06-09,479357.0
2024-06-10,473053.0
2024-06-11,485989.0
2024-06-12,483313.0
2024-06-13,469602.0
2024-06-14,475827.0
2024-06-15,426024.0
2024-06-16,410934.0
2024-06-17,433551.0
2024-06-18,484883.0
2024-06-19,459862.0
2024-06-20,465205.0
2024-06-21,514658.0
2024-06-22,456727.0
2024-06-23,358420.0
2024-06-24,456565.0
2024-06-25,441214.0
2024-06-26,476277.0
2024-06-27,501018.0
2024-06-28,562499.0
2024-06-29,502873.0
2024-06-30,465981.0
2024-07-01,650451.0
2024-07-02,511492.0
2024-07-03,503996.0
2024-07-04,487582.0
2024-07-05,510689.0
2024-07-06,461755.0
2024-07-07,417263.0
2024-07-08,534832.0
2024-07-09,499299.0
2024-07-10,460604.0
2024-07-11,487442.0
2024-07-12,486027.0
2024-07-13,418214.0
2024-07-14,440649.0
2024-07-15,482490.0
2024-07-16,492843.0
2024-07-17,476281.0
2024-07-18,481360.0
2024-07-19,510414.0
2024-07-20,444989.0
2024-07-21,412253.0
2024-07-22,504554.0
2024-07-23,480641.0
2024-07-24,484767.0
2024-07-25,529053.0
2024-07-26,529294.0
2024-07-27,508959.0
2024-07-28,431944.0
2024-07-29,543529.0
2024-07-30,500916.0
2024-07-31,542141.0
2024-08-01,550192.0
2024-08-02,531291.0
2024-08-03,490026.0
2024-08-04,451025.0
2024-08-05,572484.0
2024-08-06,502085.0
2024-08-07,483579.0
2024-08-08,541524.0
2024-08-09,505594.0
2024-08-10,449194.0
2024-08-11,407547.0
2024-08-12,459444.0
2024-08-13,499256.0
2024-08-14,514603.0
2024-08-15,517110.0
2024-08-16,541657.0
2024-08-17,468048.0
2024-08-18,431177.0
2024-08-19,479794.0
2024-08-20,522795.0
2024-08-21,528523.0
2024-08-22,529070.0
2024-08-23,531334.0
2024-08-24,465477.0
2024-08-25,410926.0
2024-08-26,467689.0
2024-08-27,500316.0
2024-08-28,507535.0
2024-08-29,537264.0
2024-08-30,572225.0
2024-08-31,500461.0
2024-09-01,474746.0
2024-09-02,497761.0
2024-09-03,532190.0
2024-09-04,517981.0
2024-09-05,539154.0
2024-09-06,541499.0
2024-09-07,467697.0
2024-09-08,443983.0
2024-09-09,484357.0
2024-09-10,496236.0
2024-09-11,485718.0
2024-09-12,543579.0
2024-09-13,541521.0
2024-09-14,497081.0
2024-09-15,450094.0
2024-09-16,508716.0
2024-09-17,512792.0
2024-09-18,503606.0
2024-09-19,534707.0
2024-09-20,555435.0
2024-09-21,487325.0
2024-09-22,439610.0
2024-09-23,518528.0
2024-09-24,517079.0
2024-09-25,513256.0
2024-09-26,515965.0
2024-09-27,549045.0
2024-09-28,477266.0
2024-09-29,462111.0
2024-09-30,513555.0
2024-10-01,626337.0
2024-10-02,504061.0
2024-10-03,522348.0
2024-10-04,553982.0
2024-10-05,462401.0
2024-10-06,435532.0
2024-10-07,495630.0
2024-10-08,556194.0
2024-10-09,479175.0
2024-10-10,495077.0
2024-10-11,474119.0
2024-10-12,440477.0
2024-10-13,417442.0
2024-10-14,477679.0
2024-10-15,510964.0
2024-10-16,465015.0
2024-10-17,529901.0
2024-10-18,519056.0
2024-10-19,480562.0
2024-10-20,462770.0
2024-10-21,482337.0
2024-10-22,479204.0
2024-10-23,496062.0
2024-10-24,453818.0
2024-10-25,585659.0
2024-10-26,513505.0
2024-10-27,452846.0
2024-10-28,535356.0
2024-10-29,580911.0
2024-10-30,553379.0
2024-10-31,562550.0
2024-11-01,556938.0
2024-11-02,504261.0
2024-11-03,452489.0
2024-11-04,518020.0
2024-11-05,548496.0
2024-11-06,622567.0
2024-11-07,583392.0
2024-11-08,591256.0
2024-11-09,502341.0
2024-11-10,564887.0
2024-11-11,623757.0
2024-11-12,702614.0
2024-11-13,636591.0
2024-11-14,587387.0
2024-11-15,619496.0
2024-11-16,581986.0
2024-11-17,518085.0
2024-11-18,569926.0
2024-11-19,547133.0
2024-11-20,557265.0
2024-11-21,666198.0
2024-11-22,628962.0
2024-11-23,590149.0
2024-11-24,534909.0
2024-11-25,593158.0
2024-11-26,568082.0
2024-11-27,599701.0
2024-11-28,559054.0
2024-11-29,551876.0
2024-11-30,583648.0
2024-12-01,501246.0
2024-12-02,578842.0
2024-12-03,613585.0
2024-12-04,606514.0
2024-12-05,676971.0
2024-12-06,589966.0
2024-12-07,523611.0
2024-12-08,500126.0
2024-12-09,548218.0
2024-12-10,637676.0
2024-12-11,617471.0
2024-12-12,642365.0
2024-12-13,622796.0
2024-12-14,547370.0
2024-12-15,540459.0
2024-12-16,628257.0
2024-12-17,587955.0
2024-12-18,583495.0
2024-12-19,634202.0
2024-12-20,640920.0
2024-12-21,516725.0
2024-12-22,477331.0
2024-12-23,528563.0
2024-12-24,543738.0
2024-12-25,465831.0
2024-12-26,488028.0
2024-12-27,568492.0
2024-12-28,513628.0
2024-12-29,473130.0
2024-12-30,546526.0
2024-12-31,545227.0
2025-01-01,469908.0
2025-01-02,536381.0
2025-01-03,580296.0
2025-01-04,514543.0
2025-01-05,477492.0
2025-01-06,552854.0
2025-01-07,534903.0
2025-01-08,545474.0
2025-01-09,551517.0
2025-01-10,555569.0
2025-01-11,493250.0
2025-01-12,478512.0
2025-01-13,527739.0
2025-01-14,555702.0
2025-01-15,562243.0
2025-01-16,552617.0
2025-01-17,609681.0
2025-01-18,548843.0
2025-01-19,581784.0
2025-01-20,611603.0
2025-01-21,576234.0
2025-01-22,563550.0
2025-01-23,559393.0
2025-01-24,555324.0
2025-01-25,511721.0
2025-01-26,468657.0
2025-01-27,536813.0
2025-01-28,526610.0
2025-01-29,536882.0
2025-01-30,563297.0
2025-01-31,573440.0
2025-02-01,547939.0
2025-02-02,493629.0
2025-02-03,594369.0
2025-02-04,533329.0
2025-02-05,549668.0
2025-02-06,556046.0
2025-02-07,547121.0
2025-02-08,495840.0
2025-02-09,458209.0
2025-02-10,506614.0
2025-02-11,527971.0
2025-02-12,524479.0
2025-02-13,554664.0
2025-02-14,555378.0
2025-02-15,477805.0
2025-02-16,439616.0
2025-02-17,481661.0
2025-02-18,505135.0
2025-02-19,504104.0
2025-02-20,528372.0
2025-02-21,539520.0
2025-02-22,481128.0
2025-02-23,401327.0
2025-02-24,502390.0
2025-02-25,593036.0
2025-02-26,551544.0
2025-02-27,559897.0
2025-02-28,639073.0
2025-03-01,537837.0
2025-03-02,502728.0
2025-03-03,574113.0
2025-03-04,572405.0
2025-03-05,553079.0
2025-03-06,582749.0
2025-03-07,575233.0
2025-03-08,490884.0
2025-03-09,468931.0
2025-03-10,561710.0
2025-03-11,555242.0
2025-03-12,537118.0
2025-03-13,548028.0
2025-03-14,558542.0
2025-03-15,483792.0
2025-03-16,440114.0
2025-03-17,511394.0
2025-03-18,520296.0
2025-03-19,523412.0
2025-03-20,538832.0
2025-03-21,542213.0
2025-03-22,463442.0
2025-03-23,426406.0
2025-03-24,542968.0
2025-03-25,537123.0
2025-03-26,551045.0
2025-03-27,546963.0
2025-03-28,555512.0
2025-03-29,491096.0
2025-03-30,448720.0
2025-03-31,536233.0
2025-04-01,577515.0
2025-04-02,561041.0
2025-04-03,576015.0
2025-04-04,568203.0
2025-04-05,491185.0
2025-04-06,468285.0
2025-04-07,561612.0
2025-04-08,560881.0
2025-04-09,553980.0
2025-04-10,559681.0
2025-04-11,574941.0
2025-04-12,504593.0
2025-04-13,462177.0
2025-04-14,531419.0
2025-04-15,547445.0
2025-04-16,543869.0
2025-04-17,545464.0
2025-04-18,515292.0
2025-04-19,471006.0
2025-04-20,423502.0
2025-04-21,493498.0
2025-04-22,569473.0
2025-04-23,546333.0
2025-04-24,569545.0
2025-04-25,595179.0
2025-04-26,486530.0
2025-04-27,449536.0
2025-04-28,513795.0
2025-04-29,526876.0
2025-04-30,558028.0
2025-05-01,555979.0
2025-05-02,613025.0
2025-05-03,515130.0
2025-05-04,446087.0
2025-05-05,531867.0
2025-05-06,526919.0
2025-05-07,559340.0
2025-05-08,592201.0
2025-05-09,603053.0
2025-05-10,503410.0
2025-05-11,467125.0
2025-05-12,532368.0
2025-05-13,534997.0
2025-05-14,535430.0
2025-05-15,540779.0
2025-05-16,539053.0
2025-05-17,474173.0
2025-05-18,432229.0
2025-05-19,499650.0
2025-05-20,536030.0
2025-05-21,567751.0
2025-05-22,612816.0
2025-05-23,571289.0
2025-05-24,500617.0
2025-05-25,442797.0
2025-05-26,516548.0
2025-05-27,508812.0
2025-05-28,546095.0
2025-05-29,542154.0
2025-05-30,594597.0
2025-05-31,506671.0
2025-06-01,452800.0
2025-06-02,516152.0
2025-06-03,560813.0
2025-06-04,545490.0
2025-06-05,562558.0
2025-06-06,543873.0
2025-06-07,473987.0
2025-06-08,436494.0
2025-06-09,506842.0
2025-06-10,558332.0
2025-06-11,519320.0
2025-06-12,549165.0
2025-06-13,567837.0
2025-06-14,474984.0
2025-06-15,439669.0
2025-06-16,527740.0
2025-06-17,518441.0
2025-06-18,526045.0
2025-06-19,501017.0
2025-06-20,543938.0
2025-06-21,455627.0
2025-06-22,434126.0
2025-06-23,477910.0
2025-06-24,498971.0
2025-06-25,516000.0
2025-06-26,540682.0
2025-06-27,524379.0
2025-06-28,457275.0
2025-06-29,442209.0
2025-06-30,521131.0
2025-07-01,542508.0
2025-07-02,572880.0
2025-07-03,571346.0
2025-07-04,527167.0
2025-07-05,426226.0
2025-07-06,436195.0
2025-07-07,493343.0
2025-07-08,521277.0
2025-07-09,542076.0
2025-07-10,605456.0
2025-07-11,626638.0
2025-07-12,501978.0
2025-07-13,466718.0
2025-07-14,598435.0
2025-07-15,560371.0
2025-07-16,542511.0
2025-07-17,594592.0
2025-07-18,580677.0
2025-07-19,477264.0
2025-07-20,455280.0
2025-07-21,537794.0
2025-07-22,519024.0
2025-07-23,535701.0
2025-07-24,528797.0
2025-07-25,577530.0
2025-07-26,491132.0
2025-07-27,457112.0
2025-07-28,529385.0
2025-07-29,561483.0
2025-07-30,554145.0
2025-07-31,584264.0
2025-08-01,636772.0
2025-08-02,526686.0
2025-08-03,462597.0
2025-08-04,542397.0
2025-08-05,569616.0
2025-08-06,665517.0
2025-08-07,634516.0
2025-08-08,749938.0
2025-08-09,591211.0
2025-08-10,489536.0
2025-08-11,552696.0
2025-08-12,543783.0
2025-08-13,562007.0
2025-08-14,630373.0
2025-08-15,555918.0
2025-08-16,475351.0
2025-08-17,434867.0
2025-08-18,506163.0
2025-08-19,508055.0
2025-08-20,534876.0
2025-08-21,536698.0
2025-08-22,559414.0
2025-08-23,487009.0
2025-08-24,443678.0
2025-08-25,525919.0
2025-08-26,528702.0
2025-08-27,526965.0
2025-08-28,547915.0
2025-08-29,597526.0
2025-08-30,495905.0
2025-08-31,446532.0
2025-09-01,521197.0
2025-09-02,544795.0
2025-09-03,541497.0
2025-09-04,540435.0
2025-09-05,587857.0
2025-09-06,481276.0
2025-09-07,458587.0
2025-09-08,511832.0
2025-09-09,549610.0
2025-09-10,542027.0
2025-09-11,537753.0
2025-09-12,543345.0
2025-09-13,526152.0
2025-09-14,494770.0
2025-09-15,549560.0
2025-09-16,546260.0
2025-09-17,517428.0
2025-09-18,536964.0
2025-09-19,553195.0
2025-09-20,535837.0
2025-09-21,467555.0
2025-09-22,515742.0
2025-09-23,506650.0
2025-09-24,502339.0
2025-09-25,542099.0
2025-09-26,553168.0
2025-09-27,484214.0
2025-09-28,458537.0
2025-09-29,521335.0
2025-09-30,561370.0
2025-10-01,577245.0
2025-10-02,595776.0
2025-10-03,595427.0
2025-10-04,544104.0
2025-10-05,497949.0
2025-10-06,550307.0
2025-10-07,561921.0
2025-10-08,546778.0
2025-10-09,543331.0
2025-10-10,584389.0
2025-10-11,546781.0
2025-10-12,465507.0
2025-10-13,504968.0
2025-10-14,524219.0
2025-10-15,542831.0
2025-10-16,556999.0
2025-10-17,591614.0
2025-10-18,481991.0
2025-10-19,443995.0
2025-10-20,507550.0
2025-10-21,538842.0
2025-10-22,507518.0
2025-10-23,527286.0
2025-10-24,546753.0
2025-10-25,461245.0
2025-10-26,433092.0
2025-10-27,522563.0
2025-10-28,504390.0
2025-10-29,517043.0
2025-10-30,540811.0
2025-10-31,572374.0
2025-11-01,498680.0
2025-11-02,446508.0
2025-11-03,547702.0
2025-11-04,582796.0
2025-11-05,550413.0
2025-11-06,534781.0
2025-11-07,569444.0
2025-11-08,470481.0
2025-11-09,442498.0
2025-11-10,526898.0
2025-11-11,506473.0
2025-11-12,504920.0
2025-11-16,454407.0
2025-11-17,515090.0
2025-11-18,517212.0
2025-11-19,535320.0
2025-11-20,545087.0
2025-11-21,603204.0
2025-11-22,485120.0
2025-11-23,442816.0
2025-11-24,503446.0
2025-11-25,513166.0
2025-11-26,535443.0
2025-11-27,525809.0
2025-11-28,543603.0
2025-11-29,475990.0
2025-11-30,450764.0
2025-12-01,557926.0
2025-12-02,546016.0
2025-12-03,542787.0
2025-12-04,540083.0
2025-12-05,534245.0
2025-12-06,465393.0
2025-12-07,438543.0
2025-12-08,477476.0
2025-12-09,507794.0
2025-12-10,511694.0
2025-12-11,513356.0
2025-12-12,537832.0
2025-12-13,463369.0
2025-12-14,429658.0
2025-12-15,507663.0
2025-12-16,507318.0
2025-12-17,511367.0
2025-12-18,518421.0
2025-12-19,556166.0
2025-12-20,488594.0
2025-12-21,436144.0
2025-12-22,497545.0
2025-12-23,520980.0
2025-12-24,513917.0
2025-12-25,431619.0
2025-12-26,477921.0
2025-12-27,457336.0
2025-12-28,435884.0
2025-12-29,516338.0
2025-12-30,539847.0
2025-12-31,547272.0
2026-01-01,441382.0
2026-01-02,518434.0
2026-01-03,473968.0
2026-01-04,460281.0
2026-01-05,519989.0
2026-01-06,517888.0
2026-01-07,485087.0
2026-01-08,476585.0
2026-01-09,512937.0
2026-01-10,451552.0
2026-01-11,412668.0
2026-01-12,469584.0
2026-01-13,489392.0
2026-01-14,501548.0
2026-01-15,516730.0
2026-01-16,517080.0
2026-01-17,451781.0
2026-01-18,411852.0
2026-01-19,460095.0
2026-01-20,466340.0
2026-01-21,503455.0
2026-01-22,478520.0
2026-01-23,500192.0
2026-01-24,421686.0
2026-01-25,419735.0
2026-01-26,465362.0
2026-01-27,475414.0
2026-01-28,485652.0
2026-01-29,521611.0
2026-01-30,580888.0
2026-01-31,527605.0
2026-02-01,467476.0
2026-02-02,521176.0
2026-02-03,550746.0
2026-02-04,532371.0
2026-02-05,619296.0
2026-02-06,646236.0
2026-02-07,481546.0
2026-02-08,442633.0
2026-02-09,481228.0
2026-02-10,486763.0
2026-02-11,490231.0
2026-02-12,504187.0
2026-02-13,521603.0
2026-02-14,458016.0
2026-02-15,399280.0
2026-02-16,440304.0
2026-02-17,446864.0
2026-02-18,454158.0
2026-02-19,473222.0
2026-02-20,493761.0
2026-02-21,447339.0
2026-02-22,408828.0
2026-02-23,458764.0
2026-02-24,501015.0
2026-02-25,509923.0
2026-02-26,521846.0
2026-02-27,549158.0
2026-02-28,498805.0
2026-03-01,447977.0
2026-03-02,515250.0
2026-03-03,504537.0
2026-03-04,516794.0
2026-03-05,522467.0
2026-03-06,531723.0
2026-03-07,458399.0
2026-03-08,413093.0
2026-03-09,468702.0
2026-03-10,484745.0
2026-03-11,475423.0
2026-03-12,496301.0
2026-03-13,525035.0
2026-03-14,440249.0
2026-03-15,406808.0
2026-03-16,477639.0
2026-03-17,488604.0
2026-03-18,472748.0
2026-03-19,486162.0
2026-03-20,496098.0
2026-03-21,458834.0
2026-03-22,432406.0
2026-03-23,476303.0
2026-03-24,460523.0
2026-03-25,501248.0
2026-03-26,491918.0
2026-03-27,507433.0
2026-03-28,432914.0
2026-03-29,382086.0
2026-03-30,459981.0
2026-03-31,485131.0
2026-04-01,527189.0
2026-04-02,505693.0
2026-04-03,498568.0
2026-04-04,430348.0
2026-04-05,380100.0
2026-04-06,447163.0
2026-04-07,480114.0
2026-04-08,489051.0
2026-04-09,484467.0
2026-04-10,507681.0
2026-04-11,441709.0
2026-04-12,395725.0
2026-04-13,454902.0
2026-04-14,491023.0
2026-04-15,470280.0
2026-04-17,521678.0
2026-04-18,439552.0
2026-04-19,396267.0
2026-04-20,464309.0
2026-04-21,478903.0
2026-04-22,493157.0
2026-04-23,490574.0
2026-04-24,506108.0
2026-04-25,428848.0
2026-04-26,399528.0
2026-04-27,465611.0
2026-04-28,472688.0
2026-04-29,482542.0
2026-04-30,509941.0
2026-05-01,541560.0
2026-05-02,449751.0
2026-05-03,402346.0
2026-05-04,485657.0
2026-05-05,508713.0
2026-05-06,498493.0
2026-05-07,497326.0
2026-05-08,506524.0
2026-05-09,707204.0
2026-05-10,407132.0
2026-05-11,457665.0
2026-05-12,476383.0
2026-05-13,485900.0
2026-05-14,489856.0
2026-05-15,525031.0
2026-05-16,445624.0
2026-05-17,396443.0
2026-05-18,474167.0
2026-05-19,469682.0
2026-05-20,473582.0
2026-05-21,484958.0
2026-05-22,547131.0
2026-05-23,439350.0
2026-05-24,387403.0
2026-05-25,430908.0
2026-05-26,464460.0
2026-05-27,474906.0
2026-05-28,490956.0
2026-05-29,518522.0
2026-05-30,454741.0
2026-05-31,403295.0
2026-06-01,508084.0
2026-06-02,501194.0
2026-06-03,515383.0
2026-06-04,538439.0
2026-06-05,557607.0
2026-06-06,458423.0
2026-06-07,400871.0
2026-06-08,457079.0
2026-06-09,466012.0
2026-06-10,478720.0
2026-06-11,487498.0
2026-06-12,515594.0
2026-06-13,423183.0
2026-06-14,400405.0
2026-06-15,492782.0
2026-06-16,477480.0
2026-06-17,474545.0
2026-06-18,503361.0
2026-06-19,486150.0
2026-06-20,409924.0
2026-06-21,381259.0
2026-06-22,454922.0
2026-06-23,464862.0
2026-06-24,488035.0
2026-06-25,522671.0
2026-06-26,521746.0
2026-06-27,452506.0
2026-06-28,416739.0
2026-06-29,490860.0
2026-06-30,563177.0
