Date,Output Volume (BTC)
2022-03-01,4987587.416539646
2022-03-02,3629538.7098137247
2022-03-03,3945266.274588509
2022-03-04,3555251.860971185
2022-03-05,2616672.691551767
2022-03-06,2764429.344985245
2022-03-07,3589195.557937871
2022-03-08,8872860.88592986
2022-03-09,7533865.344678688
2022-03-10,4892503.755380897
2022-03-11,4127599.072457916
2022-03-12,3409279.418202022
2022-03-13,3471559.7855672208
2022-03-14,4364034.51608986
2022-03-15,3666648.66891235
2022-03-16,4174563.629012115
2022-03-17,4107138.756632428
2022-03-18,3376443.662165391
2022-03-19,3631155.299323481
2022-03-20,2497434.717401906
2022-03-21,4501419.76668248
2022-03-22,3615218.6459022346
2022-03-23,3333457.0345256096
2022-03-24,3540391.7314428156
2022-03-25,4223371.807955236
2022-03-26,3316818.7526846156
2022-03-27,3293481.1987170065
2022-03-28,4739013.594120078
2022-03-29,4449903.516454739
2022-03-30,3680077.071510629
2022-03-31,3918935.8536600834
2022-04-01,3434271.0680333837
2022-04-02,4019035.007102952
2022-04-03,2946637.783995529
2022-04-04,3541538.8632988413
2022-04-05,7671351.704177906
2022-04-06,6304541.087025628
2022-04-07,5536026.916361451
2022-04-08,4946555.409587493
2022-04-09,3337379.6858957494
2022-04-10,3396073.771195064
2022-04-11,5731184.872350273
2022-04-12,5024041.897277641
2022-04-13,5150151.352804898
2022-04-14,5494127.011356348
2022-04-15,4131532.485692721
2022-04-16,3189433.8738728925
2022-04-17,3340442.550097964
2022-04-18,5409895.653704382
2022-04-19,4972505.232813409
2022-04-20,4249194.947553279
2022-04-21,5470603.307709645
2022-04-22,5495355.369248311
2022-04-23,4701306.226342195
2022-04-24,5282577.837335631
2022-04-25,8085468.213699937
2022-04-26,7555584.969795853
2022-04-27,6798134.088297998
2022-04-28,6930073.819942506
2022-04-29,5369885.747566994
2022-04-30,3764940.3235171842
2022-05-01,4016733.5354354414
2022-05-02,6371776.480039582
2022-05-03,8811113.308480665
2022-05-04,6270271.115546292
2022-05-05,9970430.179964893
2022-05-06,8436799.32906585
2022-05-07,4296760.6247344455
2022-05-08,5062090.260256062
2022-05-09,7906603.444909503
2022-05-10,8493874.495637178
2022-05-11,7324110.04253046
2022-05-12,10019859.369699731
2022-05-13,6761876.7016286785
2022-05-14,4601287.417832917
2022-05-15,2799935.7540684324
2022-05-16,4542247.635733249
2022-05-17,4023776.742210054
2022-05-18,2943905.906281481
2022-05-19,2753286.5850157957
2022-05-20,2433751.509894325
2022-05-21,1526229.1838886163
2022-05-22,1189443.3733409487
2022-05-23,2112390.008140285
2022-05-24,2564577.4340816108
2022-05-25,1932187.5127403233
2022-05-26,2321169.076322242
2022-05-27,2809906.8668479724
2022-05-28,1574808.3837342055
2022-05-29,1508386.053168218
2022-05-30,2255369.048189984
2022-05-31,4503324.897421237
2022-06-01,3524202.9690631144
2022-06-02,2253835.3527373336
2022-06-03,2018440.1884760882
2022-06-04,1320781.9694149306
2022-06-05,1514488.2626298196
2022-06-06,2225862.4879331454
2022-06-07,2490565.227489953
2022-06-08,1886979.2493481555
2022-06-09,1638041.460624255
2022-06-10,2415167.275173259
2022-06-11,2215293.909529822
2022-06-12,2365067.8721057274
2022-06-13,7950792.166935221
2022-06-14,13699201.286760954
2022-06-15,17685861.218543466
2022-06-16,13439083.637873286
2022-06-17,11710881.064843578
2022-06-18,10560717.105945444
2022-06-19,5043012.149583781
2022-06-20,4424192.444247196
2022-06-21,4176311.885708452
2022-06-22,3246047.3190708146
2022-06-23,2934106.2148207603
2022-06-24,3655204.2786163543
2022-06-25,1769259.0302856842
2022-06-26,1372513.5461837812
2022-06-27,2980504.0852102228
2022-06-28,3984964.2167435642
2022-06-29,4626676.379342954
2022-06-30,4723524.188410398
2022-07-01,4991768.387879735
2022-07-02,3320258.447381267
2022-07-03,3337707.842693124
2022-07-04,3652243.870568004
2022-07-05,3655744.988303669
2022-07-06,3365689.613227159
2022-07-07,2641134.5626791795
2022-07-08,3743320.127586126
2022-07-09,2403375.761165816
2022-07-10,1801928.337839187
2022-07-11,4630750.7153260335
2022-07-12,4606410.647371236
2022-07-13,5325507.670947687
2022-07-14,3178632.39913464
2022-07-15,3610616.4632015373
2022-07-16,2729080.9262398053
2022-07-17,1709406.4180747587
2022-07-18,3309147.2064183163
2022-07-19,3326550.2721271534
2022-07-20,2573993.500964621
2022-07-21,3759916.7023962364
2022-07-22,3237588.5031510214
2022-07-23,2654289.091787272
2022-07-24,1699845.6369709196
2022-07-25,3753288.8881868296
2022-07-26,5210200.533501431
2022-07-27,3749740.110883333
2022-07-28,3178041.8131235903
2022-07-29,3425362.2152062766
2022-07-30,1805369.2393478816
2022-07-31,1566853.9576974483
2022-08-01,3451792.690272312
2022-08-02,3848350.0719659138
2022-08-03,4346314.72139846
2022-08-04,3705608.540538079
2022-08-05,4429126.362053216
2022-08-06,2376954.013019606
2022-08-07,1245601.1011729778
2022-08-08,5535643.639714604
2022-08-09,3982542.211739573
2022-08-10,4707647.916283882
2022-08-11,3822312.045913875
2022-08-12,2556005.268895124
2022-08-13,1766078.3451012822
2022-08-14,1232189.9675736786
2022-08-15,3447594.1144452193
2022-08-16,3290019.3759421282
2022-08-17,3486262.9541284684
2022-08-18,2472311.307709068
2022-08-19,4540414.320883608
2022-08-20,4251579.265391692
2022-08-21,2235957.7253973833
2022-08-22,5140360.63634013
2022-08-23,5178174.48151587
2022-08-24,3602882.929386728
2022-08-25,3252453.4203076763
2022-08-26,2905835.770471331
2022-08-27,2997839.6654565064
2022-08-28,1801926.9700546167
2022-08-29,3703055.5399273834
2022-08-30,3449140.856145006
2022-08-31,4242118.662207318
2022-09-01,4197325.022564245
2022-09-02,3912131.5957854963
2022-09-03,1971909.483644446
2022-09-04,2520344.7297812453
2022-09-05,4359954.353953268
2022-09-06,6433456.75445262
2022-09-07,5792815.361628444
2022-09-08,4935443.096167318
2022-09-09,4131765.663908668
2022-09-10,2332596.900838978
2022-09-11,1309161.356705137
2022-09-12,2424473.589455792
2022-09-13,2854240.2616934623
2022-09-14,4575128.29641882
2022-09-15,4070145.8836299563
2022-09-16,3118813.4483982488
2022-09-17,1862224.1661838284
2022-09-18,1959548.7609477157
2022-09-19,4848041.567004029
2022-09-20,4501260.7516595125
2022-09-21,4653045.127716519
2022-09-22,3468487.3327136566
2022-09-23,2872055.0901027084
2022-09-24,1573602.1006089486
2022-09-25,1805999.893671144
2022-09-26,3041921.6551333037
2022-09-27,2802125.310309138
2022-09-28,3245541.848859748
2022-09-29,2775712.7277221647
2022-09-30,2587327.687655887
2022-10-01,1450113.1618801192
2022-10-02,1197649.4389986398
2022-10-03,2421937.1087675253
2022-10-04,2470136.433384029
2022-10-05,2144871.821332041
2022-10-06,1718745.064993171
2022-10-07,1779581.6874984638
2022-10-08,1452643.7094669903
2022-10-09,1512885.741051015
2022-10-10,2316428.003941476
2022-10-11,2655452.170246279
2022-10-12,2379349.684720743
2022-10-13,2738882.9441652996
2022-10-14,1979394.524742859
2022-10-15,897539.1078840513
2022-10-16,836631.3579371872
2022-10-17,1527703.4443137392
2022-10-18,2248936.216591104
2022-10-19,2344968.418260424
2022-10-20,1777927.965661052
2022-10-21,1862711.191530962
2022-10-22,1261099.294643949
2022-10-23,1297836.7858057516
2022-10-24,1844797.6466453774
2022-10-25,1891425.340954984
2022-10-26,2570391.3850524626
2022-10-27,2653049.6426012316
2022-10-28,1819986.147359374
2022-10-29,1846580.7331104982
2022-10-30,1323024.3160765
2022-10-31,2101561.4841118557
2022-11-01,2112775.542126166
2022-11-02,2461202.9228104325
2022-11-03,3427399.934423203
2022-11-04,3677486.708537386
2022-11-05,1912637.8599863178
2022-11-06,3904182.570971956
2022-11-07,3924826.372319456
2022-11-08,2127550.488696613
2022-11-09,3710317.2516000043
2022-11-10,3918655.7651363993
2022-11-11,4083747.7806559545
2022-11-12,2511160.2204935485
2022-11-13,3371576.6816561674
2022-11-14,3181831.0516961063
2022-11-15,2704574.949456217
2022-11-16,2197904.1846294017
2022-11-17,1608293.9950869407
2022-11-18,1797707.1688343533
2022-11-19,1188723.0113534098
2022-11-20,1633639.7550753946
2022-11-21,1744871.1383014452
2022-11-22,1528416.0096948573
2022-11-23,1271249.922801923
2022-11-24,929311.3968511923
2022-11-25,1517766.1015952455
2022-11-26,794920.3345765442
2022-11-27,693341.9995760687
2022-11-28,988137.3833619938
2022-11-29,943505.6675236494
2022-11-30,867578.712561914
2022-12-01,891519.367442129
2022-12-02,814875.1287351571
2022-12-03,686948.1327285091
2022-12-04,561992.0040751582
2022-12-05,922708.7354684426
2022-12-06,806304.5718507229
2022-12-07,894608.8607571822
2022-12-08,942080.8327875861
2022-12-09,881416.3850032636
2022-12-10,675374.8720834216
2022-12-11,629574.6375548412
2022-12-12,869451.699343001
2022-12-13,1262929.2437165785
2022-12-14,1372297.6011682807
2022-12-15,1035331.2315554506
2022-12-16,1122824.3291111407
2022-12-17,788260.7326860706
2022-12-18,707201.717852375
2022-12-19,1048878.135590823
2022-12-20,992503.2210049293
2022-12-21,864794.505277045
2022-12-22,821592.263027596
2022-12-23,884534.8023663283
2022-12-24,605647.1398725724
2022-12-25,575331.1691897305
2022-12-26,659881.7812890987
2022-12-27,741006.8047307775
2022-12-28,873018.2612190844
2022-12-29,869143.2756851362
2022-12-30,886838.7021504453
2022-12-31,626344.3208336479
2023-01-01,557067.332262394
2023-01-02,687118.9776571828
2023-01-03,826711.6094618037
2023-01-04,873364.0109654499
2023-01-05,880423.9940730534
2023-01-06,996723.0636320307
2023-01-07,746382.9465509554
2023-01-08,713516.5269486653
2023-01-09,1053342.293093283
2023-01-10,976337.6001155049
2023-01-11,861426.9800475255
2023-01-12,1084938.9204250053
2023-01-13,1086017.6112302993
2023-01-14,923781.2199786324
2023-01-15,752455.5370939483
2023-01-16,828838.3479693823
2023-01-17,1006166.2339713434
2023-01-18,900026.6785086121
2023-01-19,814820.2785567177
2023-01-20,827030.5738233835
2023-01-21,838929.5034871416
2023-01-22,650097.114125325
2023-01-23,848769.1028921938
2023-01-24,759210.1265135878
2023-01-25,847506.3279130658
2023-01-26,784070.9508340667
2023-01-27,789086.1864345849
2023-01-28,517435.0475324572
2023-01-29,573135.4241984705
2023-01-30,924370.8234399521
2023-01-31,908323.2859659084
2023-02-01,911899.7637717149
2023-02-02,776455.8471580569
2023-02-03,809822.7737551205
2023-02-04,507403.12963310286
2023-02-05,540584.5652039285
2023-02-06,671736.8866659637
2023-02-07,630915.6804094125
2023-02-08,659626.1379652941
2023-02-09,828184.7830230664
2023-02-10,1382005.0176888267
2023-02-11,834625.6894330408
2023-02-12,699951.654461246
2023-02-13,872938.391430793
2023-02-14,764498.9395732475
2023-02-15,814499.2646493865
2023-02-16,1009943.341510831
2023-02-17,930402.371133152
2023-02-18,606231.260338933
2023-02-19,498507.2752584315
2023-02-20,698279.6512245615
2023-02-21,835617.7136777074
2023-02-22,813277.0999975661
2023-02-23,840061.7218984256
2023-02-24,850392.1135070135
2023-02-25,569976.5627770093
2023-02-26,550687.8074531516
2023-02-27,762396.4265359509
2023-02-28,840027.3876563639
2023-03-01,843483.4423087206
2023-03-02,818901.8536589129
2023-03-03,951626.1473830347
2023-03-04,574022.9648788829
2023-03-05,583585.3670274826
2023-03-06,769803.719008818
2023-03-07,933882.0142559491
2023-03-08,868038.8880111082
2023-03-09,844190.9544382605
2023-03-10,996440.5874226227
2023-03-11,939584.3290062778
2023-03-12,669286.141021785
2023-03-13,1160391.5569376382
2023-03-14,1168826.667879912
2023-03-15,983348.8119349885
2023-03-16,863763.3500342907
2023-03-17,1149279.6105812485
2023-03-18,785430.403832501
2023-03-19,885659.792759561
2023-03-20,1314125.8818504855
2023-03-21,1158929.578828573
2023-03-22,1050567.9442643155
2023-03-23,1044625.1635736703
2023-03-24,1093192.698290044
2023-03-25,741608.2616849393
2023-03-26,736387.1193340364
2023-03-27,1118894.8762678185
2023-03-28,1145221.3420200294
2023-03-29,1120186.1227902586
2023-03-30,1514168.42260279
2023-03-31,1077365.2317676176
2023-04-01,787630.2735557841
2023-04-02,753672.8191899671
2023-04-03,1064866.0830620634
2023-04-04,1098520.0570018173
2023-04-05,1117417.629261955
2023-04-06,1031407.7811353279
2023-04-07,772690.6651893914
2023-04-08,583223.4414883022
2023-04-09,591051.8908094617
2023-04-10,947863.3777688831
2023-04-11,963260.8709968253
2023-04-12,1182479.7309788892
2023-04-13,778872.4000004624
2023-04-14,1029306.275224179
2023-04-15,768118.8016758239
2023-04-16,634651.9199273577
2023-04-17,1100206.0671141814
2023-04-18,799434.5492856022
2023-04-19,786134.4406258309
2023-04-20,788964.6979591247
2023-04-21,838265.8303889454
2023-04-22,553571.7770469534
2023-04-23,487623.2553658754
2023-04-24,815330.5543160394
2023-04-25,797672.5708803484
2023-04-26,897233.8573899134
2023-04-27,869057.0062128896
2023-04-28,863516.8474436153
2023-04-29,589539.4343604173
2023-04-30,676938.3538977067
2023-05-01,816867.80037674
2023-05-02,673165.5041069923
2023-05-03,951363.8871065668
2023-05-04,838973.7156321363
2023-05-05,821755.2957860519
2023-05-06,872788.127934755
2023-05-07,1020109.309876
2023-05-08,800540.696421211
2023-05-09,745971.0085325907
2023-05-10,847529.6317737019
2023-05-11,854687.5777519386
2023-05-12,961567.3125304152
2023-05-13,527760.2436363552
2023-05-14,521803.0704965116
2023-05-15,718574.0874533715
2023-05-16,884090.8603749563
2023-05-17,836811.1948932902
2023-05-18,834936.154466927
2023-05-19,731605.8663496075
2023-05-20,488585.64961757895
2023-05-21,532324.9063328151
2023-05-22,837237.7582461869
2023-05-23,948190.1385855927
2023-05-24,991723.4285446507
2023-05-25,849143.1488337782
2023-05-26,720918.5863451165
2023-05-27,541931.8974443405
2023-05-28,630627.1936986909
2023-05-29,880581.2657687835
2023-05-30,1012502.2653398761
2023-05-31,1390860.7624147716
2023-06-01,1100258.0897132698
2023-06-02,1256071.1651489728
2023-06-03,819875.2366021198
2023-06-04,962564.3928059011
2023-06-05,1536383.675306426
2023-06-06,1353634.713884442
2023-06-07,1020736.8918145619
2023-06-08,1059386.5714597565
2023-06-09,1118985.1425051205
2023-06-10,1031633.6773464434
2023-06-11,1025490.6997306608
2023-06-12,1167701.6224063758
2023-06-13,1001925.9582235044
2023-06-14,960062.1867403256
2023-06-15,931644.1196554066
2023-06-16,992766.0933379089
2023-06-17,677173.3202912217
2023-06-18,755464.6991560179
2023-06-19,957852.9124955928
2023-06-20,1060969.171650034
2023-06-21,1219055.77862459
2023-06-22,1175385.9885338095
2023-06-23,1059356.2074180439
2023-06-24,729531.7530779238
2023-06-25,776166.1887162057
2023-06-26,1042169.6958935944
2023-06-27,989993.555701595
2023-06-28,931843.2289083635
2023-06-29,1141335.525933798
2023-06-30,1147700.6111096765
2023-07-01,760626.7491408052
2023-07-02,589951.4184571125
2023-07-03,929045.208527094
2023-07-04,877207.5105269701
2023-07-05,843727.5042979434
2023-07-06,928908.8471467932
2023-07-07,924497.3383687681
2023-07-08,708110.538873335
2023-07-09,721745.7382179768
2023-07-10,913774.6374530159
2023-07-11,815970.1876022136
2023-07-12,904499.0041863366
2023-07-13,930321.1689789483
2023-07-14,946356.1511906988
2023-07-15,680788.2195990614
2023-07-16,686696.6677355781
2023-07-17,865536.8885895377
2023-07-18,1109685.0647468467
2023-07-19,894747.3018870612
2023-07-20,864106.069914619
2023-07-21,744311.1848481537
2023-07-22,526723.2991480043
2023-07-23,535511.3570369008
2023-07-24,752843.9563626994
2023-07-25,691905.0381751502
2023-07-26,701005.7520180536
2023-07-27,739623.5062808398
2023-07-28,786619.9205024065
2023-07-29,536663.1513000766
2023-07-30,625826.0802420053
2023-07-31,797988.1651391743
2023-08-01,757590.1896860533
2023-08-02,689168.2335844436
2023-08-03,690635.5035073283
2023-08-04,660473.318010671
2023-08-05,581305.9063528628
2023-08-06,505741.6315525863
2023-08-07,894423.968834785
2023-08-08,898828.7357188861
2023-08-09,873150.8440148145
2023-08-10,941072.4194874854
2023-08-11,818625.1948242271
2023-08-12,735684.3152142507
2023-08-13,623711.5013007269
2023-08-14,858431.9676072722
2023-08-15,802670.9238196025
2023-08-16,911735.1443696149
2023-08-17,1218979.2684066624
2023-08-18,1007438.471284616
2023-08-19,663964.7805194064
2023-08-20,603806.4123802828
2023-08-21,1018065.9101324095
2023-08-22,1052524.2971763501
2023-08-23,1064131.316912779
2023-08-24,860217.3442902141
2023-08-25,782152.4920206256
2023-08-26,578582.579021297
2023-08-27,787372.4156331917
2023-08-28,906625.1624644278
2023-08-29,996346.5106168978
2023-08-30,996724.5943991679
2023-08-31,819757.2092510327
2023-09-01,928169.1347861827
2023-09-02,606921.5389349965
2023-09-03,485496.14223332715
2023-09-04,647188.8686016449
2023-09-05,710722.9375608144
2023-09-06,697201.7018977725
2023-09-07,696458.6362341515
2023-09-08,644500.1684341887
2023-09-09,551899.9279059257
2023-09-10,637600.8716637564
2023-09-11,735758.9171780561
2023-09-12,819176.0997951363
2023-09-13,674613.8558888587
2023-09-14,766395.1866184828
2023-09-15,862601.821892855
2023-09-16,646453.4051869381
2023-09-17,579312.6680833617
2023-09-18,786799.8709506921
2023-09-19,857700.7318293995
2023-09-20,934869.1977800953
2023-09-21,713940.1414752995
2023-09-22,641040.2709766598
2023-09-23,475221.1890916567
2023-09-24,484248.7905176981
2023-09-25,817480.6791258983
2023-09-26,663249.4261004181
2023-09-27,761678.5738837138
2023-09-28,811180.6621705698
2023-09-29,889802.4018919835
2023-09-30,653579.8884727863
2023-10-01,555174.5091978626
2023-10-02,1106424.6598192258
2023-10-03,839377.0868773581
2023-10-04,982241.5967700147
2023-10-05,1075503.1105322603
2023-10-06,1060461.4885922582
2023-10-07,808983.5326528918
2023-10-08,633374.1145192062
2023-10-09,749422.1336482924
2023-10-10,832238.8224496931
2023-10-11,875875.9047509906
2023-10-12,760762.37414114
2023-10-13,648945.8177091569
2023-10-14,723954.052875498
2023-10-15,521404.4774855384
2023-10-16,980831.3438038469
2023-10-17,871217.822683054
2023-10-18,824492.3992597901
2023-10-19,863816.6159477646
2023-10-20,1023733.3276250362
2023-10-21,635750.1866666463
2023-10-22,635943.4782376734
2023-10-23,1143455.3357889277
2023-10-24,1449118.6271524176
2023-10-25,1043657.6191705395
2023-10-26,930192.4649175463
2023-10-27,866540.942920581
2023-10-28,624077.5307340743
2023-10-29,632022.7348626802
2023-10-30,971381.7090326692
2023-10-31,794305.524227686
2023-11-01,841010.4788962676
2023-11-02,841099.2868209039
2023-11-03,844764.9940459207
2023-11-04,620931.6840370293
2023-11-05,548298.5720350201
2023-11-06,779204.661944023
2023-11-07,794109.7030101281
2023-11-08,860092.4473477625
2023-11-09,1099687.9005164949
2023-11-10,842257.7705804303
2023-11-11,691936.2820149093
2023-11-12,615510.886602048
2023-11-13,787410.0338639724
2023-11-14,940829.7244883642
2023-11-15,830435.4208050476
2023-11-16,870584.592796781
2023-11-17,753044.601033206
2023-11-18,489096.77649118187
2023-11-19,563125.2194799593
2023-11-20,935653.867484618
2023-11-21,961211.3931708874
2023-11-22,926218.3601648697
2023-11-23,718858.501290789
2023-11-24,893910.9051773447
2023-11-25,644465.7944047297
2023-11-26,673446.2799108957
2023-11-27,851459.6800966004
2023-11-28,818304.8082198857
2023-11-29,877558.2599001294
2023-11-30,892629.060238434
2023-12-01,1034559.7587734926
2023-12-02,752228.6714345356
2023-12-03,735900.05887303
2023-12-04,1103651.3883924994
2023-12-05,981031.4626103486
2023-12-06,1015781.2034854849
2023-12-07,883608.2120218133
2023-12-08,988756.835160918
2023-12-09,620138.3338936784
2023-12-10,542429.625018812
2023-12-11,989249.9823570077
2023-12-12,933081.9649746428
2023-12-13,843132.1754219589
2023-12-14,832528.1601530511
2023-12-15,762714.3224830151
2023-12-16,562623.870095735
2023-12-17,439251.4840201639
2023-12-18,761507.3940890749
2023-12-19,739339.040509857
2023-12-20,818436.5928003542
2023-12-21,739898.9721038195
2023-12-22,841910.2517605287
2023-12-23,455025.33540234866
2023-12-24,556013.3628918806
2023-12-25,483294.8998189989
2023-12-26,792402.6290276292
2023-12-27,769805.8112292612
2023-12-28,699797.5575179269
2023-12-29,814091.9117819318
2023-12-30,623064.0192605776
2023-12-31,576558.8346982774
2024-01-01,531084.150002183
2024-01-02,849250.0971626521
2024-01-03,859376.1049896787
2024-01-04,1054460.9662835132
2024-01-05,786108.938876529
2024-01-06,562957.5240340626
2024-01-07,574159.1902165897
2024-01-08,847723.8606858483
2024-01-09,1141429.2030418406
2024-01-10,1314482.10716057
2024-01-11,1151912.7137586211
2024-01-12,1449244.7128505434
2024-01-13,710384.3723402618
2024-01-14,505892.7215943405
2024-01-15,707262.5146202807
2024-01-16,921548.5755652138
2024-01-17,1212120.6624939681
2024-01-18,1135734.6767541606
2024-01-19,943842.3750005119
2024-01-20,531929.0963277022
2024-01-21,569630.8010361745
2024-01-22,1101199.699350643
2024-01-23,975329.3845440863
2024-01-24,1109813.94372324
2024-01-25,1011347.0135909269
2024-01-26,1068360.6572443764
2024-01-27,644834.4978352997
2024-01-28,453363.43079407635
2024-01-29,914777.7265904123
2024-01-30,1131865.1352119178
2024-01-31,1364459.5450457225
2024-02-01,979837.4399123548
2024-02-02,855293.3445844336
2024-02-03,598002.5880065892
2024-02-04,543747.42923018
2024-02-05,848422.4388140986
2024-02-06,931934.0951972706
2024-02-07,845276.0410852857
2024-02-08,960367.871170754
2024-02-09,1044842.7979372651
2024-02-10,628824.7202395606
2024-02-11,637272.3414517256
2024-02-12,972033.8426406131
2024-02-13,1073805.9426457302
2024-02-14,1231205.9039881432
2024-02-15,977279.7990115773
2024-02-16,935832.0518549574
2024-02-17,559779.518774678
2024-02-18,575882.3368064534
2024-02-19,829201.649221486
2024-02-20,999200.0462741652
2024-02-21,1026772.2064864694
2024-02-22,915552.6325839016
2024-02-23,800371.3236551008
2024-02-24,533906.6236928316
2024-02-25,540581.5104896213
2024-02-26,971510.2018384471
2024-02-27,1246634.4317713974
2024-02-28,1541489.9500146739
2024-02-29,1357774.0425646154
2024-03-01,1184688.5218418953
2024-03-02,597338.5521600866
2024-03-03,637045.2390227353
2024-03-04,1219310.001088403
2024-03-05,1677292.222257344
2024-03-06,1421341.4847051913
2024-03-07,1244924.7770505026
2024-03-08,1202203.516032886
2024-03-09,678901.1819126946
2024-03-10,724387.0443092716
2024-03-11,1357921.6182553242
2024-03-12,1382859.4734645602
2024-03-13,1627008.3209837596
2024-03-14,1276449.595494698
2024-03-15,1154363.7750182091
2024-03-16,633026.2899487747
2024-03-17,685357.2176875502
2024-03-18,961901.2760127294
2024-03-19,1101740.7936961667
2024-03-20,1108934.467963165
2024-03-21,871242.750582892
2024-03-22,880810.1617420147
2024-03-23,716711.751343478
2024-03-24,513831.8262454762
2024-03-25,1250324.7156639514
2024-03-26,1161761.7147320576
2024-03-27,986508.1232951462
2024-03-28,973794.8752496778
2024-03-29,923032.0879918453
2024-03-30,521174.1482708109
2024-03-31,456585.3620824828
2024-04-01,1263750.226032886
2024-04-02,1089895.5793250247
2024-04-03,909993.117184391
2024-04-04,864699.4180967722
2024-04-05,962527.0773917839
2024-04-06,598971.9242774997
2024-04-07,554943.0491644463
2024-04-08,982666.1872262182
2024-04-09,837041.0116765995
2024-04-10,773781.9075290214
2024-04-11,814237.4967663351
2024-04-12,798696.518338781
2024-04-13,639675.4301236746
2024-04-14,671643.7468091047
2024-04-15,938408.6540706649
2024-04-16,1028539.245072605
2024-04-17,997095.9200815054
2024-04-18,989107.8511690224
2024-04-19,811798.4458473901
2024-04-20,385320.26131779834
2024-04-21,478617.15256393916
2024-04-22,694754.651477748
2024-04-23,734569.3476622122
2024-04-24,786167.0132848818
2024-04-25,623466.7653213254
2024-04-26,775414.5050077859
2024-04-27,556508.2032154301
2024-04-28,564091.449594405
2024-04-29,772271.543126716
2024-04-30,951488.341027611
2024-05-01,885510.477641098
2024-05-02,737934.5485675323
2024-05-03,690669.3956427871
2024-05-04,453619.31428210885
2024-05-05,443545.86579670844
2024-05-06,672642.9736580598
2024-05-07,699999.1728698713
2024-05-08,666491.1822600901
2024-05-09,699636.2332559319
2024-05-10,707254.0318148361
2024-05-11,434192.2329474505
2024-05-12,493696.6102884302
2024-05-13,772143.4784021802
2024-05-14,693098.2529934052
2024-05-15,837756.1477849804
2024-05-16,884191.8645504088
2024-05-17,833209.9909068157
2024-05-18,531982.4311212555
2024-05-19,541525.7763579146
2024-05-20,806174.3340875941
2024-05-21,983217.5757719927
2024-05-22,766462.853981051
2024-05-23,650563.4271773113
2024-05-24,641425.4503193916
2024-05-25,362406.7179701254
2024-05-26,510608.8992151619
2024-05-27,574537.6935324619
2024-05-28,1030833.9823394106
2024-05-29,717712.5177684043
2024-05-30,714630.5404810873
2024-05-31,850516.0998206746
2024-06-01,433918.7695938534
2024-06-02,582840.2343406326
2024-06-03,908664.9577310736
2024-06-04,856833.8320920762
2024-06-05,998685.739414939
2024-06-06,775250.5133083627
2024-06-07,680416.2605223764
2024-06-08,509698.922983565
2024-06-09,414392.0460083305
2024-06-10,679422.5458353678
2024-06-11,827148.9417821423
2024-06-12,674759.9275755116
2024-06-13,580183.9919652672
2024-06-14,729399.2524299124
2024-06-15,474185.77497225563
2024-06-16,454814.54503825324
2024-06-17,758472.3915369599
2024-06-18,821008.8260452361
2024-06-19,609746.9702756439
2024-06-20,628069.2379212937
2024-06-21,690343.1010582402
2024-06-22,359700.48632529244
2024-06-23,353770.2179674989
2024-06-24,925990.5733968756
2024-06-25,623516.001908275
2024-06-26,715028.2460590538
2024-06-27,1233709.8578172876
2024-06-28,769974.2814501364
2024-06-29,453278.1154200645
2024-06-30,373215.58124920074
2024-07-01,664824.9094207407
2024-07-02,634181.7302529368
2024-07-03,737649.903165091
2024-07-04,877950.0856658455
2024-07-05,985468.7603002188
2024-07-06,538826.2525571422
2024-07-07,533550.1174036232
2024-07-08,935000.1551629842
2024-07-09,824292.2881126952
2024-07-10,844390.2236383794
2024-07-11,797491.7239768648
2024-07-12,737689.7545291341
2024-07-13,539295.236907781
2024-07-14,546352.0973618035
2024-07-15,949798.7348089385
2024-07-16,1134659.5369925136
2024-07-17,829500.0765502488
2024-07-18,533194.4690520968
2024-07-19,771739.4505843178
2024-07-20,561826.616081152
2024-07-21,471373.39699835575
2024-07-22,815937.4946262932
2024-07-23,973410.9132304033
2024-07-24,745063.0967000404
2024-07-25,751925.9667200702
2024-07-26,601086.6006133643
2024-07-27,578532.6297704261
2024-07-28,375782.4973593945
2024-07-29,896257.3144037754
2024-07-30,972379.7669231046
2024-07-31,997889.2028141295
2024-08-01,788137.9786033568
2024-08-02,1120076.901190885
2024-08-03,467914.8866632341
2024-08-04,592390.125489552
2024-08-05,1370350.9497311546
2024-08-06,978189.0008762769
2024-08-07,937516.4679963785
2024-08-08,859135.9292223909
2024-08-09,892589.6714940596
2024-08-10,526274.100263021
2024-08-11,584557.931587841
2024-08-12,833850.8439280546
2024-08-13,896759.4993924444
2024-08-14,923991.5116174663
2024-08-15,714878.2601329201
2024-08-16,701799.7184806219
2024-08-17,405116.2983378342
2024-08-18,451915.53168809536
2024-08-19,849720.353683547
2024-08-20,830009.6634203588
2024-08-21,781119.8391507821
2024-08-22,765833.869082293
2024-08-23,896157.7622464913
2024-08-24,562329.3162806712
2024-08-25,495582.6330328778
2024-08-26,772019.2490151818
2024-08-27,1105505.3645173218
2024-08-28,998514.3397864904
2024-08-29,776508.8093392404
2024-08-30,722284.1211368316
2024-08-31,406793.945279639
2024-09-01,818583.1489947678
2024-09-02,727106.5901439863
2024-09-03,981662.620964347
2024-09-04,939135.9779528662
2024-09-05,843929.2857137045
2024-09-06,909143.94937774
2024-09-07,459439.5357786654
2024-09-08,541227.7433864755
2024-09-09,900739.6685396094
2024-09-10,1390978.7504865625
2024-09-11,1247406.4959816544
2024-09-12,1056147.749002315
2024-09-13,1159566.175678689
2024-09-14,671503.56581834
2024-09-15,584990.2480000239
2024-09-16,936148.3291176587
2024-09-17,847849.2549602628
2024-09-18,824060.477294145
2024-09-19,878617.918176683
2024-09-20,980010.4798542134
2024-09-21,415896.3973294178
2024-09-22,409556.78358135984
2024-09-23,752214.3509765241
2024-09-24,835934.2250878342
2024-09-25,816864.2504929238
2024-09-26,841504.9019745147
2024-09-27,807629.0527876107
2024-09-28,462447.36368116224
2024-09-29,489295.6332156256
2024-09-30,986218.9624079608
2024-10-01,901439.0871405173
2024-10-02,793759.0977704676
2024-10-03,885924.1692823414
2024-10-04,803081.1071951699
2024-10-05,421546.66184817435
2024-10-06,562927.3264257278
2024-10-07,999221.2514549243
2024-10-08,1068668.007048818
2024-10-09,812270.1903557988
2024-10-10,642151.5196266883
2024-10-11,639706.0537096191
2024-10-12,386993.7441375372
2024-10-13,362310.3545843108
2024-10-14,605963.0413767822
2024-10-15,836341.90135389
2024-10-16,701874.9673499214
2024-10-17,592975.5383560109
2024-10-18,657453.9189112573
2024-10-19,380312.4138809915
2024-10-20,371365.76986347215
2024-10-21,660253.1279021731
2024-10-22,672533.2845571071
2024-10-23,531297.6086798153
2024-10-24,582509.7414604152
2024-10-25,580385.0656825635
2024-10-26,355906.59260564833
2024-10-27,313396.9887960386
2024-10-28,642718.4959970043
2024-10-29,969730.0143010134
2024-10-30,914431.5387501168
2024-10-31,841843.8252213715
2024-11-01,778325.6280858238
2024-11-02,319668.8147897112
2024-11-03,347603.3903928736
2024-11-04,650259.0941658515
2024-11-05,733010.1056977672
2024-11-06,1268937.2231146363
2024-11-07,902154.5585619959
2024-11-08,953404.9382482735
2024-11-09,551065.6475042306
2024-11-10,808961.3998951652
2024-11-11,1204667.9662189197
2024-11-12,1383872.6307425715
2024-11-13,1222908.3063392444
2024-11-14,1058121.4224924846
2024-11-15,928123.0808657724
2024-11-16,524803.1979336018
2024-11-17,444772.3042972665
2024-11-18,888920.8559166278
2024-11-19,943414.4744099809
2024-11-20,1010374.7606940701
2024-11-21,1437644.971725258
2024-11-22,1074499.480550723
2024-11-23,719698.6201790483
2024-11-24,566408.752652852
2024-11-25,1011844.1848499022
2024-11-26,966685.7978009495
2024-11-27,773633.5860690508
2024-11-28,594620.3070454241
2024-11-29,704573.052100606
2024-11-30,472061.8239517715
2024-12-01,414649.08199370245
2024-12-02,924341.1490483155
2024-12-03,845685.3929371192
2024-12-04,855006.8286922212
2024-12-05,1458064.4692313098
2024-12-06,1058922.3147943672
2024-12-07,456357.3420020911
2024-12-08,443074.68324366916
2024-12-09,965813.9332878763
2024-12-10,839573.4783076796
2024-12-11,858938.2981387884
2024-12-12,733417.2016895034
2024-12-13,738903.0206815624
2024-12-14,430661.4198166562
2024-12-15,435592.1611988488
2024-12-16,944149.5981226347
2024-12-17,899983.4775437801
2024-12-18,863124.9377957653
2024-12-19,941187.6699843898
2024-12-20,970347.5694393679
2024-12-21,451465.4607173367
2024-12-22,367541.5435169301
2024-12-23,949013.5962306653
2024-12-24,657352.1819701063
2024-12-25,455890.1027724574
2024-12-26,603281.5561685289
2024-12-27,649887.8516713751
2024-12-28,383372.64210882597
2024-12-29,584727.764962693
2024-12-30,871546.387972725
2024-12-31,828260.9477125912
2025-01-01,539953.5324479822
2025-01-02,634979.2361194293
2025-01-03,674687.3423459273
2025-01-04,474874.7069852138
2025-01-05,450109.2146893607
2025-01-06,737125.5617071895
2025-01-07,808630.969284022
2025-01-08,784665.2639107796
2025-01-09,750688.58405636
2025-01-10,916240.991515866
2025-01-11,429441.32740336057
2025-01-12,465857.3967394976
2025-01-13,641005.6302590541
2025-01-14,775592.483289918
2025-01-15,852579.1752953441
2025-01-16,902568.8484161457
2025-01-17,928946.3054353991
2025-01-18,767454.691547205
2025-01-19,720719.9783304674
2025-01-20,961130.4865877557
2025-01-21,875424.5793068056
2025-01-22,794429.9219138741
2025-01-23,853792.9981274175
2025-01-24,704594.1043631484
2025-01-25,436039.01003608626
2025-01-26,403647.2487364654
2025-01-27,688610.6450814432
2025-01-28,535465.0216653026
2025-01-29,674853.8129454331
2025-01-30,640502.2747973717
2025-01-31,695031.4465801892
2025-02-01,414956.73764870205
2025-02-02,536778.8400299399
2025-02-03,876169.4756701029
2025-02-04,733042.3244044902
2025-02-05,703165.866151592
2025-02-06,621613.1045917249
2025-02-07,540986.5617418498
2025-02-08,381304.205580459
2025-02-09,384656.90010658256
2025-02-10,577459.3863082707
2025-02-11,596692.0503578433
2025-02-12,571134.6488628598
2025-02-13,599946.5143420058
2025-02-14,626832.528904628
2025-02-15,518154.848237537
2025-02-16,472096.56860169856
2025-02-17,545508.6074177873
2025-02-18,602417.8034707359
2025-02-19,646574.3940608707
2025-02-20,712996.3413949646
2025-02-21,776218.8796220354
2025-02-22,710616.2259962864
2025-02-23,514513.2262420151
2025-02-24,797420.0605861305
2025-02-25,1342314.4878907008
2025-02-26,1304559.6801679595
2025-02-27,978750.8724108649
2025-02-28,959889.5216381621
2025-03-01,586861.1102651588
2025-03-02,689940.9401719305
2025-03-03,918110.1340647177
2025-03-04,716490.7653132618
2025-03-05,637121.1964791361
2025-03-06,745382.9592287063
2025-03-07,794877.2781499162
2025-03-08,468139.46895801846
2025-03-09,516664.1934521764
2025-03-10,793936.4406689026
2025-03-11,839354.3377643365
2025-03-12,728907.7670192188
2025-03-13,622082.5265915043
2025-03-14,558307.4949914808
2025-03-15,404904.2709149956
2025-03-16,427833.4585938498
2025-03-17,565930.725139535
2025-03-18,573466.2977525638
2025-03-19,557514.7272005888
2025-03-20,594456.2227735356
2025-03-21,503425.7124816587
2025-03-22,329192.8230417305
2025-03-23,320723.80732360133
2025-03-24,550865.5085339503
2025-03-25,606946.8047962261
2025-03-26,584772.3104568687
2025-03-27,557973.8304889845
2025-03-28,688099.5094018162
2025-03-29,442272.53043024807
2025-03-30,399659.7425680387
2025-03-31,710598.7531346937
2025-04-01,572955.3409079915
2025-04-02,604393.7166311253
2025-04-03,669511.8752732129
2025-04-04,585001.7853769639
2025-04-05,361328.6529885604
2025-04-06,439315.96113355446
2025-04-07,792091.204218502
2025-04-08,611653.2591485381
2025-04-09,790622.8431756304
2025-04-10,681608.0396443136
2025-04-11,668781.4973677787
2025-04-12,428871.8732050299
2025-04-13,418150.5887978018
2025-04-14,536097.8877530411
2025-04-15,669078.3395093724
2025-04-16,536376.136132394
2025-04-17,745056.250151734
2025-04-18,532546.999969825
2025-04-19,381149.31094134436
2025-04-20,339658.2363766377
2025-04-21,589521.3540403852
2025-04-22,757426.9810193535
2025-04-23,961186.401919533
2025-04-24,754817.8051796644
2025-04-25,775016.1736633416
2025-04-26,374314.36002304853
2025-04-27,397452.93836994446
2025-04-28,702041.0722047687
2025-04-29,723115.9187372631
2025-04-30,661001.8623985085
2025-05-01,771855.5763600261
2025-05-02,765642.3131637236
2025-05-03,508068.82781151176
2025-05-04,494688.49483848276
2025-05-05,815056.4046041573
2025-05-06,734327.5573693127
2025-05-07,740016.233072401
2025-05-08,739797.9218478217
2025-05-09,841081.9863683009
2025-05-10,478471.03779224114
2025-05-11,490327.5020273597
2025-05-12,693884.7082989878
2025-05-13,754872.7891448047
2025-05-14,715424.2059721074
2025-05-15,757969.3030447084
2025-05-16,635205.4907823753
2025-05-17,376416.8388136708
2025-05-18,400728.79546783946
2025-05-19,648502.7812014524
2025-05-20,705432.5311724665
2025-05-21,838198.9085360512
2025-05-22,1035240.0950010672
2025-05-23,824826.2545425309
2025-05-24,456746.41002257494
2025-05-25,430580.8732530959
2025-05-26,560222.5953222772
2025-05-27,628902.9823142351
2025-05-28,722724.0451447681
2025-05-29,598103.0205054352
2025-05-30,706212.2701788045
2025-05-31,417260.7204844623
2025-06-01,449652.76830637694
2025-06-02,768909.2633130939
2025-06-03,780151.3151040742
2025-06-04,697810.5119017401
2025-06-05,686312.9036390813
2025-06-06,629079.951470367
2025-06-07,404086.32381289755
2025-06-08,390826.3843650221
2025-06-09,589885.2286426114
2025-06-10,730915.7998810044
2025-06-11,624882.1140116946
2025-06-12,536443.2880349864
2025-06-13,652807.4046937252
2025-06-14,351136.1326845361
2025-06-15,279957.71334621677
2025-06-16,585225.3398115342
2025-06-17,688195.2913633096
2025-06-18,596873.9955871598
2025-06-19,434159.08493041253
2025-06-20,570351.2337046771
2025-06-21,323605.69291324174
2025-06-22,499778.1030943608
2025-06-23,654822.3552653106
2025-06-24,695759.3952848705
2025-06-25,721359.9045471862
2025-06-26,667699.1387740835
2025-06-27,665074.4058684345
2025-06-28,361067.2884188816
2025-06-29,334253.09502290725
2025-06-30,629712.8133923857
2025-07-01,496490.18432779866
2025-07-02,472110.48083608074
2025-07-03,608819.0590214231
2025-07-04,554355.8060820487
2025-07-05,275838.59851302457
2025-07-06,284335.71670787013
2025-07-07,548473.8132949722
2025-07-08,469316.77026889834
2025-07-09,494786.5288705546
2025-07-10,717053.9185477694
2025-07-11,1014511.5155499782
2025-07-12,533655.1738268748
2025-07-13,453095.4257954731
2025-07-14,1058789.7662005092
2025-07-15,1146546.0169305694
2025-07-16,933749.894068417
2025-07-17,1052314.9859595487
2025-07-18,850360.3020828036
2025-07-19,422500.6603015539
2025-07-20,411213.5318042277
2025-07-21,898509.9178894432
2025-07-22,714622.9821449821
2025-07-23,617736.3952790183
2025-07-24,654229.3980521291
2025-07-25,1013683.5782366012
2025-07-26,468367.4993123072
2025-07-27,461028.76776883734
2025-07-28,642324.7873246894
2025-07-29,584862.5983274233
2025-07-30,630779.5062044684
2025-07-31,578499.096549739
2025-08-01,765015.4144213927
2025-08-02,468510.929370138
2025-08-03,465258.31995903776
2025-08-04,683513.1045117929
2025-08-05,609936.6882308437
2025-08-06,626958.1893022532
2025-08-07,605012.0557144006
2025-08-08,625050.3468525579
2025-08-09,438600.8991520753
2025-08-10,456397.45688580413
2025-08-11,751664.821442906
2025-08-12,705780.9945488264
2025-08-13,722056.7894571378
2025-08-14,681476.7634372207
2025-08-15,586342.0757750145
2025-08-16,431057.810104155
2025-08-17,419951.4649543072
2025-08-18,639131.0125125209
2025-08-19,620388.0999313553
2025-08-20,582297.0673954702
2025-08-21,604109.254676697
2025-08-22,698681.1002906404
2025-08-23,523652.2546548707
2025-08-24,583494.5676123779
2025-08-25,671005.1794498428
2025-08-26,699871.7370252023
2025-08-27,610384.5115604041
2025-08-28,643223.426013164
2025-08-29,830138.1786032679
2025-08-30,548501.2291975999
2025-08-31,503516.4100451941
2025-09-01,614437.9792047982
2025-09-02,634897.7967018404
2025-09-03,649861.8140678566
2025-09-04,741396.2704583535
2025-09-05,827999.3999852549
2025-09-06,467470.57097568276
2025-09-07,472277.0471062763
2025-09-08,715120.6199971415
2025-09-09,780937.4586881245
2025-09-10,718427.2933867492
2025-09-11,628815.5797930686
2025-09-12,574095.4367425097
2025-09-13,506300.8318205934
2025-09-14,393489.85313070717
2025-09-15,746401.2310722882
2025-09-16,626967.7823163777
2025-09-17,601936.1926088387
2025-09-18,710660.2158870158
2025-09-19,723340.8229278914
2025-09-20,520248.8931067267
2025-09-21,444820.5811998699
2025-09-22,724557.0679832932
2025-09-23,689481.1988843825
2025-09-24,670588.1639552381
2025-09-25,772546.74568175
2025-09-26,933690.1283560653
2025-09-27,504349.9417246972
2025-09-28,455219.77514842927
2025-09-29,695379.6972354824
2025-09-30,775226.6309429874
2025-10-01,848503.9048079305
2025-10-02,880778.7601960052
2025-10-03,1005100.3447185645
2025-10-04,588084.5208626719
2025-10-05,638647.3380841969
2025-10-06,799146.4684620671
2025-10-07,771697.5502499844
2025-10-08,872410.8157620439
2025-10-09,713397.5826106608
2025-10-10,750438.8877122811
2025-10-11,853963.0722223375
2025-10-12,694611.9285249826
2025-10-13,844768.301867324
2025-10-14,1186614.214565393
2025-10-15,884969.5849917204
2025-10-16,855280.5148967869
2025-10-17,1023520.4925027349
2025-10-18,548182.5855496809
2025-10-19,606437.5784970373
2025-10-20,666590.8677033669
2025-10-21,850814.3175211211
2025-10-22,741174.0523794979
2025-10-23,697241.3937912646
2025-10-24,667454.3568794368
2025-10-25,517473.0644614445
2025-10-26,579911.0066858289
2025-10-27,761327.3711046356
2025-10-28,736003.6645435995
2025-10-29,677013.4469705233
2025-10-30,803129.0048938744
2025-10-31,831320.2267989283
2025-11-01,600344.905206227
2025-11-02,518590.9455469936
2025-11-03,892146.3155463724
2025-11-04,1183435.9396975117
2025-11-05,956066.0221673757
2025-11-06,853294.6176951507
2025-11-07,955703.895702736
2025-11-08,600933.5096022733
2025-11-09,537873.2641358406
2025-11-10,778893.0625922807
2025-11-11,953805.8634306658
2025-11-12,826944.9627268527
2025-11-13,926634.13988167
2025-11-16,724172.4253684953
2025-11-17,1063425.4073312867
2025-11-18,1343194.8854013595
2025-11-19,1173095.750588857
2025-11-20,1105598.272907236
2025-11-21,1495590.6904452739
2025-11-22,1436027.9327477976
2025-11-23,919047.2465870739
2025-11-24,861686.3903758163
2025-11-25,784418.1586211621
2025-11-26,830747.6217916952
2025-11-27,726306.7502340522
2025-11-28,824214.7451379896
2025-11-29,560614.5579326514
2025-11-30,610748.1697219306
2025-12-01,857329.0188231936
2025-12-02,921558.1286885767
2025-12-03,900909.3132386192
2025-12-04,646466.9202319597
2025-12-05,709404.1136714809
2025-12-06,496616.0412433778
2025-12-07,453417.24045780726
2025-12-08,784830.4224788058
2025-12-09,776613.5305286378
2025-12-10,914869.043547844
2025-12-11,774147.1403805193
2025-12-12,702636.2816303715
2025-12-13,548959.8812530475
2025-12-14,544168.6116616606
2025-12-15,720504.6651691098
2025-12-16,780076.6131121261
2025-12-17,882040.6829878592
2025-12-18,829422.6159665472
2025-12-19,847888.2618509758
2025-12-20,707389.3081901616
2025-12-21,530873.9261365845
2025-12-22,736001.7052159702
2025-12-23,799108.3672970335
2025-12-24,765373.1877687671
2025-12-25,480561.12195624865
2025-12-26,778018.1002545459
2025-12-27,461134.1801909063
2025-12-28,513980.9929712676
2025-12-29,1036168.8939725591
2025-12-30,858830.5541154279
2025-12-31,974765.5469619614
2026-01-01,604552.2074690476
2026-01-02,814803.9986425253
2026-01-03,610858.5306733281
2026-01-04,658470.036999193
2026-01-05,847703.8857780426
2026-01-06,758263.2373222283
2026-01-07,802197.7068646976
2026-01-08,652362.4516715948
2026-01-09,746111.0372672776
2026-01-10,512914.02592198306
2026-01-11,481215.7677787689
2026-01-12,625218.6308940707
2026-01-13,1006580.5513855662
2026-01-14,1068823.7305893258
2026-01-15,1033477.6358341477
2026-01-16,789177.0023771004
2026-01-17,547386.4993803301
2026-01-18,472194.28635594755
2026-01-19,564963.6094110864
2026-01-20,855542.7916943477
2026-01-21,801480.8111622838
2026-01-22,772841.5469608168
2026-01-23,914813.6504101042
2026-01-24,415012.8094624465
2026-01-25,574783.6858216359
2026-01-26,731844.4203038744
2026-01-27,713254.8186764895
2026-01-28,731729.753518935
2026-01-29,803319.5571602333
2026-01-30,976070.0602037568
2026-01-31,915540.3450210353
2026-02-01,809666.4768869226
2026-02-02,1193527.4833413302
2026-02-03,1187576.4870021674
2026-02-04,1166001.4347895687
2026-02-05,1898810.2888218507
2026-02-06,1734627.4722749344
2026-02-07,1102965.1113085782
2026-02-08,858004.8262593328
2026-02-09,1103310.3329839911
2026-02-10,951230.1614807243
2026-02-11,937444.4147898791
2026-02-12,895812.5123602292
2026-02-13,796849.4329392576
2026-02-14,633033.904327112
2026-02-15,527712.6072006975
2026-02-16,633192.5198905889
2026-02-17,765420.1043560333
2026-02-18,742192.376582318
2026-02-19,739025.5795732432
2026-02-20,930292.6561591718
2026-02-21,525348.1059450486
2026-02-22,516383.2534789147
2026-02-23,753889.3267632986
2026-02-24,989083.0758845335
2026-02-25,1061990.2048080699
2026-02-26,997676.891917111
2026-02-27,802982.2366525223
2026-02-28,560955.245080307
2026-03-01,571263.0853871966
2026-03-02,838682.932739344
2026-03-03,811376.1325293232
2026-03-04,970657.6089217681
2026-03-05,833310.7563178254
2026-03-06,837959.4356033271
2026-03-07,479871.1943569577
2026-03-08,470048.6415623758
2026-03-09,725766.9979570974
2026-03-10,819118.5083039444
2026-03-11,714908.2143845198
2026-03-12,715223.3380213159
2026-03-13,761439.71975575
2026-03-14,540891.5078988028
2026-03-15,512153.7760458413
2026-03-16,943913.3090156263
2026-03-17,808132.3337681588
2026-03-18,770001.1028263333
2026-03-19,638206.3944732521
2026-03-20,654603.7156457596
2026-03-21,388286.671198245
2026-03-22,482727.311061152
2026-03-23,699206.7617552384
2026-03-24,709887.2758503245
2026-03-25,691480.8570040257
2026-03-26,754796.9113293219
2026-03-27,831740.415680567
2026-03-28,493152.27497662854
2026-03-29,475378.8111628571
2026-03-30,826612.1484346661
2026-03-31,764466.326108077
2026-04-01,660117.118000317
2026-04-02,871504.38238046
2026-04-03,640794.1503572142
2026-04-04,433866.565893366
2026-04-05,460472.24202532845
2026-04-06,602231.6032533034
2026-04-07,841917.659089358
2026-04-08,768962.4655570782
2026-04-09,710837.931920985
2026-04-10,782677.3136501362
2026-04-11,638895.7782751739
2026-04-12,467236.022298755
2026-04-13,800470.9252456812
2026-04-14,1033682.5325756979
2026-04-15,815890.0492993786
2026-04-16,845560.130677797
2026-04-17,896522.3109313863
2026-04-18,720683.5218236896
2026-04-19,732772.3719908487
2026-04-20,993862.5706417478
2026-04-21,936111.2011884671
2026-04-22,985555.6121752082
2026-04-23,850922.3472511319
2026-04-24,1090364.3555603814
2026-04-25,551847.729003628
2026-04-26,510226.34909012646
2026-04-27,750687.7786066815
2026-04-28,833428.750087962
2026-04-29,790125.6715432041
2026-04-30,838690.4654328697
2026-05-01,938241.342311199
2026-05-02,677558.0377115591
2026-05-03,580702.6500321239
2026-05-04,902244.7299545832
2026-05-05,874548.6194185915
2026-05-06,771662.1302452935
2026-05-07,780559.218842086
2026-05-08,717050.1096048666
2026-05-09,474592.44181458023
2026-05-10,546616.0915758895
2026-05-11,765312.1701029042
2026-05-12,714403.5157720968
2026-05-13,785360.5852430944
2026-05-14,809553.6581834825
2026-05-15,780455.2158948757
2026-05-16,594781.464485872
2026-05-17,439942.7946373022
2026-05-18,741629.0473852009
2026-05-19,775477.9899422341
2026-05-20,641105.8921167805
2026-05-21,626082.5021439278
2026-05-22,774187.097278707
2026-05-23,536429.8232903165
2026-05-24,512579.16188115283
2026-05-25,677318.1998041709
2026-05-26,740481.3461459216
2026-05-27,913348.7601221339
2026-05-28,1054569.9712650331
2026-05-29,860661.5609288147
2026-05-30,562347.8592307296
2026-05-31,581640.647553058
2026-06-01,898791.4470575713
2026-06-02,1152723.8875062512
2026-06-03,1029535.221005547
2026-06-04,1020537.8105485754
2026-06-05,1091716.9234948244
2026-06-06,666983.8455425471
2026-06-07,569003.0313928671
2026-06-08,789416.9016723701
2026-06-09,767543.8887483565
2026-06-10,756179.2365444488
2026-06-11,756757.5969732985
2026-06-12,802698.971338471
2026-06-13,451541.0770173021
2026-06-14,435308.9287869875
2026-06-15,798320.8407747869
2026-06-16,829580.7529998745
2026-06-17,667466.145781686
2026-06-18,705918.3180308954
2026-06-19,623162.0722292056
2026-06-20,455715.4150572616
2026-06-21,541712.3895335885
2026-06-22,727163.9807496
2026-06-23,785248.442859066
2026-06-24,808795.2459161513
2026-06-25,1048642.548934362
2026-06-26,1229436.3840608692
2026-06-27,648533.9613940587
2026-06-28,537371.3435272689
2026-06-29,990718.3638602766
2026-06-30,1139145.718189321
