Date,Total Bitcoins in Circulation
2022-03-01,18971037.5
2022-03-02,18972075.0
2022-03-03,18973112.5
2022-03-04,18974150.0
2022-03-05,18975193.75
2022-03-07,18976231.25
2022-03-08,18977268.75
2022-03-09,18978306.25
2022-03-10,18979343.75
2022-03-11,18980381.25
2022-03-12,18981425.0
2022-03-13,18982475.0
2022-03-14,18983512.5
2022-03-16,18984550.0
2022-03-17,18985593.75
2022-03-18,18986631.25
2022-03-19,18987668.75
2022-03-20,18988706.25
2022-03-21,18989743.75
2022-03-22,18990781.25
2022-03-23,18991818.75
2022-03-24,18992856.25
2022-03-26,18993893.75
2022-03-27,18994937.5
2022-03-28,18995981.25
2022-03-29,18997018.75
2022-03-30,18998056.25
2022-03-31,18999093.75
2022-04-01,19000131.25
2022-04-03,19001175.0
2022-04-04,19002212.5
2022-04-05,19003250.0
2022-04-06,19004300.0
2022-04-07,19005343.75
2022-04-08,19006387.5
2022-04-09,19007425.0
2022-04-11,19008462.5
2022-04-12,19009500.0
2022-04-13,19010537.5
2022-04-14,19011575.0
2022-04-15,19012612.5
2022-04-16,19013650.0
2022-04-17,19014687.5
2022-04-19,19015725.0
2022-04-20,19016775.0
2022-04-21,19017812.5
2022-04-22,19018850.0
2022-04-23,19019887.5
2022-04-24,19020925.0
2022-04-25,19021962.5
2022-04-26,19023000.0
2022-04-27,19024043.75
2022-04-28,19025087.5
2022-04-30,19026125.0
2022-05-01,19027175.0
2022-05-02,19028212.5
2022-05-03,19029250.0
2022-05-04,19030287.5
2022-05-05,19031325.0
2022-05-06,19032362.5
2022-05-07,19033406.25
2022-05-08,19034443.75
2022-05-09,19035481.25
2022-05-10,19036518.75
2022-05-12,19037556.25
2022-05-13,19038593.75
2022-05-14,19039631.25
2022-05-15,19040681.25
2022-05-16,19041725.0
2022-05-17,19042762.5
2022-05-19,19043850.0
2022-05-20,19044893.75
2022-05-21,19045937.5
2022-05-23,19046975.0
2022-05-24,19048012.5
2022-05-25,19049050.0
2022-05-26,19050087.5
2022-05-27,19051125.0
2022-05-29,19052162.5
2022-05-30,19053200.0
2022-05-31,19054237.5
2022-06-01,19055275.0
2022-06-02,19056312.5
2022-06-03,19057350.0
2022-06-05,19058393.75
2022-06-06,19059437.5
2022-06-07,19060481.25
2022-06-08,19061518.75
2022-06-09,19062556.25
2022-06-10,19063593.75
2022-06-11,19064631.25
2022-06-12,19065668.75
2022-06-13,19066718.75
2022-06-15,19067756.25
2022-06-16,19068793.75
2022-06-17,19069831.25
2022-06-18,19070868.75
2022-06-20,19071906.25
2022-06-21,19072950.0
2022-06-22,19073987.5
2022-06-23,19075031.25
2022-06-24,19076075.0
2022-06-25,19077112.5
2022-06-27,19078150.0
2022-06-28,19079187.5
2022-06-29,19080231.25
2022-06-30,19081268.75
2022-07-01,19082306.25
2022-07-02,19083343.75
2022-07-03,19084381.25
2022-07-05,19085418.75
2022-07-06,19086456.25
2022-07-07,19087500.0
2022-07-08,19088537.5
2022-07-09,19089581.25
2022-07-11,19090625.0
2022-07-12,19091662.5
2022-07-13,19092706.25
2022-07-14,19093743.75
2022-07-16,19094781.25
2022-07-17,19095825.0
2022-07-18,19096868.75
2022-07-19,19097906.25
2022-07-21,19098943.75
2022-07-22,19099987.5
2022-07-23,19101025.0
2022-07-24,19102062.5
2022-07-25,19103106.25
2022-07-26,19104143.75
2022-07-27,19105181.25
2022-07-28,19106225.0
2022-07-30,19107262.5
2022-07-31,19108300.0
2022-08-01,19109337.5
2022-08-02,19110381.25
2022-08-03,19111418.75
2022-08-04,19112456.25
2022-08-06,19113493.75
2022-08-07,19114537.5
2022-08-08,19115575.0
2022-08-09,19116618.75
2022-08-10,19117656.25
2022-08-11,19118693.75
2022-08-12,19119731.25
2022-08-13,19120768.75
2022-08-15,19121806.25
2022-08-16,19122843.75
2022-08-17,19123887.5
2022-08-18,19124925.0
2022-08-19,19125962.5
2022-08-20,19127000.0
2022-08-21,19128037.5
2022-08-23,19130125.0
2022-08-25,19131162.5
2022-08-26,19132200.0
2022-08-27,19133237.5
2022-08-28,19134275.0
2022-08-29,19135318.75
2022-08-30,19136356.25
2022-08-31,19137406.25
2022-09-01,19138443.75
2022-09-02,19139481.25
2022-09-03,19140518.75
2022-09-04,19141556.25
2022-09-06,19142593.75
2022-09-07,19143631.25
2022-09-08,19144668.75
2022-09-09,19145706.25
2022-09-10,19146743.75
2022-09-11,19147781.25
2022-09-12,19148825.0
2022-09-13,19149862.5
2022-09-15,19150900.0
2022-09-16,19151937.5
2022-09-17,19152975.0
2022-09-18,19154031.25
2022-09-19,19155075.0
2022-09-20,19156112.5
2022-09-21,19157150.0
2022-09-23,19158187.5
2022-09-24,19159225.0
2022-09-25,19160268.75
2022-09-26,19161325.0
2022-09-27,19162368.75
2022-09-29,19163406.25
2022-09-30,19164443.75
2022-10-01,19165493.75
2022-10-02,19166531.25
2022-10-03,19167568.75
2022-10-04,19168606.25
2022-10-05,19169643.75
2022-10-06,19170681.25
2022-10-07,19171718.75
2022-10-08,19172756.25
2022-10-09,19173800.0
2022-10-10,19174850.0
2022-10-11,19175900.0
2022-10-12,19176937.5
2022-10-13,19177975.0
2022-10-14,19179012.5
2022-10-15,19180050.0
2022-10-16,19181100.0
2022-10-17,19182137.5
2022-10-19,19183181.25
2022-10-20,19184218.75
2022-10-21,19185262.5
2022-10-22,19186300.0
2022-10-23,19187337.5
2022-10-24,19188375.0
2022-10-26,19189412.5
2022-10-27,19190450.0
2022-10-28,19191487.5
2022-10-29,19192525.0
2022-10-30,19193562.5
2022-10-31,19194600.0
2022-11-01,19195643.75
2022-11-03,19196681.25
2022-11-04,19197725.0
2022-11-05,19198762.5
2022-11-06,19199800.0
2022-11-07,19200837.5
2022-11-08,19201875.0
2022-11-09,19202912.5
2022-11-10,19203950.0
2022-11-12,19204993.75
2022-11-13,19206031.25
2022-11-14,19207068.75
2022-11-15,19208112.5
2022-11-16,19209150.0
2022-11-17,19210193.75
2022-11-19,19211231.25
2022-11-20,19212268.75
2022-11-21,19213312.5
2022-11-22,19214356.25
2022-11-23,19215400.0
2022-11-25,19216437.5
2022-11-26,19217475.0
2022-11-27,19218512.5
2022-11-29,19219562.5
2022-11-30,19220600.0
2022-12-01,19221650.0
2022-12-02,19222687.5
2022-12-04,19223725.0
2022-12-05,19224762.5
2022-12-06,19225800.0
2022-12-07,19226837.5
2022-12-08,19227875.0
2022-12-09,19228918.75
2022-12-10,19229968.75
2022-12-11,19231006.25
2022-12-12,19232043.75
2022-12-13,19233081.25
2022-12-15,19234118.75
2022-12-16,19235156.25
2022-12-17,19236200.0
2022-12-18,19237250.0
2022-12-19,19238287.5
2022-12-21,19239331.25
2022-12-22,19240368.75
2022-12-23,19241406.25
2022-12-25,19242450.0
2022-12-26,19243487.5
2022-12-27,19244531.25
2022-12-28,19245568.75
2022-12-29,19246606.25
2022-12-30,19247643.75
2023-01-01,19248681.25
2023-01-02,19249718.75
2023-01-03,19250756.25
2023-01-04,19251800.0
2023-01-05,19252843.75
2023-01-06,19253906.25
2023-01-07,19254943.75
2023-01-08,19255987.5
2023-01-09,19257025.0
2023-01-10,19258068.75
2023-01-11,19259106.25
2023-01-12,19260143.75
2023-01-13,19261181.25
2023-01-14,19262218.75
2023-01-15,19263256.25
2023-01-16,19264293.75
2023-01-17,19265331.25
2023-01-19,19266375.0
2023-01-20,19267412.5
2023-01-21,19268456.25
2023-01-22,19269493.75
2023-01-23,19270531.25
2023-01-25,19272618.75
2023-01-27,19273656.25
2023-01-28,19274693.75
2023-01-29,19275731.25
2023-01-30,19276768.75
2023-01-31,19277806.25
2023-02-01,19278843.75
2023-02-02,19279881.25
2023-02-04,19280925.0
2023-02-05,19281962.5
2023-02-06,19283000.0
2023-02-07,19284043.75
2023-02-08,19285081.25
2023-02-09,19286118.75
2023-02-10,19287156.25
2023-02-12,19288193.75
2023-02-13,19289231.25
2023-02-14,19290268.75
2023-02-15,19291350.0
2023-02-16,19292387.5
2023-02-17,19293425.0
2023-02-18,19294468.75
2023-02-19,19295512.5
2023-02-20,19296562.5
2023-02-21,19297600.0
2023-02-22,19298643.75
2023-02-23,19299687.5
2023-02-24,19300725.0
2023-02-26,19301768.75
2023-02-27,19302806.25
2023-02-28,19303850.0
2023-03-01,19304887.5
2023-03-02,19305931.25
2023-03-03,19306968.75
2023-03-04,19308006.25
2023-03-05,19309056.25
2023-03-06,19310100.0
2023-03-07,19311137.5
2023-03-09,19312175.0
2023-03-10,19313212.5
2023-03-11,19314250.0
2023-03-12,19315287.5
2023-03-13,19316325.0
2023-03-14,19317368.75
2023-03-15,19318406.25
2023-03-16,19319443.75
2023-03-18,19320481.25
2023-03-19,19321518.75
2023-03-20,19322562.5
2023-03-21,19323600.0
2023-03-22,19324643.75
2023-03-23,19325700.0
2023-03-24,19326743.75
2023-03-25,19327781.25
2023-03-26,19328818.75
2023-03-27,19329856.25
2023-03-28,19330893.75
2023-03-30,19331931.25
2023-03-31,19332975.0
2023-04-01,19334012.5
2023-04-02,19335056.25
2023-04-03,19336093.75
2023-04-04,19337137.5
2023-04-05,19338175.0
2023-04-06,19339225.0
2023-04-08,19340268.75
2023-04-09,19341312.5
2023-04-10,19342350.0
2023-04-11,19343393.75
2023-04-12,19344431.25
2023-04-13,19345468.75
2023-04-15,19346512.5
2023-04-16,19347556.25
2023-04-17,19348600.0
2023-04-18,19349637.5
2023-04-19,19350675.0
2023-04-20,19351712.5
2023-04-21,19352750.0
2023-04-23,19353787.5
2023-04-24,19354825.0
2023-04-25,19355868.75
2023-04-26,19356906.25
2023-04-27,19357950.0
2023-04-29,19358987.5
2023-04-30,19360025.0
2023-05-01,19361062.5
2023-05-02,19362118.75
2023-05-03,19363156.25
2023-05-04,19364193.75
2023-05-06,19365231.25
2023-05-07,19366268.75
2023-05-08,19367306.25
2023-05-09,19368343.75
2023-05-10,19369381.25
2023-05-11,19370418.75
2023-05-12,19371456.25
2023-05-13,19372493.75
2023-05-14,19373531.25
2023-05-16,19374568.75
2023-05-17,19375618.75
2023-05-18,19376656.25
2023-05-19,19377700.0
2023-05-20,19378737.5
2023-05-21,19379775.0
2023-05-22,19380812.5
2023-05-23,19381850.0
2023-05-25,19382887.5
2023-05-26,19383925.0
2023-05-27,19384962.5
2023-05-28,19386000.0
2023-05-29,19387037.5
2023-05-30,19388081.25
2023-05-31,19389118.75
2023-06-01,19390168.75
2023-06-02,19391212.5
2023-06-04,19392256.25
2023-06-05,19393293.75
2023-06-06,19394337.5
2023-06-07,19395375.0
2023-06-08,19396418.75
2023-06-09,19397456.25
2023-06-10,19398500.0
2023-06-11,19399537.5
2023-06-12,19400575.0
2023-06-13,19401612.5
2023-06-15,19402656.25
2023-06-16,19403693.75
2023-06-17,19404737.5
2023-06-18,19405775.0
2023-06-19,19406812.5
2023-06-21,19407856.25
2023-06-22,19408893.75
2023-06-23,19409937.5
2023-06-24,19410975.0
2023-06-25,19412012.5
2023-06-27,19413056.25
2023-06-28,19414093.75
2023-06-29,19415131.25
2023-06-30,19416168.75
2023-07-01,19417206.25
2023-07-02,19418250.0
2023-07-04,19419306.25
2023-07-05,19420343.75
2023-07-06,19421381.25
2023-07-07,19422418.75
2023-07-08,19423462.5
2023-07-09,19424506.25
2023-07-10,19425550.0
2023-07-11,19426593.75
2023-07-12,19427637.5
2023-07-14,19428675.0
2023-07-15,19429712.5
2023-07-16,19430756.25
2023-07-17,19431793.75
2023-07-18,19432831.25
2023-07-19,19433875.0
2023-07-20,19434912.5
2023-07-22,19435950.0
2023-07-23,19436987.5
2023-07-24,19438025.0
2023-07-25,19439062.5
2023-07-27,19440100.0
2023-07-28,19441143.75
2023-07-29,19442181.25
2023-07-30,19443225.0
2023-07-31,19444275.0
2023-08-01,19445318.75
2023-08-02,19446362.5
2023-08-04,19447400.0
2023-08-05,19448443.75
2023-08-06,19449481.25
2023-08-07,19450518.75
2023-08-08,19451556.25
2023-08-09,19452593.75
2023-08-11,19453631.25
2023-08-12,19454668.75
2023-08-13,19455706.25
2023-08-14,19456756.25
2023-08-15,19457793.75
2023-08-16,19458837.5
2023-08-17,19459875.0
2023-08-18,19460918.75
2023-08-19,19461956.25
2023-08-20,19462993.75
2023-08-21,19464037.5
2023-08-22,19465081.25
2023-08-23,19466118.75
2023-08-25,19467156.25
2023-08-26,19468200.0
2023-08-27,19469237.5
2023-08-29,19470275.0
2023-08-30,19471312.5
2023-08-31,19472350.0
2023-09-01,19473387.5
2023-09-02,19474425.0
2023-09-03,19475462.5
2023-09-04,19476506.25
2023-09-06,19477556.25
2023-09-07,19478593.75
2023-09-08,19479631.25
2023-09-09,19480668.75
2023-09-10,19481706.25
2023-09-11,19482743.75
2023-09-13,19483781.25
2023-09-14,19484818.75
2023-09-15,19485856.25
2023-09-16,19486893.75
2023-09-17,19487931.25
2023-09-18,19488975.0
2023-09-19,19490018.75
2023-09-20,19491056.25
2023-09-21,19492093.75
2023-09-22,19493131.25
2023-09-24,19494175.0
2023-09-25,19495212.5
2023-09-26,19496250.0
2023-09-27,19497287.5
2023-09-28,19498331.25
2023-09-29,19499375.0
2023-09-30,19500418.75
2023-10-02,19501456.25
2023-10-03,19502493.75
2023-10-04,19503531.25
2023-10-05,19504568.75
2023-10-06,19505606.25
2023-10-07,19506643.75
2023-10-08,19507681.25
2023-10-09,19508731.25
2023-10-10,19509775.0
2023-10-11,19510812.5
2023-10-12,19511850.0
2023-10-13,19512893.75
2023-10-15,19513937.5
2023-10-16,19514975.0
2023-10-17,19516018.75
2023-10-18,19517075.0
2023-10-19,19518118.75
2023-10-20,19519168.75
2023-10-21,19520212.5
2023-10-22,19521250.0
2023-10-23,19522287.5
2023-10-25,19523331.25
2023-10-26,19524375.0
2023-10-27,19525412.5
2023-10-28,19526456.25
2023-10-29,19527500.0
2023-10-30,19528550.0
2023-10-31,19529587.5
2023-11-02,19530625.0
2023-11-03,19531675.0
2023-11-04,19532725.0
2023-11-05,19533762.5
2023-11-06,19534800.0
2023-11-07,19535837.5
2023-11-08,19536875.0
2023-11-10,19537918.75
2023-11-11,19538956.25
2023-11-12,19540012.5
2023-11-13,19541068.75
2023-11-14,19542106.25
2023-11-15,19543150.0
2023-11-16,19544187.5
2023-11-17,19545231.25
2023-11-19,19546275.0
2023-11-20,19547318.75
2023-11-21,19548356.25
2023-11-22,19549393.75
2023-11-23,19550431.25
2023-11-24,19551468.75
2023-11-25,19552506.25
2023-11-26,19553543.75
2023-11-27,19554587.5
2023-11-28,19555625.0
2023-11-30,19556662.5
2023-12-01,19557700.0
2023-12-02,19558737.5
2023-12-03,19559781.25
2023-12-04,19560825.0
2023-12-05,19561862.5
2023-12-06,19562906.25
2023-12-08,19563943.75
2023-12-09,19564981.25
2023-12-10,19566031.25
2023-12-11,19567075.0
2023-12-12,19568112.5
2023-12-13,19569156.25
2023-12-15,19570193.75
2023-12-16,19571237.5
2023-12-17,19572275.0
2023-12-18,19573325.0
2023-12-19,19574362.5
2023-12-20,19575406.25
2023-12-21,19576450.0
2023-12-22,19577493.75
2023-12-23,19578537.5
2023-12-24,19579575.0
2023-12-25,19580625.0
2023-12-26,19581662.5
2023-12-28,19582706.25
2023-12-29,19583743.75
2023-12-30,19584781.25
2023-12-31,19585818.75
2024-01-01,19586856.25
2024-01-02,19587893.75
2024-01-03,19588931.25
2024-01-04,19589968.75
2024-01-06,19591006.25
2024-01-07,19592043.75
2024-01-08,19593087.5
2024-01-09,19594125.0
2024-01-11,19595162.5
2024-01-12,19596200.0
2024-01-13,19597250.0
2024-01-14,19598293.75
2024-01-15,19599331.25
2024-01-16,19600368.75
2024-01-18,19601406.25
2024-01-19,19602443.75
2024-01-20,19603493.75
2024-01-21,19604531.25
2024-01-22,19605575.0
2024-01-23,19606618.75
2024-01-25,19608700.0
2024-01-27,19609743.75
2024-01-28,19610787.5
2024-01-29,19611831.25
2024-01-30,19612868.75
2024-01-31,19613918.75
2024-02-01,19614956.25
2024-02-02,19615993.75
2024-02-03,19617037.5
2024-02-04,19618075.0
2024-02-05,19619112.5
2024-02-06,19620156.25
2024-02-07,19621200.0
2024-02-08,19622256.25
2024-02-09,19623293.75
2024-02-10,19624331.25
2024-02-12,19625393.75
2024-02-13,19626431.25
2024-02-14,19627468.75
2024-02-15,19628512.5
2024-02-16,19629568.75
2024-02-17,19630612.5
2024-02-19,19631656.25
2024-02-20,19632693.75
2024-02-21,19633737.5
2024-02-22,19634781.25
2024-02-23,19635825.0
2024-02-25,19636925.0
2024-02-26,19637962.5
2024-02-27,19639012.5
2024-02-28,19640056.25
2024-02-29,19641093.75
2024-03-01,19642131.25
2024-03-03,19643168.75
2024-03-04,19644206.25
2024-03-05,19645243.75
2024-03-06,19646281.25
2024-03-07,19647318.75
2024-03-08,19648356.25
2024-03-09,19649406.25
2024-03-10,19650450.0
2024-03-11,19651487.5
2024-03-12,19652531.25
2024-03-13,19653568.75
2024-03-15,19654606.25
2024-03-16,19655643.75
2024-03-17,19656681.25
2024-03-18,19657731.25
2024-03-19,19658768.75
2024-03-20,19659806.25
2024-03-22,19660843.75
2024-03-23,19661893.75
2024-03-24,19662943.75
2024-03-25,19663987.5
2024-03-26,19665025.0
2024-03-27,19666062.5
2024-03-29,19667100.0
2024-03-30,19668137.5
2024-03-31,19669175.0
2024-04-01,19670450.0
2024-04-02,19671493.75
2024-04-03,19672531.25
2024-04-05,19673581.25
2024-04-06,19674618.75
2024-04-07,19675656.25
2024-04-08,19676693.75
2024-04-09,19677731.25
2024-04-10,19678775.0
2024-04-11,19679812.5
2024-04-12,19680856.25
2024-04-14,19681900.0
2024-04-15,19682937.5
2024-04-16,19683987.5
2024-04-17,19685031.25
2024-04-18,19686075.0
2024-04-19,19687125.0
2024-04-20,19687837.5
2024-04-22,19688359.375
2024-04-23,19688881.25
2024-04-24,19689403.125
2024-04-25,19689921.875
2024-04-26,19690443.75
2024-04-27,19690962.5
2024-04-28,19691481.25
2024-04-30,19692006.25
2024-05-01,19692525.0
2024-05-02,19693046.875
2024-05-03,19693565.625
2024-05-04,19694084.375
2024-05-06,19694603.125
2024-05-07,19695153.125
2024-05-08,19695671.875
2024-05-10,19696190.625
2024-05-11,19696712.5
2024-05-12,19697256.25
2024-05-13,19697778.125
2024-05-14,19698296.875
2024-05-15,19698815.625
2024-05-17,19699346.875
2024-05-18,19699875.0
2024-05-19,19700400.0
2024-05-20,19700921.875
2024-05-21,19701443.75
2024-05-22,19701978.125
2024-05-23,19702500.0
2024-05-24,19703025.0
2024-05-25,19703543.75
2024-05-26,19704068.75
2024-05-28,19704590.625
2024-05-29,19705109.375
2024-05-30,19705631.25
2024-05-31,19706150.0
2024-06-02,19706668.75
2024-06-03,19707187.5
2024-06-04,19707706.25
2024-06-05,19708228.125
2024-06-06,19708746.875
2024-06-08,19709265.625
2024-06-09,19709784.375
2024-06-10,19710303.125
2024-06-11,19710821.875
2024-06-12,19711340.625
2024-06-13,19711862.5
2024-06-15,19712384.375
2024-06-16,19712906.25
2024-06-17,19713425.0
2024-06-18,19713946.875
2024-06-19,19714465.625
2024-06-20,19714990.625
2024-06-22,19715509.375
2024-06-23,19716034.375
2024-06-24,19716556.25
2024-06-25,19717078.125
2024-06-27,19717609.375
2024-06-28,19718134.375
2024-06-29,19718656.25
2024-06-30,19719175.0
2024-07-02,19719696.875
2024-07-03,19720215.625
2024-07-04,19720740.625
2024-07-05,19721259.375
2024-07-06,19721793.75
2024-07-07,19722315.625
2024-07-08,19722834.375
2024-07-09,19723353.125
2024-07-11,19723871.875
2024-07-12,19724393.75
2024-07-13,19724918.75
2024-07-14,19725440.625
2024-07-15,19725959.375
2024-07-16,19726478.125
2024-07-17,19727000.0
2024-07-18,19727518.75
2024-07-20,19728040.625
2024-07-21,19728562.5
2024-07-22,19729084.375
2024-07-23,19729615.625
2024-07-24,19730137.5
2024-07-25,19730659.375
2024-07-26,19731181.25
2024-07-27,19731700.0
2024-07-28,19732228.125
2024-07-29,19732746.875
2024-07-30,19733271.875
2024-07-31,19733790.625
2024-08-01,19734315.625
2024-08-03,19734834.375
2024-08-04,19735356.25
2024-08-05,19735878.125
2024-08-06,19736396.875
2024-08-07,19736921.875
2024-08-09,19737453.125
2024-08-10,19737971.875
2024-08-11,19738490.625
2024-08-12,19739012.5
2024-08-13,19739534.375
2024-08-15,19740053.125
2024-08-16,19740575.0
2024-08-17,19741093.75
2024-08-18,19741615.625
2024-08-19,19742134.375
2024-08-20,19742653.125
2024-08-21,19743171.875
2024-08-22,19743690.625
2024-08-23,19744209.375
2024-08-25,19744734.375
2024-08-26,19745253.125
2024-08-27,19745775.0
2024-08-28,19746300.0
2024-08-29,19746821.875
2024-08-30,19747340.625
2024-09-01,19747862.5
2024-09-02,19748412.5
2024-09-03,19748934.375
2024-09-04,19749468.75
2024-09-05,19750006.25
2024-09-06,19750528.125
2024-09-07,19751046.875
2024-09-08,19751571.875
2024-09-09,19752096.875
2024-09-11,19752618.75
2024-09-12,19753137.5
2024-09-13,19753659.375
2024-09-14,19754181.25
2024-09-16,19754700.0
2024-09-17,19755225.0
2024-09-18,19755753.125
2024-09-19,19756275.0
2024-09-21,19756793.75
2024-09-22,19757312.5
2024-09-23,19757831.25
2024-09-24,19758353.125
2024-09-25,19758881.25
2024-09-27,19759406.25
2024-09-28,19759946.875
2024-09-29,19760468.75
2024-09-30,19760987.5
2024-10-01,19761509.375
2024-10-02,19762031.25
2024-10-03,19762556.25
2024-10-04,19763084.375
2024-10-05,19763603.125
2024-10-07,19764128.125
2024-10-08,19764653.125
2024-10-09,19765171.875
2024-10-10,19765690.625
2024-10-11,19766209.375
2024-10-12,19766728.125
2024-10-13,19767246.875
2024-10-15,19767765.625
2024-10-16,19768284.375
2024-10-17,19768803.125
2024-10-18,19769328.125
2024-10-19,19769846.875
2024-10-20,19770375.0
2024-10-21,19770893.75
2024-10-22,19771412.5
2024-10-23,19771931.25
2024-10-24,19772450.0
2024-10-25,19772968.75
2024-10-27,19773490.625
2024-10-28,19774018.75
2024-10-29,19774537.5
2024-10-30,19775059.375
2024-10-31,19775578.125
2024-11-01,19776103.125
2024-11-02,19776625.0
2024-11-03,19777146.875
2024-11-04,19777668.75
2024-11-05,19778190.625
2024-11-06,19778709.375
2024-11-08,19779231.25
2024-11-09,19779753.125
2024-11-10,19780278.125
2024-11-11,19780800.0
2024-11-12,19781321.875
2024-11-13,19781843.75
2024-11-15,19782362.5
2024-11-16,19782884.375
2024-11-17,19783403.125
2024-11-18,19783921.875
2024-11-19,19784443.75
2024-11-20,19784962.5
2024-11-21,19785481.25
2024-11-22,19786000.0
2024-11-23,19786521.875
2024-11-25,19787040.625
2024-11-26,19787562.5
2024-11-27,19788081.25
2024-11-28,19788603.125
2024-11-29,19789125.0
2024-11-30,19789646.875
2024-12-02,19790168.75
2024-12-03,19790687.5
2024-12-04,19791209.375
2024-12-05,19791728.125
2024-12-06,19792246.875
2024-12-07,19792765.625
2024-12-08,19793287.5
2024-12-09,19793812.5
2024-12-11,19794334.375
2024-12-12,19794856.25
2024-12-13,19795375.0
2024-12-14,19795893.75
2024-12-15,19796415.625
2024-12-16,19796934.375
2024-12-17,19797453.125
2024-12-18,19797971.875
2024-12-20,19798500.0
2024-12-21,19799028.125
2024-12-22,19799550.0
2024-12-23,19800075.0
2024-12-24,19800593.75
2024-12-25,19801118.75
2024-12-27,19801640.625
2024-12-28,19802159.375
2024-12-29,19802681.25
2024-12-30,19803200.0
2024-12-31,19803718.75
2025-01-01,19804237.5
2025-01-02,19804756.25
2025-01-03,19805275.0
2025-01-04,19805796.875
2025-01-06,19806318.75
2025-01-07,19806840.625
2025-01-08,19807362.5
2025-01-09,19807884.375
2025-01-10,19808406.25
2025-01-12,19808925.0
2025-01-13,19809443.75
2025-01-14,19809962.5
2025-01-15,19810487.5
2025-01-16,19811006.25
2025-01-17,19811525.0
2025-01-19,19812043.75
2025-01-20,19812562.5
2025-01-21,19813087.5
2025-01-22,19813606.25
2025-01-23,19814128.125
2025-01-24,19814646.875
2025-01-26,19815168.75
2025-01-27,19815690.625
2025-01-28,19816212.5
2025-01-29,19816746.875
2025-01-30,19817265.625
2025-01-31,19817784.375
2025-02-01,19818303.125
2025-02-02,19818825.0
2025-02-03,19819343.75
2025-02-05,19819862.5
2025-02-06,19820381.25
2025-02-07,19820903.125
2025-02-08,19821431.25
2025-02-09,19821950.0
2025-02-10,19822490.625
2025-02-12,19823012.5
2025-02-13,19823534.375
2025-02-14,19824053.125
2025-02-15,19824571.875
2025-02-16,19825093.75
2025-02-17,19825615.625
2025-02-18,19826134.375
2025-02-20,19826653.125
2025-02-21,19827171.875
2025-02-22,19827690.625
2025-02-23,19828209.375
2025-02-25,19828728.125
2025-02-26,19829250.0
2025-02-27,19829768.75
2025-02-28,19830287.5
2025-03-01,19830806.25
2025-03-02,19831325.0
2025-03-03,19831843.75
2025-03-05,19832362.5
2025-03-06,19832890.625
2025-03-07,19833409.375
2025-03-08,19833928.125
2025-03-09,19834446.875
2025-03-10,19834965.625
2025-03-11,19835484.375
2025-03-12,19836006.25
2025-03-13,19836531.25
2025-03-15,19837050.0
2025-03-16,19837578.125
2025-03-17,19838096.875
2025-03-18,19838615.625
2025-03-19,19839134.375
2025-03-20,19839653.125
2025-03-22,19840171.875
2025-03-23,19840690.625
2025-03-24,19841209.375
2025-03-25,19841731.25
2025-03-26,19842250.0
2025-03-27,19842771.875
2025-03-28,19843300.0
2025-03-29,19843821.875
2025-03-31,19844340.625
2025-04-01,19844865.625
2025-04-02,19845387.5
2025-04-03,19845912.5
2025-04-04,19846434.375
2025-04-05,19846953.125
2025-04-06,19847475.0
2025-04-07,19847996.875
2025-04-08,19848518.75
2025-04-09,19849065.625
2025-04-11,19849587.5
2025-04-12,19850109.375
2025-04-13,19850631.25
2025-04-14,19851156.25
2025-04-15,19851675.0
2025-04-16,19852196.875
2025-04-17,19852715.625
2025-04-18,19853234.375
2025-04-20,19853753.125
2025-04-21,19854271.875
2025-04-22,19854790.625
2025-04-24,19855309.375
2025-04-25,19855828.125
2025-04-26,19856350.0
2025-04-27,19856868.75
2025-04-28,19857387.5
2025-04-29,19857906.25
2025-05-01,19858425.0
2025-05-02,19858943.75
2025-05-03,19859465.625
2025-05-04,19859990.625
2025-05-05,19860512.5
2025-05-06,19861031.25
2025-05-07,19861550.0
2025-05-08,19862068.75
2025-05-10,19862593.75
2025-05-11,19863112.5
2025-05-12,19863634.375
2025-05-13,19864159.375
2025-05-14,19864678.125
2025-05-15,19865203.125
2025-05-17,19865725.0
2025-05-18,19866243.75
2025-05-19,19866762.5
2025-05-20,19867281.25
2025-05-21,19867803.125
2025-05-22,19868325.0
2025-05-23,19868843.75
2025-05-24,19869365.625
2025-05-26,19869896.875
2025-05-27,19870415.625
2025-05-28,19870937.5
2025-05-29,19871456.25
2025-05-30,19871975.0
2025-05-31,19872493.75
2025-06-01,19873028.125
2025-06-02,19873546.875
2025-06-03,19874065.625
2025-06-05,19874584.375
2025-06-06,19875112.5
2025-06-07,19875631.25
2025-06-08,19876150.0
2025-06-09,19876668.75
2025-06-10,19877187.5
2025-06-12,19877706.25
2025-06-13,19878225.0
2025-06-14,19878756.25
2025-06-15,19879278.125
2025-06-16,19879800.0
2025-06-18,19880318.75
2025-06-19,19880840.625
2025-06-20,19881359.375
2025-06-21,19881881.25
2025-06-23,19882400.0
2025-06-24,19882918.75
2025-06-25,19883437.5
2025-06-26,19883956.25
2025-06-28,19884475.0
2025-06-29,19885000.0
2025-06-30,19885518.75
2025-07-01,19886040.625
2025-07-02,19886559.375
2025-07-03,19887081.25
2025-07-04,19887600.0
2025-07-05,19888118.75
2025-07-06,19888637.5
2025-07-08,19889159.375
2025-07-09,19889681.25
2025-07-10,19890200.0
2025-07-11,19890718.75
2025-07-12,19891237.5
2025-07-13,19891765.625
2025-07-14,19892293.75
2025-07-15,19892821.875
2025-07-16,19893340.625
2025-07-18,19893862.5
2025-07-19,19894393.75
2025-07-20,19894912.5
2025-07-21,19895431.25
2025-07-22,19895950.0
2025-07-23,19896471.875
2025-07-25,19896990.625
2025-07-26,19897518.75
2025-07-27,19898043.75
2025-07-28,19898568.75
2025-07-29,19899103.125
2025-07-31,19899628.125
2025-08-01,19900146.875
2025-08-02,19900675.0
2025-08-03,19901203.125
2025-08-04,19901728.125
2025-08-05,19902246.875
2025-08-06,19902790.625
2025-08-08,19903443.75
2025-08-09,19904153.125
2025-08-11,19904821.875
2025-08-13,19905553.125
2025-08-14,19906309.375
2025-08-15,19906906.25
2025-08-17,19907718.75
2025-08-19,19908478.125
2025-08-20,19909168.75
2025-08-22,19909981.25
2025-08-24,19910637.5
2025-08-25,19911400.0
2025-08-27,19912081.25
2025-08-28,19912781.25
2025-08-29,19913434.375
2025-08-31,19914243.75
2025-09-02,19915071.875
2025-09-03,19915793.75
2025-09-05,19916437.5
2025-09-07,19917221.875
2025-09-08,19917956.25
2025-09-10,19918778.125
2025-09-11,19919490.625
2025-09-13,19920175.0
2025-09-14,19920893.75
2025-09-16,19921578.125
2025-09-17,19922340.625
2025-09-19,19923040.625
2025-09-20,19923787.5
2025-09-22,19924484.375
2025-09-23,19925153.125
2025-09-25,19925878.125
2025-09-26,19926590.625
2025-09-28,19927281.25
2025-09-29,19928028.125
2025-10-01,19928768.75
2025-10-02,19929481.25
2025-10-04,19930215.625
2025-10-06,19931000.0
2025-10-08,19931696.875
2025-10-10,19932409.375
2025-10-11,19933100.0
2025-10-12,19933709.375
2025-10-14,19934462.5
2025-10-16,19935284.375
2025-10-17,19936084.375
2025-10-19,19936793.75
2025-10-20,19937459.375
2025-10-22,19938106.25
2025-10-23,19938862.5
2025-10-25,19939634.375
2025-10-26,19940371.875
2025-10-28,19941081.25
2025-10-30,19941837.5
2025-10-31,19942606.25
2025-11-02,19943390.625
2025-11-04,19944206.25
2025-11-06,19944984.375
2025-11-07,19945687.5
2025-11-09,19946378.125
2025-11-11,19947106.25
2025-11-12,19947828.125
2025-11-14,19948637.5
2025-11-15,19949346.875
2025-11-17,19950090.625
2025-11-19,19950812.5
2025-11-21,19951618.75
2025-11-22,19952387.5
2025-11-24,19953053.125
2025-11-26,19953765.625
2025-11-27,19954400.0
2025-11-28,19955031.25
2025-11-30,19955759.375
2025-12-01,19956425.0
2025-12-03,19957115.625
2025-12-05,19957743.75
2025-12-06,19958421.875
2025-12-08,19959231.25
2025-12-10,19959971.875
2025-12-11,19960684.375
2025-12-13,19961471.875
2025-12-14,19962150.0
2025-12-16,19962796.875
2025-12-17,19963528.125
2025-12-19,19964268.75
2025-12-21,19964940.625
2025-12-22,19965700.0
2025-12-24,19966459.375
2025-12-26,19967153.125
2025-12-27,19967931.25
2025-12-29,19968646.875
2025-12-30,19969296.875
2026-01-01,19970075.0
2026-01-03,19970821.875
2026-01-04,19971593.75
2026-01-06,19972284.375
2026-01-07,19972925.0
2026-01-09,19973587.5
2026-01-10,19974262.5
2026-01-12,19975018.75
2026-01-14,19975678.125
2026-01-15,19976365.625
2026-01-17,19977121.875
2026-01-19,19977815.625
2026-01-20,19978496.875
2026-01-22,19979281.25
2026-01-24,19979978.125
2026-01-26,19980706.25
2026-01-27,19981353.125
2026-01-29,19982050.0
2026-01-31,19982759.375
2026-02-02,19983471.875
2026-02-03,19984084.375
2026-02-05,19984831.25
2026-02-07,19985593.75
2026-02-08,19986331.25
2026-02-10,19987050.0
2026-02-11,19987712.5
2026-02-13,19988493.75
2026-02-14,19989081.25
2026-02-15,19989828.125
2026-02-16,19990559.375
2026-02-18,19991265.625
2026-02-19,19992056.25
2026-02-21,19992718.75
2026-02-23,19993450.0
2026-02-24,19994171.875
2026-02-25,19994843.75
2026-02-27,19995596.875
2026-03-01,19996256.25
2026-03-02,19996975.0
2026-03-04,19997678.125
2026-03-05,19998381.25
2026-03-07,19999068.75
2026-03-09,19999815.625
2026-03-10,20000528.125
2026-03-12,20001303.125
2026-03-14,20001937.5
2026-03-16,20002637.5
2026-03-17,20003359.375
2026-03-19,20004000.0
2026-03-21,20004668.75
2026-03-22,20005306.25
2026-03-23,20005956.25
2026-03-25,20006653.125
2026-03-26,20007368.75
2026-03-28,20008112.5
2026-03-29,20008862.5
2026-03-31,20009512.5
2026-04-01,20010271.875
2026-04-03,20010968.75
2026-04-05,20011653.125
2026-04-06,20012375.0
2026-04-08,20013156.25
2026-04-10,20013909.375
2026-04-12,20014631.25
2026-04-13,20015356.25
2026-04-15,20016118.75
2026-04-16,20016856.25
2026-04-18,20017571.875
2026-04-20,20018284.375
2026-04-21,20018987.5
2026-04-23,20019675.0
2026-04-25,20020384.375
2026-04-26,20021037.5
2026-04-28,20021821.875
2026-04-29,20022481.25
2026-05-01,20023171.875
2026-05-02,20023884.375
2026-05-04,20024640.625
2026-05-06,20025346.875
2026-05-07,20025987.5
2026-05-09,20026653.125
2026-05-10,20027459.375
2026-05-12,20028209.375
2026-05-13,20028975.0
2026-05-15,20029671.875
2026-05-16,20030406.25
2026-05-18,20031165.625
2026-05-20,20031943.75
2026-05-22,20032609.375
2026-05-23,20033328.125
2026-05-25,20034081.25
2026-05-26,20034781.25
2026-05-28,20035462.5
2026-05-29,20036243.75
2026-05-31,20036975.0
2026-06-01,20037631.25
2026-06-03,20038250.0
2026-06-05,20038909.375
2026-06-06,20039534.375
2026-06-08,20040275.0
2026-06-10,20040975.0
2026-06-12,20041646.875
2026-06-14,20042431.25
2026-06-15,20043056.25
2026-06-17,20043946.875
2026-06-18,20044600.0
2026-06-20,20045337.5
2026-06-21,20046075.0
2026-06-23,20046775.0
2026-06-24,20047437.5
2026-06-25,20048171.875
2026-06-27,20048896.875
2026-06-29,20049603.125
2026-06-30,20050359.375
