Date,volume_btc_bithumb,trade_value_krw_bithumb
2022-03-01,5562.49533076,288269149273.5723
2022-03-02,3613.88655702,192812750558.47433
2022-03-03,2360.11683376,125591161434.8009
2022-03-04,3352.74999971,171764668598.26236
2022-03-05,2962.67992651,144448907232.35062
2022-03-06,2233.02850589,107864323158.09247
2022-03-07,3894.07066384,185828943897.12766
2022-03-08,3300.0630465,157674775428.2487
2022-03-09,3407.73548808,172692154918.2896
2022-03-10,3968.98321225,198070152180.70758
2022-03-11,3006.19450413,146199963825.35846
2022-03-12,2028.020541895,98545146877.94856
2022-03-13,1740.71180921,84570627535.05765
2022-03-14,3188.92804394,153267919693.5712
2022-03-15,3085.64523007,149309219209.27106
2022-03-16,4257.78388865,210267509397.17358
2022-03-17,3322.69119906,166431732681.29385
2022-03-18,2301.23120675,114562329230.2969
2022-03-19,2524.80245169,128040841896.11082
2022-03-20,1707.07360559,87016192807.11612
2022-03-21,2883.2780145,145153649782.45798
2022-03-22,4059.48012607,207903341666.1878
2022-03-23,3428.32470117,176907797172.8448
2022-03-24,3790.5648519,197384812408.6967
2022-03-25,3609.10034743,191757123844.88953
2022-03-26,1935.11769635,104282693017.96733
2022-03-27,2382.68322894,128678510009.15953
2022-03-28,5049.01232745,281678169016.0651
2022-03-29,3769.75497065,215878729744.36523
2022-03-30,4028.1863119,229235598772.01782
2022-03-31,3987.70335915,226394122769.9061
2022-04-01,4367.59875156,241732804696.49484
2022-04-02,3203.25002273,181396346904.02234
2022-04-03,2407.05096704,135709920545.32613
2022-04-04,2403.70174734,135566751300.20406
2022-04-05,3071.0537236,174301899185.27365
2022-04-06,3371.96002696,187767634735.92554
2022-04-07,3475.81675894,186711290832.88303
2022-04-08,2501.0850122,135009615585.76714
2022-04-09,1906.91007178,101408535054.91643
2022-04-10,1332.31065395,70762583480.75119
2022-04-11,2974.16522046,156099570892.74176
2022-04-12,3861.03293,194266900381.2301
2022-04-13,3175.43235812,159305634803.27087
2022-04-14,2851.01144403,146356117547.95563
2022-04-15,2170.48914098,108586127387.305
2022-04-16,1096.51253444,55427244731.08384
2022-04-17,1020.0355686,51382283847.66582
2022-04-18,2271.62974638,112443131189.06017
2022-04-19,2722.51158721,138103636548.7719
2022-04-20,2162.86605003,111564164109.11594
2022-04-21,2514.51788819,130496555215.4966
2022-04-22,2628.36372299,133779574255.83905
2022-04-23,2693.23236274,134006425079.15616
2022-04-24,1593.13154812,79564419601.43068
2022-04-25,3139.06581196,154791739971.17523
2022-04-26,3295.50521504,166091369649.1006
2022-04-27,3691.55680359,181338471147.47202
2022-04-28,3643.92253824,182354966957.67352
2022-04-29,3490.25922605,175977055930.09332
2022-04-30,3568.50740049,177357103311.3619
2022-05-01,2484.18699023,122424169856.56062
2022-05-02,3304.03482966,163729257487.69336
2022-05-03,3214.9192303,158822532916.08374
2022-05-04,3316.75449682,163143301403.31238
2022-05-05,3441.27084622,173484002989.65015
2022-05-06,4892.6072773,231677214673.2521
2022-05-07,2598.27255079,121676651478.65384
2022-05-08,3104.7355837,142417641263.23248
2022-05-09,3947.80611028,174752784324.36603
2022-05-10,7514.15438397,313077703832.2772
2022-05-11,7975.48181984,327662994965.5028
2022-05-12,7201.9733695,278276088086.00037
2022-05-13,6196.4281498,243717510003.51407
2022-05-14,3096.54873861,121850505118.94989
2022-05-15,2293.1558944,90559954123.50056
2022-05-16,2981.18126045,118322466753.60098
2022-05-17,3889.30618736,152602973299.51346
2022-05-18,4068.52036148,157276838521.31708
2022-05-19,4434.06928488,166386822725.15836
2022-05-20,4346.89058108,168360697048.10535
2022-05-21,3544.21225907,133940952406.17332
2022-05-22,3634.49948979,138812472469.1237
2022-05-23,4030.06047243,156359591599.7532
2022-05-24,3678.97866612,138260447880.38077
2022-05-25,3538.29786062,133610715897.89616
2022-05-26,4740.88160432,178668623550.2173
2022-05-27,5811.00142958,217215888825.71088
2022-05-28,3987.27649091,146901647915.04013
2022-05-29,3859.93677775,142948307482.38483
2022-05-30,4357.85230076,165299355492.7945
2022-05-31,3950.70966994,155831072563.75656
2022-06-01,2569.33143483,102419767676.13832
2022-06-02,4045.98871179,153798500144.23126
2022-06-03,2674.08992993,101845760504.89432
2022-06-04,1457.86219899,55087394554.42062
2022-06-05,762.27989286,28799957943.37485
2022-06-06,2300.56843743,89904091749.45996
2022-06-07,3060.10210843,116999672598.43668
2022-06-08,3870.13421665,150445336421.13516
2022-06-09,1772.20764574,68149914955.61447
2022-06-10,1976.21637002,75355001133.87257
2022-06-11,2409.74538078,90292181761.67084
2022-06-12,2918.45131809,105658349239.80203
2022-06-13,8133.46832038,267325163598.89615
2022-06-14,10415.10590254,304852481779.29114
2022-06-15,8418.68180614,234323826032.4831
2022-06-16,7952.06058165,224095206426.3938
2022-06-17,5595.95845782,152148716103.97913
2022-06-18,4956.88224972,129455645801.99216
2022-06-19,8318.07278203,206123759636.25143
2022-06-20,7110.99970833,187297340668.78195
2022-06-21,5691.61605859,153517513433.80893
2022-06-22,4836.4793723,129955425584.55196
2022-06-23,4808.49688909,127850423534.78406
2022-06-24,4392.15183616,119729774120.9443
2022-06-25,3225.39982347,89048403093.53198
2022-06-26,2183.24990949,60661100637.39291
2022-06-27,3250.20481391,89350714045.18967
2022-06-28,2363.47039259,63958149033.49348
2022-06-29,3603.27983787,95437310612.69028
2022-06-30,4007.60970735,103362484673.70947
2022-07-01,5389.97174636,138413597819.5223
2022-07-02,1986.44266604,50648539304.50644
2022-07-03,1555.85053558,39427861767.86865
2022-07-04,2123.08717156,54038185254.28778
2022-07-05,3469.09454225,90756022614.40216
2022-07-06,4985.55188559,132147033451.01036
2022-07-07,4467.68829673,119798094019.38799
2022-07-08,7577.14416545,213538047497.66455
2022-07-09,6478.16847139,183482149396.36182
2022-07-10,3575.11229038,100147676365.96294
2022-07-11,4539.57387022,123119475582.65915
2022-07-12,5215.71608185,138135741235.97055
2022-07-13,5764.30188873,149148639552.457
2022-07-14,5492.57128163,144359465921.7748
2022-07-15,6394.60553679,174149588527.10315
2022-07-16,1639.63883194,44848102691.27806
2022-07-17,3110.47162348,87192913617.56546
2022-07-18,5519.49259457,156893002398.9842
2022-07-19,7423.21089677,214937676348.28644
2022-07-20,7861.54234855,241856432419.3917
2022-07-21,6974.70648562,212764497501.97638
2022-07-22,5658.79240183,172743948850.7431
2022-07-23,3985.90235025,119949241700.45041
2022-07-24,4273.094464,127096518464.97018
2022-07-25,4523.70110725,132916618585.49117
2022-07-26,5212.06432447,148500777529.22864
2022-07-27,4558.36792028,128721119074.15585
2022-07-28,6334.72294268,189922270669.21335
2022-07-29,6151.59086724,192857194828.98245
2022-07-30,3705.24032003,117305430647.2899
2022-07-31,4681.20306473,147538952605.18646
2022-08-01,4094.42329792,126672193882.26097
2022-08-02,4015.50381071,122688349452.52043
2022-08-03,4817.90381827,148516719776.1425
2022-08-04,4395.18411172,135677923745.77751
2022-08-05,3972.73570492,121396623381.81474
2022-08-06,2778.41520869,85225457889.78242
2022-08-07,2652.21987046,81155172061.63731
2022-08-08,7299.42215073,229873896321.00168
2022-08-09,11457.01743316,361101807033.0222
2022-08-10,3119.27253716,97219325792.72768
2022-08-11,3631.76788971,116634351941.51614
2022-08-12,3048.0747403,97296726806.05273
2022-08-13,2946.16680824,95610880488.08736
2022-08-14,2700.23304821,88267328654.71045
2022-08-15,3865.30072809,126189342461.622
2022-08-16,2604.7975788,84114673027.12115
2022-08-17,2958.97755247,94802154676.4571
2022-08-18,1465.95921969,46310917864.90843
2022-08-19,3019.52797128,91683451698.26253
2022-08-20,2312.22519821,67349050380.71626
2022-08-21,3828.85044655,111965738066.77568
2022-08-22,1715.21918384,50218799161.73938
2022-08-23,2128.06473388,61902371602.41883
2022-08-24,1449.39851009,42280402994.21414
2022-08-25,1326.28348107,38884889942.13162
2022-08-26,1805.94273768,52690333847.19518
2022-08-27,2052.28364761,57658447182.31962
2022-08-28,3377.62372786,93508695460.41637
2022-08-29,1861.9674947,51027239110.53109
2022-08-30,1568.54896052,43655015518.45558
2022-08-31,1950.28086436,53772066923.13616
2022-09-01,2112.66473252,58090957892.83715
2022-09-02,1725.60779668,47641557603.86605
2022-09-03,1468.07329666,40433365743.77858
2022-09-04,845.89642042,23127736108.80351
2022-09-05,1211.532023,33145167844.90969
2022-09-06,2071.18267193,56656891651.13298
2022-09-07,2740.41483143,72676459863.83557
2022-09-08,1778.55016112,47612616249.46589
2022-09-09,2749.51530708,77324466122.27852
2022-09-10,2136.43673619,62729965664.70646
2022-09-11,3697.31847952,109912443891.49728
2022-09-12,2591.48573435,78304073104.0941
2022-09-13,2975.01093322,90305744235.54074
2022-09-14,3145.14240247,89740374197.70735
2022-09-15,3104.72300908,87526475010.4409
2022-09-16,2207.29398682,61672287936.92998
2022-09-17,1383.70135037,38537123136.9534
2022-09-18,2935.25790688,82205151886.88962
2022-09-19,3274.68709892,88279950215.17432
2022-09-20,2509.5720492,68350666023.86088
2022-09-21,2182.27874362,58615508831.16339
2022-09-22,3499.66371801,94396137421.25941
2022-09-23,2677.03035293,73112105303.98473
2022-09-24,1856.19354014,50660089920.48742
2022-09-25,1261.2858071,34463098925.32436
2022-09-26,2406.76456548,65677401802.51735
2022-09-27,2885.17132778,81936255175.3092
2022-09-28,3847.03521768,105708728285.1381
2022-09-29,2877.77112601,80458864786.75977
2022-09-30,2804.2113836,78261877262.80788
2022-10-01,1727.44115363,48486118947.59358
2022-10-02,2813.44595822,78380443528.65436
2022-10-03,1600.7396041,44540299946.86315
2022-10-04,1956.7098746,55618866923.51416
2022-10-05,1991.3146824,57184152754.90297
2022-10-06,2092.82275755,59993007954.0727
2022-10-07,1938.6597085,54925382219.42049
2022-10-08,1435.69927654,39932383607.76824
2022-10-09,939.17892913,26073157640.49616
2022-10-10,1526.37789474,42244238705.19884
2022-10-11,1810.8880209,49656891358.05652
2022-10-12,1346.34035534,36855589826.50469
2022-10-13,2219.95418593,59928115147.98354
2022-10-14,2788.74397905,78033967201.09999
2022-10-15,998.56555852,27624960572.88793
2022-10-16,1072.16309206,29553336919.56738
2022-10-17,1550.52561054,43025656204.41308
2022-10-18,1313.83891473,36777326119.90738
2022-10-19,1433.32020046,39661399291.13108
2022-10-20,1120.62169651,30890502788.16706
2022-10-21,1669.20369627,45829650105.31496
2022-10-22,792.03605543,21858801756.46759
2022-10-23,506.0544144,13958289269.13888
2022-10-24,1711.80000158,47708446850.04711
2022-10-25,1250.34574298,34691201582.20878
2022-10-26,3682.96547184,105605654216.2517
2022-10-27,2772.09028918,80488074423.51476
2022-10-28,1965.04511947,56302483786.35698
2022-10-29,1932.24601048,56304262913.49451
2022-10-30,2019.74076506,58913583988.9514
2022-10-31,1558.45853672,45043768045.01625
2022-11-01,1529.5995319,44010080279.6453
2022-11-02,1664.07856143,47953013937.83735
2022-11-03,2497.90219153,71883724533.6099
2022-11-04,2373.70628889,68831986907.55003
2022-11-05,2032.31209989,60052423371.51328
2022-11-06,1101.77635387,32751204089.31017
2022-11-07,1903.09145318,55926930697.64934
2022-11-08,3742.49390054,105893342054.11365
2022-11-09,9290.616909,244113590080.8659
2022-11-10,10175.04157431,242408304314.53217
2022-11-11,5203.64042083,125940877357.5678
2022-11-12,2906.86413907,67888794455.72365
2022-11-13,2331.31458133,53887010989.3818
2022-11-14,4951.02633149,111396844788.03868
2022-11-15,2991.02958713,68000633365.88794
2022-11-16,2745.93567641,62948721530.74594
2022-11-17,1959.73386111,44628938914.86256
2022-11-18,1670.02961228,38419263617.3937
2022-11-19,1163.26804534,26735740064.15805
2022-11-20,1076.70283115,24767797470.48072
2022-11-21,2555.54625671,57791586993.1225
2022-11-22,7433.93542431,165829154426.2463
2022-11-23,2609.63374726,59460166845.12319
2022-11-24,2799.34218173,63982843338.24535
2022-11-25,2562.15455879,57936979794.88942
2022-11-26,2282.85753701,51892803501.58387
2022-11-27,2234.5027179,50706888579.70265
2022-11-28,4419.69840637,99703430370.15488
2022-11-29,3254.49822728,72886980161.81873
2022-11-30,3181.01596664,72319250811.50183
2022-12-01,3432.31368403,79179830285.9981
2022-12-02,2579.43313419,58959322380.43751
2022-12-03,1863.91313853,42516426435.30436
2022-12-04,1854.02593577,42345950155.37107
2022-12-05,2617.38705353,60168179609.19097
2022-12-06,2665.41771901,60752927630.11916
2022-12-07,2697.13682576,61078435856.29004
2022-12-08,2186.19975025,49261916060.05446
2022-12-09,2683.21325702,61243447530.73612
2022-12-10,1897.55952118,43379684428.42044
2022-12-11,1761.31511343,40231173167.96533
2022-12-12,2354.07193524,53279293120.10717
2022-12-13,3306.09350086,75514058916.04529
2022-12-14,2701.05240995,62813152038.12136
2022-12-15,3127.00738145,73002702753.44858
2022-12-16,3208.7696835,73171105017.18811
2022-12-17,3159.31050219,70255628569.07446
2022-12-18,1994.00709888,44206335884.3684
2022-12-19,1506.23425634,33241614790.40942
2022-12-20,3229.09879785,70621410655.47636
2022-12-21,2250.07047933,49449221655.29196
2022-12-22,2151.62945095,47076292564.72207
2022-12-23,2758.77296962,60194756576.55239
2022-12-24,1740.8473561,38167186750.36826
2022-12-25,1558.84098216,34148832617.76553
2022-12-26,2097.96462775,45588089574.18888
2022-12-27,1991.00584546,42937479829.19809
2022-12-28,2784.94234345,59125872816.59251
2022-12-29,2579.39577862,54389098831.86408
2022-12-30,2303.39675507,48440282177.87911
2022-12-31,1797.99035062,37813982146.57175
2023-01-01,1677.65147257,35371467569.06246
2023-01-02,2036.09662784,43208537061.99246
2023-01-03,2235.45158811,47660390044.7978
2023-01-04,2288.51872879,49105831486.54323
2023-01-05,2218.20790097,47772977757.37826
2023-01-06,2217.03764252,47563066290.76693
2023-01-07,1907.23259814,40980412945.84594
2023-01-08,1709.94302666,36875846943.30372
2023-01-09,2567.65234173,55683867176.4342
2023-01-10,2761.20975005,59975731457.95302
2023-01-11,2295.71256963,50339107344.16625
2023-01-12,3423.3437684,77205033220.17743
2023-01-13,3636.19947461,85596631334.31032
2023-01-14,6067.02855961,153826083630.84348
2023-01-15,3000.96756112,77142681410.73938
2023-01-16,3881.4763973,100835355355.73647
2023-01-17,3593.29463801,94427403173.29868
2023-01-18,3312.29976873,87572584824.30492
2023-01-19,3911.91409032,101542084094.50926
2023-01-20,2455.44493989,64320195611.26443
2023-01-21,4344.01620324,120894520232.85258
2023-01-22,2922.1459133,83672519462.45241
2023-01-23,3294.0783901,93578972845.91908
2023-01-24,3203.88994583,91912276045.99007
2023-01-25,3425.84880748,97337156786.0706
2023-01-26,3655.10399707,105267969070.48299
2023-01-27,2914.50526248,83972415813.18176
2023-01-28,2531.10769621,73333127262.2822
2023-01-29,2618.67172773,76531433490.39626
2023-01-30,2992.58657269,88100436819.32619
2023-01-31,2762.11448396,79304204111.01582
2023-02-01,2299.20897509,66517655658.89097
2023-02-02,3518.79859283,104049325089.59079
2023-02-03,3031.12456972,89734093670.37665
2023-02-04,1991.34856984,58717835188.04783
2023-02-05,1921.68290616,56479408464.42135
2023-02-06,2619.4762095,75938503037.4581
2023-02-07,2808.16091814,82034473342.7837
2023-02-08,2643.03910075,77595985507.24583
2023-02-09,2913.67311525,84583284568.95755
2023-02-10,3394.54554712,96035753754.0491
2023-02-11,2159.93743993,60747437475.14949
2023-02-12,1898.71584734,53642909753.35613
2023-02-13,2447.62614934,69071003055.94678
2023-02-14,2678.39100629,75326242455.10281
2023-02-15,3360.05771589,96748224174.51839
2023-02-16,4050.41610614,125900506539.72083
2023-02-17,3151.37385615,98409595816.32654
2023-02-18,1900.80553132,60105147455.59272
2023-02-19,983.45396504,31321876429.97656
2023-02-20,2216.52502701,70296218702.42722
2023-02-21,2038.89642683,65380498291.00773
2023-02-22,2730.99659722,86116625367.78355
2023-02-23,2213.80840333,69526261595.14455
2023-02-24,1410.19563112,44019256487.78444
2023-02-25,1486.68696906,45666098939.32499
2023-02-26,838.62534362,25777004220.33767
2023-02-27,1205.18823404,37590768351.48474
2023-02-28,1126.42347581,35015021017.3794
2023-03-01,1158.56514588,36108925636.5606
2023-03-02,1041.03642048,32292908721.27579
2023-03-03,2066.21856191,62095301524.48447
2023-03-04,1444.42918734,42967986818.93961
2023-03-05,1735.2170878,51827263575.97266
2023-03-06,1018.8652908,30410069116.33586
2023-03-07,2061.69996124,61470284212.66202
2023-03-08,2035.25788644,59946448754.57855
2023-03-09,1902.5076037,55324967117.67861
2023-03-10,5507.29356954,150965781348.94653
2023-03-11,3218.16859295,87901954675.3924
2023-03-12,1552.8949661,42695812129.34803
2023-03-13,5597.42869194,163219621186.60587
2023-03-14,6583.40152612,213416717085.4391
2023-03-15,5488.65284753,179760074106.69427
2023-03-16,4076.66372111,133499639620.00854
2023-03-17,5021.94587221,172789634422.6649
2023-03-18,4226.13589498,152178001967.76898
2023-03-19,2829.22240569,101877173631.95421
2023-03-20,4869.08945824,180574325553.33017
2023-03-21,3707.03346522,137818177429.76288
2023-03-22,2502.84707757,93445078176.52164
2023-03-23,3694.02182906,135615450400.92838
2023-03-24,2736.53576352,101756780903.32172
2023-03-25,2097.52746049,77130391260.11404
2023-03-26,1676.6398429,61690339092.60599
2023-03-27,1924.78506965,71101339528.23106
2023-03-28,2488.96977525,89157574503.81868
2023-03-29,2696.61604445,98847391221.12924
2023-03-30,2422.79478034,91368337796.21172
2023-03-31,2602.1722419,96689034419.70676
2023-04-01,1342.1192941,50434480904.63724
2023-04-02,1104.75499819,41450654668.59346
2023-04-03,1965.11568111,73088564835.21089
2023-04-04,1987.58767925,73633769282.97423
2023-04-05,1767.40565626,66156690462.20951
2023-04-06,1640.9989826,60765389305.25275
2023-04-07,1115.41102583,41325818535.99258
2023-04-08,783.49328475,29007527660.71491
2023-04-09,1016.1750553,37636489906.85457
2023-04-10,1232.69859727,46008479604.39499
2023-04-11,2212.35467372,86231435682.66087
2023-04-12,2208.58175042,88302342970.67435
2023-04-13,2285.67143969,90969897584.56335
2023-04-14,2090.45690552,83828343631.2573
2023-04-15,1348.37498992,53712096369.83207
2023-04-16,1053.65947721,41915082437.52942
2023-04-17,1787.38417332,70015638676.71733
2023-04-18,1544.50676211,60285890192.18012
2023-04-19,2044.70827597,80215286165.69412
2023-04-20,1874.38159128,71910207470.23782
2023-04-21,2256.20998533,84460821849.34155
2023-04-22,1769.21969132,64642727409.30917
2023-04-23,1179.26535959,43523148980.99108
2023-04-24,1558.94747532,57296056765.47673
2023-04-25,1271.20444431,46462608484.88866
2023-04-26,2408.48154197,92069988430.83444
2023-04-27,2789.209076,107299808858.8581
2023-04-28,1790.283023,70181136191.75052
2023-04-29,816.71207481,31908453622.426
2023-04-30,821.9874929,32061837537.01421
2023-05-01,1719.65380805,66743629829.4582
2023-05-02,1673.64064391,63167203869.64212
2023-05-03,1282.16481517,49061563768.22811
2023-05-04,1682.55592942,65038809744.52601
2023-05-05,1099.42176594,42664741578.79086
2023-05-06,1389.06349483,54237080797.70808
2023-05-07,875.05934149,33715671881.26891
2023-05-08,1461.91499153,55238171066.17259
2023-05-09,1749.30116601,64932305275.12177
2023-05-10,1279.05061987,47641215785.17027
2023-05-11,1673.03852701,61814449051.69086
2023-05-12,1785.01616952,64293451063.22957
2023-05-13,1039.37747159,37559606271.41599
2023-05-14,567.99720046,20661561016.26782
2023-05-15,858.24122239,31503787693.39445
2023-05-16,868.76141184,31810161125.54295
2023-05-17,1049.18124027,38101527546.48122
2023-05-18,889.19793284,32597755299.45036
2023-05-19,911.1431285,32970141031.42085
2023-05-20,454.97269996,16457872911.39532
2023-05-21,444.20384508,16149203857.25566
2023-05-22,778.01562637,27954350646.97088
2023-05-23,723.73963544,26244232360.97698
2023-05-24,1188.53066413,42689095983.92759
2023-05-25,1196.4461313,42154854493.56016
2023-05-26,743.32709934,26386534568.08825
2023-05-27,589.89352679,21118004010.85026
2023-05-28,528.2189758,19077785900.93292
2023-05-29,945.8811007,35186304046.13433
2023-05-30,877.28767255,32495311905.0859
2023-05-31,1013.07247941,37020978768.28853
2023-06-01,850.40519456,30687949657.30337
2023-06-02,940.77619991,33762470414.48922
2023-06-03,676.77425066,24324217387.09297
2023-06-04,537.02931362,19286387968.04121
2023-06-05,925.85771876,32992208893.06849
2023-06-06,1724.99378258,59076368909.93915
2023-06-07,1346.2313853,47617973948.90091
2023-06-08,829.54732235,29008321591.37275
2023-06-09,955.35198115,33387085254.87453
2023-06-10,1608.32936794,55165983492.01404
2023-06-11,843.82367541,28839392685.57348
2023-06-12,1127.39968761,38550811811.38092
2023-06-13,1438.319782,49023205996.85844
2023-06-14,1003.5496374,33986459981.29508
2023-06-15,1664.24957725,54812526160.85362
2023-06-16,1364.01246283,45391883299.26744
2023-06-17,1295.92736061,44697758313.66083
2023-06-18,653.52037655,22681285935.03159
2023-06-19,791.07205816,27378538863.21902
2023-06-20,1253.17920592,44012179281.7312
2023-06-21,2313.19512219,86238536413.92429
2023-06-22,2089.32021585,82196070645.7678
2023-06-23,934.30543992,36936780339.29524
2023-06-24,1271.50909269,51786483179.52536
2023-06-25,951.16395181,38793182774.84174
2023-06-26,1038.28865603,41657075064.15366
2023-06-27,959.92619146,38601127197.61962
2023-06-28,923.21086332,37176771063.70045
2023-06-29,1144.14276813,46177018804.60795
2023-06-30,1479.36349702,60156046430.1275
2023-07-01,977.02752409,39581871285.76212
2023-07-02,515.71896577,20931836497.91183
2023-07-03,743.04897725,30170789810.23454
2023-07-04,1163.63025397,47706038598.42087
2023-07-05,1309.72707617,52890766561.86162
2023-07-06,1865.14363734,75651943545.36327
2023-07-07,1444.0587048,57828129254.90886
2023-07-08,444.30370984,17806726030.05815
2023-07-09,403.67437737,16160012321.30236
2023-07-10,938.63751172,37390707053.19113
2023-07-11,1223.23892441,49057491015.19654
2023-07-12,938.27681065,37661320181.30358
2023-07-13,1181.01456128,46850331206.07123
2023-07-14,3056.38242686,121514710446.02583
2023-07-15,1687.2965173,66002146093.20389
2023-07-16,880.00014131,34200935599.58564
2023-07-17,1052.93552851,40924031259.40383
2023-07-18,1513.49459139,58256688809.59251
2023-07-19,1485.05512192,57089922076.80226
2023-07-20,1688.38377032,65086196661.60708
2023-07-21,1239.34618007,47804769255.77186
2023-07-22,686.49937514,26613205147.52314
2023-07-23,830.26111634,32193441834.66912
2023-07-24,1395.7841799,53612475994.75556
2023-07-25,1145.5019299,43330054813.15151
2023-07-26,937.18993951,35469829811.96829
2023-07-27,1213.85095318,46179131743.57381
2023-07-28,1119.96482033,42402917597.86393
2023-07-29,459.52387544,17431562139.1496
2023-07-30,590.44932766,22364283445.42302
2023-07-31,969.29109388,36799402259.58041
2023-08-01,1149.65335195,43403628053.00111
2023-08-02,1615.54023577,62245992439.93888
2023-08-03,1181.63537645,45328720238.88755
2023-08-04,949.7236066,36617846427.59447
2023-08-05,798.06559341,30704370183.93369
2023-08-06,756.52197023,29150218326.50888
2023-08-07,1207.87070851,46579247095.57651
2023-08-08,1418.7952387,54848367620.374
2023-08-09,1332.53648082,52627817924.17959
2023-08-10,985.0848974,38615181146.74293
2023-08-11,714.2715919,27937139950.10286
2023-08-12,416.81395933,16343320321.91874
2023-08-13,346.10067452,13580425367.019
2023-08-14,800.37857946,31353513091.1974
2023-08-15,1313.76908006,51749271174.49767
2023-08-16,1700.9446015,66989637143.66514
2023-08-17,1814.21402575,70628432936.00597
2023-08-18,3883.38433663,142583738332.7984
2023-08-19,1492.74962813,53379923861.48158
2023-08-20,1002.33700274,36078613200.20411
2023-08-21,1156.97043989,41309589053.76817
2023-08-22,1110.6483135,39583044545.10615
2023-08-23,1371.06121764,48628426825.56074
2023-08-24,1396.9532634,49996770832.22687
2023-08-25,1356.09320849,47986669329.51434
2023-08-26,868.5067717,30706091662.36217
2023-08-27,466.15131124,16475479725.18331
2023-08-28,899.41822773,31692475697.57245
2023-08-29,1494.23651402,53242559610.12708
2023-08-30,2232.06750173,83011641950.0393
2023-08-31,1445.98919745,53365198864.569
2023-09-01,2084.02860516,74331907875.66484
2023-09-02,2114.04194826,74425927727.24673
2023-09-03,911.71635435,32054986106.5285
2023-09-04,792.71645283,27883688435.38774
2023-09-05,1090.83000328,38089218066.75754
2023-09-06,708.60442578,24781223083.89472
2023-09-07,725.79274149,25345142019.97105
2023-09-08,1145.75051772,40638351514.20599
2023-09-09,511.81333453,18016874732.9099
2023-09-10,540.64158279,19034847475.16461
2023-09-11,1308.64749255,45721597878.20173
2023-09-12,1389.23082014,48224986556.13398
2023-09-13,1174.72589204,41469270071.36965
2023-09-14,1453.17287788,51735237219.03199
2023-09-15,904.43818266,32458885363.96701
2023-09-16,779.71583819,27939480618.29232
2023-09-17,749.14744559,26801450418.52876
2023-09-18,823.99394918,29728289583.68403
2023-09-19,912.27088407,33020417228.20834
2023-09-20,1074.02371514,39159052843.66351
2023-09-21,1525.87759833,55325453568.7294
2023-09-22,807.57436328,29053879603.70053
2023-09-23,547.04872966,19647640364.06169
2023-09-24,367.55136079,13205212961.6568
2023-09-25,1143.07130424,40445958177.82238
2023-09-26,777.43570209,27663297542.12959
2023-09-27,1060.22091607,37872851401.46854
2023-09-28,721.83808284,26028183798.50984
2023-09-29,881.1436464,32274118502.56968
2023-09-30,471.07603501,17193580717.95957
2023-10-01,631.59320192,23196452441.63682
2023-10-02,1268.21551479,48072932897.74106
2023-10-03,1030.7135361,38852398128.20512
2023-10-04,968.82287003,36124094260.93743
2023-10-05,884.36089483,33229085118.93958
2023-10-06,1129.01555723,42278829236.14476
2023-10-07,1996.89164377,75685222113.09682
2023-10-08,2080.61287055,78939023192.14952
2023-10-09,5469.93844966,206098371610.93665
2023-10-10,1433.31429836,53884167438.55227
2023-10-11,1973.2968854,73346725594.4568
2023-10-12,2274.26961126,83058979944.72195
2023-10-13,2434.24785552,89449182884.55675
2023-10-14,2392.92031524,88305532545.14082
2023-10-15,2927.20257,107660052512.89912
2023-10-16,5049.60070606,190314012698.74728
2023-10-17,4667.60088697,179809413108.17896
2023-10-18,4134.39391957,160369157588.4364
2023-10-19,4055.53439921,157034671160.11276
2023-10-20,6346.86373441,250349549035.432
2023-10-21,1536.09640083,61700214493.6118
2023-10-22,2034.54041738,82285315011.99487
2023-10-23,4504.03847108,184883250242.787
2023-10-24,9981.64951167,445930025333.85474
2023-10-25,5281.95637769,242355193732.72687
2023-10-26,4883.60644384,227645246229.28403
2023-10-27,3240.45933787,149156532545.5672
2023-10-28,2578.92042177,118771441974.06621
2023-10-29,2137.86693815,99296945686.82169
2023-10-30,3661.97119405,171407006423.51294
2023-10-31,3892.03852022,181679206352.96994
2023-11-01,3946.14533254,185150707385.05963
2023-11-02,4913.18990633,234056056510.20425
2023-11-03,4156.83541789,194923915189.74493
2023-11-04,2693.33168155,125551139718.43683
2023-11-05,2987.77492528,140505206953.2387
2023-11-06,3410.82866704,159927133449.80817
2023-11-07,3586.77530809,167352454356.882
2023-11-08,3319.99683146,156093430303.72485
2023-11-09,5871.81682754,283272978216.61365
2023-11-10,5990.42151512,295051945895.12244
2023-11-11,3753.19697981,187092412063.87924
2023-11-12,3386.45714118,167478733368.7703
2023-11-13,3982.36344431,197039962089.89273
2023-11-14,4981.47094962,245357204306.32922
2023-11-15,5555.06873864,266868776088.30508
2023-11-16,5866.75872203,292950034415.33923
2023-11-17,5665.45313436,277007218953.8095
2023-11-18,3831.05704234,187968318392.4573
2023-11-19,2735.90317713,134415417292.96033
2023-11-20,3784.64982512,187385916145.98032
2023-11-21,4408.63650641,220267829385.70776
2023-11-22,5352.53015998,263154717268.93417
2023-11-23,4289.75087528,213741559756.7911
2023-11-24,4180.91213854,209267284438.94925
2023-11-25,3726.50171883,188881887106.4584
2023-11-26,3026.12686447,152572272276.10727
2023-11-27,3939.9041022,197180008072.8636
2023-11-28,3839.74440317,191516002939.78033
2023-11-29,4742.23699227,240435879854.9865
2023-11-30,3542.92024434,179284243828.57043
2023-12-01,2943.85658745,150160057637.65482
2023-12-02,1543.24542309,79848470587.98769
2023-12-03,2462.86454825,129463912658.46796
2023-12-04,5261.15521104,289757069104.3145
2023-12-05,4108.06437913,232785557190.2938
2023-12-06,5345.47828717,319487679391.64386
2023-12-07,3415.46737632,204486413027.89453
2023-12-08,3351.4281271,198800099711.80832
2023-12-09,2954.96896787,177479691000.6282
2023-12-10,1964.14397676,117922067989.01445
2023-12-11,4345.17159712,253647708228.77786
2023-12-12,5022.72428434,287254957080.5787
2023-12-13,3354.27129173,191310046428.73
2023-12-14,4123.88831494,242107325294.06415
2023-12-15,2499.8768104,145968560732.9615
2023-12-16,2226.71202885,128846035643.628
2023-12-17,2462.86275342,141896906362.6412
2023-12-18,4166.51507362,234245537733.49792
2023-12-19,3639.10511425,210656030309.16754
2023-12-20,3615.5363098,210089726716.09738
2023-12-21,3546.2378578,210309788690.8526
2023-12-22,4175.33080281,248064624804.32034
2023-12-23,2892.02423402,171412642058.6937
2023-12-24,5995.72539971,355291400388.63885
2023-12-25,12864.62532904,748420346647.6898
2023-12-26,31792.33423044,1828266506918.284
2023-12-27,26692.42263585,1517901324714.6199
2023-12-28,16487.98050053,947003258422.8943
2023-12-29,19263.37524635,1093232353741.2833
2023-12-30,23173.01794907,1306986469433.987
2023-12-31,26437.07035757,1503153729735.174
2024-01-01,31056.19117489,1776862718722.6167
2024-01-02,40198.56391658,2402780057100.039
2024-01-03,49197.21988193,2940111862503.8335
2024-01-04,54193.63273095,3151804644917.2686
2024-01-05,75052.43192175,4434613952317.102
2024-01-06,77113.36737593,4548933841536.734
2024-01-07,92407.23987936,5491810747924.395
2024-01-08,116392.01811282,6899389995322.009
2024-01-09,32684.26517081,2035785636919.7183
2024-01-10,21507.73660032,1329357327082.911
2024-01-11,26513.09571905,1669859804349.002
2024-01-12,13982.97116905,886380528701.3196
2024-01-13,14732.76196028,877447579098.6633
2024-01-14,6282.01842272,369820678645.14026
2024-01-15,8370.86003046,488110146946.30334
2024-01-16,7787.09082149,456825843607.2436
2024-01-17,7768.64735646,457484580399.55237
2024-01-18,7825.35573317,457779255870.6019
2024-01-19,11221.38552746,640727483689.8169
2024-01-20,7569.24819142,432966722993.4352
2024-01-21,4412.64745765,253821678485.54767
2024-01-22,7264.41175739,412163381890.45605
2024-01-23,11481.61431316,628522891998.3959
2024-01-24,9410.07815192,515386549407.85065
2024-01-25,6629.99070934,364944325639.22
2024-01-26,7825.05250023,435991182630.8784
2024-01-27,6345.98629377,365283932306.5329
2024-01-28,5608.69060389,326556627610.3724
2024-01-29,5984.32179303,346479162487.20685
2024-01-30,7471.09781454,440788512220.3689
2024-01-31,7125.5288014,420403557942.6447
2024-02-01,7359.70967947,430671112854.7734
2024-02-02,9502.93426938,559979555348.4663
2024-02-03,36392.49791836,2154758668387.9924
2024-02-04,101090.06865265,5980827620745.957
2024-02-05,5952.40918821,351253000185.5633
2024-02-06,4263.91098234,250676041153.9872
2024-02-07,2698.52500434,159188911612.54486
2024-02-08,3648.97162154,220932083947.72253
2024-02-09,4671.78790059,294133607938.4799
2024-02-10,3794.40658958,242776648939.66763
2024-02-11,2936.11356041,190348819768.39972
2024-02-12,2719.86673908,177553112826.50262
2024-02-13,5041.26195074,337920902709.2368
2024-02-14,4430.04987786,302534750618.31604
2024-02-15,4145.09669282,293900901559.4629
2024-02-16,3332.74323978,238356348413.2427
2024-02-17,2857.31638761,204213621159.69223
2024-02-18,2348.67765882,166791654511.9456
2024-02-19,2567.82606671,184828378383.9817
2024-02-20,3008.4729687,216202270818.72482
2024-02-21,3263.63809137,233744092168.64755
2024-02-22,2660.61281356,190704771007.62848
2024-02-23,2336.20881227,166789877964.05807
2024-02-24,1833.53174354,130153690654.64336
2024-02-25,1543.17982505,109872478589.71094
2024-02-26,1912.28463302,135473195252.23131
2024-02-27,5522.60417937,420186473817.0676
2024-02-28,5049.90310284,408476039055.2547
2024-02-29,7117.5840874,615328185723.6027
2024-03-01,2647.06593377,229600505158.07614
2024-03-02,1654.61773004,144040618553.8609
2024-03-03,1517.40353212,130991304625.85023
2024-03-04,2520.74337259,225665964192.10394
2024-03-05,4439.86780734,419233152880.97394
2024-03-06,5522.9607739,504918567664.5018
2024-03-07,1791.70710402,167574130789.84952
2024-03-08,1438.17789259,135936983074.79623
2024-03-09,1910.15317709,183307105833.94464
2024-03-10,1553.3697704,150732232111.47424
2024-03-11,2828.07350365,279336106398.51434
2024-03-12,1745.54542805,176008080310.51685
2024-03-13,2023.34763952,206263139783.0059
2024-03-14,2036.54755256,209774212987.2198
2024-03-15,4480.70674803,442756479877.4652
2024-03-16,1709.11317132,170015220898.0156
2024-03-17,2564.29421787,247382404787.2704
2024-03-18,1745.85284712,172527538681.66965
2024-03-19,3178.66665902,302669188734.4012
2024-03-20,3279.07194864,303487800200.66504
2024-03-21,2660.2745729,258207039036.5586
2024-03-22,2053.22905392,193906637250.19913
2024-03-23,1333.74924893,124095220379.84415
2024-03-24,927.01822448,87201314492.75711
2024-03-25,1482.14547783,143014250100.0168
2024-03-26,2027.4046655,202237149385.83322
2024-03-27,1842.70198774,184432351582.82114
2024-03-28,1592.57116104,158994205211.352
2024-03-29,1103.76127375,110695356301.54788
2024-03-30,733.40870408,73072055097.56876
2024-03-31,547.56570881,54803763404.78086
2024-04-01,1119.28860995,111812144807.45172
2024-04-02,2408.75701114,233798894359.50854
2024-04-03,1376.29255042,132161132895.27652
2024-04-04,1141.68787229,110005244187.26947
2024-04-05,1375.56634417,135043603622.71909
2024-04-06,533.83862727,52376902024.47263
2024-04-07,634.41841695,63008259879.07603
2024-04-08,1438.55712415,145364116882.3982
2024-04-09,1136.98554555,114583915404.72052
2024-04-10,1221.65023051,120574861919.02611
2024-04-11,1108.11267862,111372292579.58852
2024-04-12,747.52260881,75296055190.46512
2024-04-13,1915.13399768,189533884410.7467
2024-04-14,2762.69864173,268126850776.12683
2024-04-15,1616.05356552,158150685875.56424
2024-04-16,2082.07028232,198206428334.12106
2024-04-17,1641.62494097,154442732135.34644
2024-04-18,2148.52677733,196227819293.22037
2024-04-19,2375.34833198,220013294887.9955
2024-04-20,853.78145957,79861976343.06155
2024-04-21,858.52084132,81552025792.13385
2024-04-22,882.42507864,84206682592.14597
2024-04-23,1022.60446028,98457657973.65648
2024-04-24,881.22396366,84237630681.50601
2024-04-25,1390.22115395,128987184324.19884
2024-04-26,790.47943877,73095172749.37402
2024-04-27,784.5947901,71414293469.00008
2024-04-28,480.27548246,43906625120.8384
2024-04-29,1254.65962881,112281094261.57567
2024-04-30,1599.59090333,142974407059.16116
2024-05-01,3153.51512288,263565345822.11096
2024-05-02,2058.81872987,169164076296.02905
2024-05-03,1800.28857841,152682835158.59167
2024-05-04,1499.22682493,133458270367.62529
2024-05-05,843.7813062,75697079289.69183
2024-05-06,1032.28163766,93191255756.49637
2024-05-07,971.57725586,86633902199.1092
2024-05-08,990.5908663,86982313663.62987
2024-05-09,1109.67844487,95616781993.3905
2024-05-10,1215.35581428,106090723755.75407
2024-05-11,739.3158905,63322454978.51457
2024-05-12,383.7591848,32990517901.1894
2024-05-13,909.71871558,79123437638.18353
2024-05-14,861.4700617,75036623088.34306
2024-05-15,1348.69046197,119367063165.28015
2024-05-16,1338.75348556,122591812279.78346
2024-05-17,1138.04182423,103712131855.05757
2024-05-18,708.26303256,65688365115.10363
2024-05-19,573.38881734,53336369893.74196
2024-05-20,635.74314745,58790438623.22507
2024-05-21,1889.65705927,182121456854.9331
2024-05-22,837.78166168,80482127537.01083
2024-05-23,883.79173972,84471470422.96931
2024-05-24,973.17055017,91625127392.41093
2024-05-25,457.46509162,43800043969.74127
2024-05-26,405.40229517,38937660580.31531
2024-05-27,676.34160149,64660929459.23909
2024-05-28,1040.20058987,99054794842.29416
2024-05-29,626.40489681,59035957283.48816
2024-05-30,745.23042259,70150130318.87692
2024-05-31,597.14597382,56835951879.89612
2024-06-01,277.7633229,26216438070.61218
2024-06-02,356.59459961,33832997382.17874
2024-06-03,714.551273,68594109386.91951
2024-06-04,602.5065543,57963478946.67793
2024-06-05,929.82492627,90987065244.84221
2024-06-06,653.30446353,64379212745.68529
2024-06-07,799.28484701,78936827385.72047
2024-06-08,707.30246851,69293940585.6936
2024-06-09,387.8192803,37954689108.93439
2024-06-10,417.70989111,40689136180.64517
2024-06-11,1062.31741557,101150027035.76431
2024-06-12,1045.65536311,100084923769.94502
2024-06-13,924.44936809,88482695697.19547
2024-06-14,631.43329706,59715033019.81507
2024-06-15,568.83490523,53333020086.76586
2024-06-16,290.05094522,27252404854.88337
2024-06-17,754.49763666,70063227621.26363
2024-06-18,823.74169036,76043955464.07854
2024-06-19,629.00432472,57677876991.54707
2024-06-20,510.93797626,47127011360.68601
2024-06-21,921.67158799,83427769408.83229
2024-06-22,262.53182989,23747374061.30975
2024-06-23,174.76935729,15881141324.3813
2024-06-24,1332.69130682,117057885412.52228
2024-06-25,1505.26155352,128842094975.96559
2024-06-26,720.040418,62739278763.67075
2024-06-27,566.05501476,48851128159.49748
2024-06-28,549.07431587,47496187233.14654
2024-06-29,361.26122257,30849535743.15841
2024-06-30,345.37723485,29783640084.57049
2024-07-01,701.01137428,61922654656.14012
2024-07-02,473.59393325,41761031046.27088
2024-07-03,774.89162386,66528876419.2031
2024-07-04,1449.5450387,120264826003.23067
2024-07-05,2491.13025254,198638307727.2582
2024-07-06,849.40398884,68563191596.18698
2024-07-07,756.93228181,62011691040.18466
2024-07-08,1554.75685115,124224404542.18677
2024-07-09,979.95620836,79165617145.07036
2024-07-10,941.63755678,77529774304.28716
2024-07-11,862.46406193,70825900078.94159
2024-07-12,710.28155863,57494474807.00224
2024-07-13,524.71586816,42956184348.29404
2024-07-14,802.72744548,67210073157.07615
2024-07-15,1222.22021802,106331090500.7613
2024-07-16,1673.6058903,149737255498.06207
2024-07-17,1269.59792632,115375352638.97069
2024-07-18,930.33602619,83963549997.78635
2024-07-19,937.23784944,84333638084.10243
2024-07-20,986.34720215,91928118445.21199
2024-07-21,690.40487903,64971057478.33576
2024-07-22,854.59239852,80665250979.77592
2024-07-23,694.30234815,65054055516.58056
2024-07-24,669.3953531,61876024995.62937
2024-07-25,853.21025812,77217261283.9364
2024-07-26,791.38106455,73844947298.68602
2024-07-27,608.21955911,57961182123.18588
2024-07-28,895.26285002,84999963287.52638
2024-07-29,727.55641131,70025093642.19896
2024-07-30,959.45317404,89738004748.60677
2024-07-31,571.08603785,52796084491.54588
2024-08-01,1087.16999441,98408575057.78429
2024-08-02,1094.21046696,98520431125.38689
2024-08-03,1244.97390936,108683715362.16641
2024-08-04,883.59709637,75459001525.99956
2024-08-05,5640.99831374,433354577639.1092
2024-08-06,2605.95766803,206484339445.23553
2024-08-07,1137.07117355,91759043305.58037
2024-08-08,1453.44166407,116380280318.00319
2024-08-09,1392.59149338,118693045868.18443
2024-08-10,500.46979689,42640489601.48731
2024-08-11,476.63571547,40676403021.34586
2024-08-12,1434.85795185,118787210252.45361
2024-08-13,692.74632168,57495305702.52295
2024-08-14,939.1248757,79394774539.30629
2024-08-15,890.47641404,73272243420.61234
2024-08-16,1027.65686156,83383652815.47191
2024-08-17,459.83827129,37892380048.69215
2024-08-18,443.68323236,36863530959.36373
2024-08-19,859.84990069,69813209470.97137
2024-08-20,742.5439376,61061869378.27254
2024-08-21,806.974133,65328950294.98715
2024-08-22,748.34019988,61720110505.90068
2024-08-23,650.65301481,53772583857.77762
2024-08-24,972.01869089,82903343197.44109
2024-08-25,447.66792278,38352650104.09047
2024-08-26,598.84422847,51286071851.43377
2024-08-27,559.18305935,47138763750.67039
2024-08-28,1458.61722596,118308893405.73965
2024-08-29,874.3358961,70531640884.5345
2024-08-30,912.01707642,73488254591.13751
2024-08-31,598.29710855,47917702034.96074
2024-09-01,738.59608345,58778063760.77394
2024-09-02,770.24487404,60801047787.66899
2024-09-03,1106.27398239,88360023665.49193
2024-09-04,2316.63997049,179441201244.10797
2024-09-05,2436.80202549,189460586765.8049
2024-09-06,3284.81591042,249259420848.85516
2024-09-07,2484.98666237,182413644331.47534
2024-09-08,1048.58934998,77406815285.45436
2024-09-09,2432.99182667,181593458152.44934
2024-09-10,3128.31256531,240689397363.84192
2024-09-11,2732.64802593,210193162500.54144
2024-09-12,2720.355537,211804273308.20282
2024-09-13,1962.29606404,153283011928.49173
2024-09-14,2612.23005561,209883775492.67886
2024-09-15,1160.5081973,93574575349.405
2024-09-16,2876.76691283,228103323002.09756
2024-09-17,2781.09502274,219416380974.75195
2024-09-18,3739.93209418,303331668158.8267
2024-09-19,5868.54553707,484437684466.5081
2024-09-20,3602.75603764,304504603119.4414
2024-09-21,421.24398691,35509586362.32677
2024-09-22,431.62450183,36293303167.55754
2024-09-23,988.6485939,84095320468.40112
2024-09-24,655.4804613,55464809971.62144
2024-09-25,690.01243276,58774479115.22408
2024-09-26,794.35631413,67515054091.10343
2024-09-27,858.56085192,74178454743.57098
2024-09-28,514.54668043,44690839601.35702
2024-09-29,317.6196125,27477025503.70691
2024-09-30,1080.49887144,91415129648.26125
2024-10-01,2917.8340116,244684902254.1788
2024-10-02,4566.30435923,374734122477.9259
2024-10-03,2820.42831069,231343192773.36194
2024-10-04,2450.76893938,202406205722.75504
2024-10-05,1342.94795294,112692401653.87946
2024-10-06,910.18479939,76325594261.9075
2024-10-07,2459.61403004,209235375518.41156
2024-10-08,2655.58855772,224788919740.51038
2024-10-09,1955.9597475,164617717491.76486
2024-10-10,2619.7821874,216875185163.54327
2024-10-11,2914.53174843,239542795022.35706
2024-10-12,2442.66811861,206973376542.64096
2024-10-13,1584.68583254,134411733011.57634
2024-10-14,3559.08572449,308253619658.1376
2024-10-15,4700.13600515,418015162360.14874
2024-10-16,4756.35122645,431479927119.72186
2024-10-17,2947.64483431,270032681853.36652
2024-10-18,3289.62913294,303386403434.8213
2024-10-19,2148.33691107,200458159138.73618
2024-10-20,1643.67542659,153336355044.27298
2024-10-21,3406.37110123,318496431732.46075
2024-10-22,2863.78168367,264211550714.81696
2024-10-23,2139.736877,197756307814.09653
2024-10-24,2961.87088191,274152711250.8445
2024-10-25,2703.9589863,254555757961.17065
2024-10-26,3091.83968203,289671845785.51733
2024-10-27,1053.31437596,99158663415.442
2024-10-28,2366.2823114,225613665163.64767
2024-10-29,4321.23145385,425031184755.0924
2024-10-30,4094.99169837,411716493046.18665
2024-10-31,2719.21840414,272270706173.59662
2024-11-01,4480.63744638,437946346366.6165
2024-11-02,2597.09984017,253002839420.22604
2024-11-03,2678.52457812,256938355628.43988
2024-11-04,3108.27864458,297313985843.1047
2024-11-05,4112.78453877,391720182793.0901
2024-11-06,12848.86798223,1293869247092.6956
2024-11-07,4731.38852582,489280295244.0137
2024-11-08,4006.91093627,419881287222.3958
2024-11-09,2946.58715702,313805737499.88196
2024-11-10,4898.507306,532996035009.50165
2024-11-11,6808.5254271,767050015367.2833
2024-11-12,14330.34985221,1759769310879.3203
2024-11-13,8000.80606457,1002908573989.0217
2024-11-14,9915.98895772,1276349844716.6912
2024-11-15,7120.98068346,894842189203.6808
2024-11-16,4438.9042367,566943839338.3959
2024-11-17,3515.81003242,446574489525.37854
2024-11-18,1600.57204993,203553153742.55533
2024-11-19,1592.73048623,204241169335.91068
2024-11-20,1963.36071988,255985717465.3995
2024-11-21,3099.70808609,420077487719.94684
2024-11-22,2461.08530266,337008365372.1404
2024-11-23,1359.23647549,185652101592.96378
2024-11-24,1952.63360108,263191230391.31842
2024-11-25,1376.46214352,185515814970.7119
2024-11-26,2581.69803649,337181953830.32916
2024-11-27,1350.6003406,175172683551.49347
2024-11-28,1211.63304316,161210880797.71976
2024-11-29,948.06162269,127061747398.45976
2024-11-30,1047.5962672,141019129024.64276
2024-12-01,723.95218971,97293421004.0281
2024-12-02,1469.35657416,197309954606.31256
2024-12-03,3203.7813786,412631509278.0514
2024-12-04,2447.34281765,326431502496.00073
2024-12-05,3502.02114743,495092587978.9442
2024-12-06,2746.33398909,379883964792.0435
2024-12-07,1158.59457541,161606467923.2997
2024-12-08,665.38057688,92752414001.68619
2024-12-09,1118.93499638,156037520754.69525
2024-12-10,2088.56408704,288919000044.8182
2024-12-11,1579.25522295,218654672738.73895
2024-12-12,1461.96503698,209227486080.12735
2024-12-13,871.12540728,124814229011.16725
2024-12-14,995.02087127,144104765129.25568
2024-12-15,1035.61813385,152206875080.6062
2024-12-16,1623.97861223,244478286295.38293
2024-12-17,1736.03789108,267773145776.22772
2024-12-18,1914.27349426,294506625309.8925
2024-12-19,2375.8067081,358660225303.4147
2024-12-20,3295.91988626,477821323856.0998
2024-12-21,1622.60806421,238770004978.60217
2024-12-22,668.1914064,98019862735.17633
2024-12-23,967.16653754,139535137990.52798
2024-12-24,1309.81207024,186473697267.50616
2024-12-25,1059.23443742,155498654388.1106
2024-12-26,986.88930103,144254401979.13153
2024-12-27,790.48956141,114232503574.67578
2024-12-28,560.22553111,79658922054.93124
2024-12-29,375.28211672,53233718600.14153
2024-12-30,1018.91898069,141667013054.2808
2024-12-31,1180.76806994,164287758528.45398
2025-01-01,580.23636904,81402798694.21565
2025-01-02,978.88846425,139235941309.94147
2025-01-03,677.06978149,97217294622.19202
2025-01-04,591.54238645,85615184394.72002
2025-01-05,461.26243062,66660645314.06988
2025-01-06,817.61001294,119347885156.3903
2025-01-07,1046.34681506,155982306282.4056
2025-01-08,1535.23497229,221101081644.30832
2025-01-09,1112.81036331,156762900914.54626
2025-01-10,1092.64956084,154315027181.48242
2025-01-11,440.92226665,62642879273.20585
2025-01-12,398.36744296,56433414325.73683
2025-01-13,1052.96719856,147473324905.4822
2025-01-14,951.65813196,135644374229.63876
2025-01-15,883.06680678,127642688183.07544
2025-01-16,1125.66343839,164623758330.01593
2025-01-17,1339.29557311,199503506847.14713
2025-01-18,1418.46731307,218164249787.29755
2025-01-19,1521.2630118,239722224736.40207
2025-01-20,2981.64361226,470791479596.34344
2025-01-21,2140.55810928,331713836805.57275
2025-01-22,809.59242505,126910576728.4344
2025-01-23,879.00571972,135561728597.23563
2025-01-24,1269.1151797,198263498226.5673
2025-01-25,588.21192521,92614716606.62083
2025-01-26,282.66641256,44451698636.86322
2025-01-27,1565.50885176,241374946791.34955
2025-01-28,679.78311474,105408878424.81686
2025-01-29,440.08371174,68657053119.24754
2025-01-30,867.36973602,137865314905.1048
2025-01-31,544.03759184,86368885322.45284
2025-02-01,696.84780773,109375558629.4759
2025-02-02,841.85058326,131351219202.07208
2025-02-03,2968.8306962,449095876667.5844
2025-02-04,1812.79883241,283923406753.00714
2025-02-05,852.25914248,131023174993.8696
2025-02-06,630.44655737,96046047906.09277
2025-02-07,987.32904541,148833933860.96182
2025-02-08,644.81882712,96315147524.96155
2025-02-09,528.98994281,78480190859.00352
2025-02-10,627.93318075,92519834291.18272
2025-02-11,512.95028145,75793066941.59583
2025-02-12,911.1105703,132384367191.65791
2025-02-13,709.52106252,103753705103.4532
2025-02-14,539.01189082,78497522191.15768
2025-02-15,459.133886,67331086792.82146
2025-02-16,242.09301442,35555757888.82662
2025-02-17,401.44500674,58358776651.12788
2025-02-18,554.16358091,79975427825.62471
2025-02-19,703.9079362,100608340494.31361
2025-02-20,408.74862665,58882617059.34278
2025-02-21,493.27053957,71650039915.91026
2025-02-22,685.19153436,97904540428.05907
2025-02-23,347.60954579,49210422974.73866
2025-02-24,706.72539466,98792679928.4419
2025-02-25,3288.87600384,433003045861.32526
2025-02-26,1529.66319393,195381700866.12134
2025-02-27,1900.41718946,236485237617.32855
2025-02-28,2451.75209911,294690505504.8955
2025-03-01,1575.57422603,197796501362.3916
2025-03-02,890.81424946,113865172697.63525
2025-03-03,3705.98954987,510983653145.36743
2025-03-04,2443.61886314,315242521069.7178
2025-03-05,1748.31744238,229297341817.36353
2025-03-06,1390.33903902,187713588976.6531
2025-03-07,1799.10089672,237181752422.71652
2025-03-08,1228.43362879,159381789317.72433
2025-03-09,755.7722547,95615537574.5413
2025-03-10,1890.04898282,230523361534.44913
2025-03-11,2069.26968966,245083397176.42075
2025-03-12,1180.49764971,144760454711.34033
2025-03-13,769.8345671,94430649455.51932
2025-03-14,757.26232324,91727324591.93443
2025-03-15,610.84819293,75952578785.52489
2025-03-16,355.0640154,43651875288.57851
2025-03-17,554.81400913,67861928480.78842
2025-03-18,604.81515553,73585329524.31049
2025-03-19,526.81562659,64291996889.22941
2025-03-20,877.79714542,110343170563.50128
2025-03-21,500.09624789,62245246179.83328
2025-03-22,204.24245497,25393499450.1176
2025-03-23,244.29736119,30472922554.49354
2025-03-24,594.52734643,76363459384.10184
2025-03-25,576.56601272,74345925153.25658
2025-03-26,526.24741376,67996845232.27354
2025-03-27,486.9361415,62555715118.56435
2025-03-28,625.68913864,79589971789.69241
2025-03-29,536.70067216,66652437499.83894
2025-03-30,286.2731038,35428610150.31734
2025-03-31,564.73421477,69207373431.71889
2025-04-01,628.43309767,77899107401.9836
2025-04-02,648.93294746,81773663248.00906
2025-04-03,1383.95295332,173048462790.50693
2025-04-04,972.53753572,119076737727.2814
2025-04-05,549.57239118,67779267243.0204
2025-04-06,290.07410713,35592005195.39164
2025-04-07,2923.06919762,340694742756.99347
2025-04-08,1139.82974049,134802636353.33415
2025-04-09,1555.13697538,179147072137.28885
2025-04-10,1535.76683118,185354766505.04346
2025-04-11,982.28288284,116960046747.52805
2025-04-12,570.11317812,69339565634.1375
2025-04-13,631.02324789,77704997288.38545
2025-04-14,708.45939566,86829624230.02019
2025-04-15,680.80371185,84137750835.0586
2025-04-16,616.14405786,75294172989.81522
2025-04-17,539.7935497,65969495889.34496
2025-04-18,311.72722099,38218594103.16902
2025-04-19,213.82457278,26258996330.90195
2025-04-20,277.04485044,33921778062.35866
2025-04-21,947.57197668,118329791927.53674
2025-04-22,966.4852307,123200957502.58113
2025-04-23,1392.84164045,185303881155.52515
2025-04-24,799.11223499,106557646440.18303
2025-04-25,733.70694739,99270930482.72997
2025-04-26,494.02226486,67491319731.73703
2025-04-27,358.32242321,48811513736.41056
2025-04-28,662.43799676,89994957828.00146
2025-04-29,514.15147377,70205441125.02536
2025-04-30,615.19769789,83734742597.12347
2025-05-01,639.2199612,87807188634.6189
2025-05-02,758.15807769,105464399168.94453
2025-05-03,286.23625181,39529069818.0063
2025-05-04,212.25539095,29182149469.0546
2025-05-05,564.4777267,76082816001.75896
2025-05-06,365.2035332,49050022567.52887
2025-05-07,574.14745835,78509792556.28555
2025-05-08,946.25000661,131576551336.69781
2025-05-09,1434.14912384,206335369839.10303
2025-05-10,430.88001886,62243364153.21059
2025-05-11,654.76052888,94922889501.96664
2025-05-12,855.63000563,124886821482.63785
2025-05-13,791.89602341,114674506531.94849
2025-05-14,632.66220544,92238810215.39787
2025-05-15,593.69298263,85990291061.48665
2025-05-16,633.84119716,92624764805.64288
2025-05-17,432.60398885,63364053610.29519
2025-05-18,397.95407546,58668119649.00995
2025-05-19,1081.10394301,159995659384.46667
2025-05-20,755.33790538,112488658405.17514
2025-05-21,1017.96203244,152841576700.37558
2025-05-22,1643.99428604,251221749443.0207
2025-05-23,1099.20516084,168269809169.60883
2025-05-24,579.34943806,87485971176.86642
2025-05-25,331.48724391,49991175268.66042
2025-05-26,514.93931193,78195635552.78694
2025-05-27,701.00916189,106421106944.06657
2025-05-28,522.53876712,79055794930.93835
2025-05-29,657.74255993,98783161933.88672
2025-05-30,715.51700773,105899575112.71725
2025-05-31,514.00883891,75565106530.6432
2025-06-01,235.65150497,34829963259.21304
2025-06-02,456.0733682,67288394739.26153
2025-06-03,359.79122457,53095980586.38918
2025-06-04,368.44545823,54105280135.30889
2025-06-05,401.9020002,58331605061.83282
2025-06-06,687.13966151,98062951671.60793
2025-06-07,248.82971514,36229502709.77121
2025-06-08,198.54744506,29006946188.67467
2025-06-09,417.45169458,61271578593.26874
2025-06-10,567.05106851,84960842509.95648
2025-06-11,412.77445542,62134301532.93289
2025-06-12,549.72613364,81711872580.06386
2025-06-13,865.93402508,125735435598.85384
2025-06-14,268.26252178,39270872142.27939
2025-06-15,264.87530937,38695083544.67402
2025-06-16,382.43046373,56106114410.72256
2025-06-17,546.54193443,80365590123.51842
2025-06-18,447.55859979,64970867584.41943
2025-06-19,305.19673731,44329730853.01748
2025-06-20,403.83303217,58679913516.49378
2025-06-21,326.68365503,47046561657.27852
2025-06-22,1017.86071177,144378069046.27512
2025-06-23,855.31037246,119965358673.91103
2025-06-24,884.93423182,127925702487.42235
2025-06-25,460.29731229,67493650860.62329
2025-06-26,361.42867999,53296554057.33815
2025-06-27,314.85856018,46278737644.87464
2025-06-28,182.67170108,26880976225.92802
2025-06-29,218.6694659,32293123813.06114
2025-06-30,331.13975846,48804963413.22953
2025-07-01,410.19162381,59817045014.56252
2025-07-02,423.03850329,61760353296.62836
2025-07-03,690.38828584,102494796087.04205
2025-07-04,384.06271583,57016744109.68742
2025-07-05,229.00078342,33793104862.64385
2025-07-06,190.86522349,28229787027.15458
2025-07-07,392.40466344,58171638759.80212
2025-07-08,328.08791163,48519960233.09993
2025-07-09,379.37823165,56343551143.24087
2025-07-10,742.4447227,111835571572.92026
2025-07-11,1695.5655735,266633218173.7261
2025-07-12,722.95671363,114563940463.77003
2025-07-13,506.65879508,81107901601.77477
2025-07-14,1279.447023,210073615891.10352
2025-07-15,1135.67679088,183331019443.46634
2025-07-16,705.89836191,113817589641.20186
2025-07-17,993.13915874,160679710591.66052
2025-07-18,1238.39772518,201374847706.17816
2025-07-19,429.1396991,69235646609.53473
2025-07-20,431.79564962,69709481568.62547
2025-07-21,890.59588111,143412525538.95557
2025-07-22,1056.49907629,169793177348.04355
2025-07-23,713.7374617,115325945292.96242
2025-07-24,1000.95440913,161095708395.669
2025-07-25,1055.97491791,168109774449.905
2025-07-26,445.90046737,71378757667.49522
2025-07-27,242.3121834,39057830674.91861
2025-07-28,503.44177311,81726483722.68152
2025-07-29,538.95475001,87802735430.58064
2025-07-30,386.67227496,62991331519.58784
2025-07-31,478.86038231,78106762441.35745
2025-08-01,1100.55553762,177169847672.76746
2025-08-02,670.85664804,106445851586.73428
2025-08-03,565.97495962,89662280878.97043
2025-08-04,476.84775713,76380029312.6095
2025-08-05,493.38238358,78840578829.37044
2025-08-06,429.20437705,68397971054.86367
2025-08-07,502.71307393,80726041742.82274
2025-08-08,635.58094255,102366778716.13356
2025-08-09,523.21133384,84001910721.92195
2025-08-10,748.18221097,120959523668.20789
2025-08-11,1259.77248262,208196613392.82016
2025-08-12,710.06527528,116539572819.6604
2025-08-13,930.31464209,153039454587.6141
2025-08-14,1732.18580509,288211636040.3942
2025-08-15,665.23037935,109387620445.12003
2025-08-16,416.03609965,68014145251.41696
2025-08-17,251.36781373,41117636728.86388
2025-08-18,821.08421999,132458514711.55746
2025-08-19,618.66937292,99386909316.81592
2025-08-20,841.80182295,133343333649.68823
2025-08-21,507.86922514,80679197893.58871
2025-08-22,951.08764432,151407193720.72244
2025-08-23,889.03529787,142931253912.81406
2025-08-24,370.81727868,59158237460.00226
2025-08-25,1306.96991129,205095147921.70865
2025-08-26,888.97606393,138344594861.6856
2025-08-27,717.57475502,111725470242.20227
2025-08-28,519.58951952,81408561309.53596
2025-08-29,916.18131867,141338089528.90173
2025-08-30,940.46144809,142418957306.66437
2025-08-31,398.99745361,60446583990.38962
2025-09-01,760.73211464,114724513310.48065
2025-09-02,698.2665959,106772446945.35147
2025-09-03,495.48250749,76708540693.81764
2025-09-04,354.09535041,54800177067.17791
2025-09-05,752.51686364,117439156659.6797
2025-09-06,281.07698875,43612675111.06501
2025-09-07,255.74950958,39584964420.47637
2025-09-08,475.27401724,73872820621.80167
2025-09-09,605.56634468,94543613605.34747
2025-09-10,768.94831802,120184766435.04514
2025-09-11,664.22712502,105379741634.55418
2025-09-12,683.67842689,109600180890.46606
2025-09-13,548.52470243,88220033873.07198
2025-09-14,356.74547913,57201748325.81747
2025-09-15,626.60789119,100573936913.61517
2025-09-16,379.49314002,60941338252.8444
2025-09-17,549.35465142,89024875667.03265
2025-09-18,785.24009523,127263268072.89865
2025-09-19,436.63089815,71003743239.08269
2025-09-20,242.0418523,39238438013.51192
2025-09-21,203.55824613,32978707087.66995
2025-09-22,951.42369916,152510458483.82895
2025-09-23,548.04534014,87849501869.9888
2025-09-24,456.5163026,73008996920.4704
2025-09-25,472.86471617,75718472649.82085
2025-09-26,605.96103409,96052684083.51572
2025-09-27,381.8822202,60260964638.40099
2025-09-28,166.11031268,26205850406.3401
2025-09-29,556.59288362,89354355726.15302
2025-09-30,545.43706934,88630329123.90166
2025-10-01,811.95121706,133424135275.59262
2025-10-02,948.700242,159721813866.26505
2025-10-03,722.80464553,123062841563.99316
2025-10-04,879.41338724,152691684774.57193
2025-10-05,1053.13047375,185582622086.5204
2025-10-06,732.7292493,129793918901.67143
2025-10-07,792.02024364,140590726887.2161
2025-10-08,852.03333831,150457673975.02536
2025-10-09,756.99141066,134841969103.98692
2025-10-10,606.23166771,107397405817.78745
2025-10-11,3630.79443322,624847491238.1412
2025-10-12,839.79071926,143104843371.22427
2025-10-13,1086.03021888,188086462487.96646
2025-10-14,975.54217737,165825983461.95468
2025-10-15,622.09179894,105433020220.20595
2025-10-16,670.14401987,112975106015.47185
2025-10-17,1602.82566101,261899664021.62607
2025-10-18,544.45482248,89180682836.66528
2025-10-19,384.20266506,62644745197.45964
2025-10-20,542.54633166,89883343219.55498
2025-10-21,569.50672649,93535872918.57051
2025-10-22,714.14155726,117762505618.63199
2025-10-23,400.76324573,65765427147.78986
2025-10-24,549.67201635,91212892812.7653
2025-10-25,241.70301905,40104385714.64767
2025-10-26,407.58086667,68206324853.46585
2025-10-27,627.35485226,106595693347.69244
2025-10-28,438.53675797,74258860759.56413
2025-10-29,559.8230917,94102687599.49309
2025-10-30,951.60904655,156537328440.2684
2025-10-31,560.25498214,91878196773.82283
2025-11-01,359.2782188,58991300211.11232
2025-11-02,210.49360249,34583906667.97103
2025-11-03,809.18795709,130625510663.96584
2025-11-04,1531.62779709,240384413258.51245
2025-11-05,2040.81570031,307945963174.4983
2025-11-06,801.71302081,124029948756.01512
2025-11-07,767.524121,116012807209.22598
2025-11-08,582.03711053,88964064819.35625
2025-11-09,292.24889105,44515649818.7976
2025-11-10,704.60272663,110329978183.19112
2025-11-11,518.45218749,81248730749.43327
2025-11-12,502.76491393,77945231149.42168
2025-11-13,693.28638295,106363249816.10162
2025-11-14,2034.9960048,300590533810.9563
2025-11-15,822.29825348,119234390054.02147
2025-11-16,487.93701258,70266242773.19252
2025-11-17,1239.46564308,174863017197.55438
2025-11-18,2016.24400188,273487336280.7125
2025-11-19,926.25936114,126819148709.43913
2025-11-20,876.08774272,119000296284.00128
2025-11-21,3008.69750584,382872642044.30334
2025-11-22,899.65882341,114184644779.9232
2025-11-23,938.848438,121747633079.04263
2025-11-24,829.83196419,109102813558.95291
2025-11-25,897.87048298,118310897365.90175
2025-11-26,599.60504722,78308582077.93842
2025-11-27,1196.20194906,161939415797.8869
2025-11-28,735.98074099,100663919141.76988
2025-11-29,456.30640983,62312662640.70839
2025-11-30,377.88386188,51554536275.95992
2025-12-01,1490.61733293,194723796521.77695
2025-12-02,966.06313399,124726572535.328
2025-12-03,1408.47238114,193230825869.88107
2025-12-04,728.28926042,100810044189.50204
2025-12-05,632.44393976,86525105458.36101
2025-12-06,501.58723035,67161276713.85246
2025-12-07,354.36012238,47236681959.59336
2025-12-08,692.40084337,93840464006.46936
2025-12-09,494.58117227,66470307313.87564
2025-12-10,830.17088174,114215948391.28741
2025-12-11,877.31168025,119407248123.63615
2025-12-12,636.21451718,87009041506.6522
2025-12-13,459.13555913,61969997272.47615
2025-12-14,302.0463051,40459031799.46104
2025-12-15,616.22559101,81740548987.17622
2025-12-16,1097.13540027,141491378425.95898
2025-12-17,545.46808338,71029165825.44463
2025-12-18,1020.75321927,132963490336.938
2025-12-19,1160.24173529,149829492617.9607
2025-12-20,541.10012158,70984377504.34775
2025-12-21,324.35834996,42635031153.32921
2025-12-22,669.59855676,88922442204.1858
2025-12-23,700.47798814,92135426304.97073
2025-12-24,640.6136662,82960321994.09268
2025-12-25,225.54879277,29107900529.67754
2025-12-26,520.96171904,67447099482.18311
2025-12-27,277.3761966,35507651353.28245
2025-12-28,148.94492411,19089482483.64138
2025-12-29,726.96206748,93337515637.10718
2025-12-30,392.07578352,49990182444.4015
2025-12-31,435.48677475,56040149169.08775
2026-01-01,222.72594052,28514015534.18427
2026-01-02,454.97686259,58800602896.17131
2026-01-03,562.24895009,73233626395.92963
2026-01-04,391.6797338,51636324274.22852
2026-01-05,679.97876993,91334593383.5628
2026-01-06,739.90795528,100610482421.36153
2026-01-07,630.5692939,84958519824.61353
2026-01-08,582.20198333,77029510832.26115
2026-01-09,392.9141367,52222838847.19335
2026-01-10,319.43878681,42697524985.39057
2026-01-11,109.22029655,14590545774.21676
2026-01-12,605.53363844,81393830628.91083
2026-01-13,550.53751256,74508341171.84895
2026-01-14,934.41324136,130141717484.86185
2026-01-15,792.31334961,112408215105.04907
2026-01-16,423.63818119,59741740388.19856
2026-01-17,256.65300201,36075244917.02124
2026-01-18,183.78979263,25850598910.72415
2026-01-19,705.65966861,97543072464.93997
2026-01-20,555.23944883,75486672352.8183
2026-01-21,830.12913103,110167783476.75711
2026-01-22,684.24192971,90924746709.75508
2026-01-23,422.85896376,56105315560.5168
2026-01-24,318.10812008,42219875671.86163
2026-01-25,264.91521825,34722571876.80187
2026-01-26,741.39439668,95530271128.60356
2026-01-27,553.7647061,71508171883.61923
2026-01-28,458.37687099,59297939279.62265
2026-01-29,580.10252546,74481713451.09004
2026-01-30,1652.83671751,202466792414.3905
2026-01-31,705.75813649,86852472712.15071
2026-02-01,1617.81816039,189382840847.90536
2026-02-02,1705.77155289,193710913621.826
2026-02-03,683.13704373,79239942902.59811
2026-02-04,1297.87655376,145102349223.95477
2026-02-05,2512.08447662,265348382447.6874
2026-02-06,8192.86880345,781556681079.6436
2026-02-07,2326.31196205,239648841131.891
2026-02-08,815.07631154,84561936906.28253
2026-02-09,1586.98199324,165173334116.83252
2026-02-10,1596.49676786,164344179316.4571
2026-02-11,2232.05153258,224125512438.0727
2026-02-12,2378.39833641,235603664270.9074
2026-02-13,2122.35674109,207138576444.91367
2026-02-14,1997.84468047,203277168125.44595
2026-02-15,1905.34253322,196413989259.59943
2026-02-16,926.17443034,94386459591.01913
2026-02-17,718.46157274,72495802502.21408
2026-02-18,879.63283688,87900274720.79076
2026-02-19,849.21488187,83840185124.78596
2026-02-20,770.97762569,76412040670.50172
2026-02-21,588.19696334,58670124306.29733
2026-02-22,406.53497461,40679169194.37316
2026-02-23,1050.55217786,101780309726.64555
2026-02-24,1362.92678569,128037347991.33014
2026-02-25,1327.5260931,126321111244.94135
2026-02-26,1858.59935173,182848051789.04257
2026-02-27,1161.79838846,112766115525.98071
2026-02-28,1149.32482907,108619553725.58507
2026-03-01,913.02891477,88782037575.39317
2026-03-02,847.19010883,81956683329.70607
2026-03-03,1404.69279395,140530280604.74747
2026-03-04,1629.16828049,166199985036.77545
2026-03-05,1283.05138362,135989585923.99722
2026-03-06,864.29238024,89466022568.08105
2026-03-07,508.46680043,51172360794.96398
2026-03-08,394.64488132,39290062894.07092
2026-03-09,894.17934097,89014629636.99141
2026-03-10,827.22469716,84682637030.82306
2026-03-11,671.73827406,68951369164.5593
2026-03-12,581.30529439,59687144546.97599
2026-03-13,1067.57916836,112328712546.49602
2026-03-14,486.88489,51027658020.72451
2026-03-15,328.02499464,34510148302.05737
2026-03-16,1084.37756455,116680116573.66066
2026-03-17,1280.37121241,140631680330.96994
2026-03-18,787.28580293,85340764986.27428
2026-03-19,953.28866559,99991192220.38997
2026-03-20,582.85995072,60995246398.39641
2026-03-21,336.14328329,35429325125.77228
2026-03-22,528.48983388,54861041515.02399
2026-03-23,1044.85689564,108716811540.18121
2026-03-24,573.95309731,60355366340.50161
2026-03-25,667.82508995,70608183594.05165
2026-03-26,618.54323521,65201255757.18172
2026-03-27,1391.86215927,142613543692.6289
2026-03-28,520.48359009,52372807295.41442
2026-03-29,285.24749597,28879236141.49187
2026-03-30,591.25927095,60179820597.70122
2026-03-31,774.27609182,79136515846.365
2026-04-01,579.49365166,59764450049.84878
2026-04-02,677.34654943,69118544620.39194
2026-04-03,322.97478446,32771970372.93453
2026-04-04,108.27562097,11009350602.65878
2026-04-05,162.81842641,16591029271.06847
2026-04-06,650.50218201,67680882535.51736
2026-04-07,507.7084119,52748518078.07379
2026-04-08,1018.57083958,108065249103.90076
2026-04-09,402.61808794,42642257443.01976
2026-04-10,720.35057071,77231505756.47607
2026-04-11,366.23874781,39663105347.71798
2026-04-12,575.32045372,61697531650.69991
2026-04-13,396.83192574,42101396758.68301
2026-04-14,950.20402689,104213160720.89949
2026-04-15,601.19028927,66181937148.55804
2026-04-16,672.56157362,74004774585.86063
2026-04-17,953.82466406,106615154605.94633
2026-04-18,675.15000787,76652860391.82347
2026-04-19,400.86122048,45009562640.15484
2026-04-20,603.39718762,67069440522.10296
2026-04-21,552.01090498,62108746974.31808
2026-04-22,883.35166754,101167127546.37724
2026-04-23,745.53517836,86501575149.3857
2026-04-24,538.92526071,62509852070.71924
2026-04-25,242.1524729,27979846001.74745
2026-04-26,248.49597259,28765675027.90096
2026-04-27,681.75599944,79316958524.66313
2026-04-28,608.2765653,69513326597.3871
2026-04-29,409.92154953,46817809015.15224
2026-04-30,449.18917439,50874224975.02508
2026-05-01,387.83628676,44659412787.19455
2026-05-02,238.10699093,27641624675.90023
2026-05-03,222.08090638,25875479589.28987
2026-05-04,799.75113721,93925867965.78288
2026-05-05,805.70085737,96218157775.43816
2026-05-06,748.16217639,89849234279.29323
2026-05-07,492.66833811,58682855895.43293
2026-05-08,439.29101969,51805409936.36672
2026-05-09,250.12830372,29582034580.77737
2026-05-10,186.04423144,22138557871.87173
2026-05-11,725.72316236,86698604050.66586
2026-05-12,494.40069367,59283751498.63513
2026-05-13,510.16447983,60902319022.41567
2026-05-14,548.91417477,64842112936.41339
2026-05-15,827.37637952,98971310806.47334
2026-05-16,428.24294374,50126734504.29968
2026-05-17,214.25176581,24982107665.21478
2026-05-18,959.92333944,110215802213.77194
2026-05-19,796.20574757,90882374300.58311
2026-05-20,371.40229475,42592760507.61772
2026-05-21,354.85998854,40879255637.08642
2026-05-22,264.66438392,30491420102.42077
2026-05-23,505.32482576,57131444734.95393
2026-05-24,334.67899418,38371568633.35453
2026-05-25,224.902465,25902400804.36275
2026-05-26,400.14368267,45774341625.41343
2026-05-27,663.79567351,74402303135.88368
2026-05-28,811.92186945,88503154601.65137
2026-05-29,469.4798644,50920622970.94839
2026-05-30,258.89013326,28239539064.67191
2026-05-31,188.75160804,20656496722.18713
2026-06-01,824.15466177,88284882455.82977
2026-06-02,1182.65781614,121338966430.48824
2026-06-03,1165.787786,115458515953.19638
2026-06-04,1698.60901993,161248919630.94373
2026-06-05,1059.70099012,99463709361.5957
2026-06-06,1129.09258619,104251927593.07338
2026-06-07,612.06449125,57418308182.79695
2026-06-08,721.18948883,68535679021.53678
2026-06-09,547.06898838,51519623303.53435
2026-06-10,530.01588716,48990209702.192
2026-06-11,446.43835776,41865196733.49337
2026-06-12,424.88358248,40519214551.0829
2026-06-13,235.27904768,22641808804.17392
2026-06-14,296.80113065,28855424717.84652
2026-06-15,715.01465286,70649831632.2143
2026-06-16,564.67626772,56277224703.06804
2026-06-17,386.37978323,37960604888.95564
2026-06-18,613.11194055,59610792779.17832
2026-06-19,577.84983824,54817925109.92701
2026-06-20,252.73311336,24264741125.38746
2026-06-21,220.01822267,21339539567.53601
2026-06-22,432.02645406,41895465354.38129
2026-06-23,437.68827272,41773172406.76233
2026-06-24,368.50433776,34688531900.88244
2026-06-25,968.67665309,88629371452.79872
2026-06-26,755.41782704,68275570376.68152
2026-06-27,247.02560928,22548716362.10891
2026-06-28,168.84561743,15434709240.35845
2026-06-29,559.86185568,50707727820.85544
2026-06-30,516.33054371,46667715822.62464
