Date,volume_btc,trade_value_krw,BTC_KRW
2022-03-01,10899.50680906,580017405666.1804,53790000.0
2022-03-02,7651.79638878,410042464654.7711,53359000.0
2022-03-03,5670.32573658,298403705749.9444,51842000.0
2022-03-04,8201.72698722,411649625542.0779,48450000.0
2022-03-05,4946.11710435,238916280699.47223,48605000.0
2022-03-06,4817.15746101,231568105039.18558,47745000.0
2022-03-07,6885.29874129,327977721102.5802,47415000.0
2022-03-08,4764.73953357,229182242873.09155,48213000.0
2022-03-09,9356.85430436,479357538041.31586,51570000.0
2022-03-10,10019.04392316,494328772058.5832,48917000.0
2022-03-11,7089.91274091,345465440083.8288,48315000.0
2022-03-12,2697.3021978,131418547496.89621,48500000.0
2022-03-13,4109.28591186,198434298602.69345,47510000.0
2022-03-14,6352.92355068,306727422441.91864,49171000.0
2022-03-15,5609.76874722,271852039162.99026,48640000.0
2022-03-16,12621.47055692,628482964168.743,50389000.0
2022-03-17,6441.90030738,323349085571.79724,50069000.0
2022-03-18,6364.18693386,319119972074.8756,50770000.0
2022-03-19,5016.39241849,255391353100.587,51245000.0
2022-03-20,4050.02865173,205914406605.1418,50462000.0
2022-03-21,4418.7158295,221912265997.20813,50128000.0
2022-03-22,8395.36748077,433481110248.89,51704000.0
2022-03-23,5293.40295388,273158203021.73694,52138000.0
2022-03-24,7289.94185362,382789038401.1927,52966000.0
2022-03-25,5670.82751458,303815424407.88043,53791000.0
2022-03-26,3333.05874444,179588672016.24872,53902000.0
2022-03-27,5341.02371604,292027317612.86926,55949000.0
2022-03-28,6374.43514602,361568618614.51605,56914000.0
2022-03-29,6629.17847063,378907479327.83264,56985000.0
2022-03-30,4136.11449268,234529415255.21085,56620000.0
2022-03-31,5141.56326564,290425399182.101,55352000.0
2022-04-01,6752.64535556,373769566768.1517,56369000.0
2022-04-02,3882.90202767,219803855319.6424,56050000.0
2022-04-03,3818.05603689,216198441541.75647,56639000.0
2022-04-04,5916.74018564,333784681103.21405,57055000.0
2022-04-05,4627.20865106,262969075152.23587,56155000.0
2022-04-06,6776.51882585,371677583452.9044,53072000.0
2022-04-07,5354.28937148,287115749510.7967,53814000.0
2022-04-08,5123.92239629,276079923582.83856,52934000.0
2022-04-09,2253.81675285,119522891228.52135,53258000.0
2022-04-10,2289.32077614,121721077484.73825,52819000.0
2022-04-11,5382.92604992,277983876671.78253,50050000.0
2022-04-12,4730.16465608,238179333127.62677,50577000.0
2022-04-13,3335.41327752,169540794582.5969,51700000.0
2022-04-14,3240.36835635,165648379824.71838,50245000.0
2022-04-15,2259.85843932,113924498278.0374,50850000.0
2022-04-16,1285.87810755,65131786307.86627,50567000.0
2022-04-17,1643.27108853,82769167197.80688,49962000.0
2022-04-18,3977.64433157,197866042963.1782,50839000.0
2022-04-19,2813.97753901,144033858428.94022,51458000.0
2022-04-20,2789.56353665,144036924649.38208,51388000.0
2022-04-21,4540.57112095,235868137067.6446,50805000.0
2022-04-22,3309.37626968,166518417330.12607,49937000.0
2022-04-23,1905.14689765,94878858638.68283,49742000.0
2022-04-24,1658.61740843,82647094726.2008,49620000.0
2022-04-25,4209.03760158,208005727805.6377,50614000.0
2022-04-26,4171.12409784,207571264467.196,48777000.0
2022-04-27,2774.3964679,136961777571.22733,49954000.0
2022-04-28,3157.48982507,159373732264.9677,50580000.0
2022-04-29,2848.95745884,142344434036.42245,49731000.0
2022-04-30,2078.6985343,103247900534.68933,49283000.0
2022-05-01,2882.99454014,141630925351.43323,49383000.0
2022-05-02,2614.56355974,129931613441.11748,49520000.0
2022-05-03,2755.30931499,135666989657.8908,48777000.0
2022-05-04,3904.11622031,194729783161.73004,50616000.0
2022-05-05,6259.76119967,304844986974.6226,47647000.0
2022-05-06,4073.14582751,191194804926.25415,47031000.0
2022-05-07,1727.39505839,80649441505.52292,46507000.0
2022-05-08,4109.81944036,186618124663.34042,44770000.0
2022-05-09,8307.10609305,356443725580.1086,41002000.0
2022-05-10,12076.37492996,501966820215.2406,41046000.0
2022-05-11,31967.29718725,1328765297059.545,40290000.0
2022-05-12,23389.06342749,911518039693.9376,39243000.0
2022-05-13,12398.91880053,498373949608.00916,39270000.0
2022-05-14,5512.19561961,217008793733.08148,39967000.0
2022-05-15,4277.65503384,170672551261.52905,40906000.0
2022-05-16,5678.83385342,224370405726.56384,39256000.0
2022-05-17,5356.75318186,210535941107.40146,39259000.0
2022-05-18,6367.45223,243086612601.30344,37099000.0
2022-05-19,6407.34186752,242974605150.87173,38780000.0
2022-05-20,5865.61037606,225269617988.79233,37762000.0
2022-05-21,2813.64815039,106779412306.24332,38037000.0
2022-05-22,3336.52070723,128577550743.85239,38933000.0
2022-05-23,4947.2210493,190334640537.41727,37436000.0
2022-05-24,3823.78536764,142910723625.20737,37827000.0
2022-05-25,3871.09133713,147137682970.50873,37935000.0
2022-05-26,5202.30433331,195505091618.82016,37662000.0
2022-05-27,4373.88537069,162036860622.9899,36837000.0
2022-05-28,1931.8459728,71361163243.76425,37034000.0
2022-05-29,1712.65014609,63691223300.73744,37380000.0
2022-05-30,5467.46003665,211274731621.14108,39550000.0
2022-05-31,6442.97998078,256308491503.18982,39923000.0
2022-06-01,6304.81427285,245744047452.18063,37880000.0
2022-06-02,2899.34567262,110236787826.56088,38392000.0
2022-06-03,3606.94746991,137238868186.18251,37851000.0
2022-06-04,1401.3122846,53025106657.57351,37916000.0
2022-06-05,1320.2216869,49985999685.45281,37972000.0
2022-06-06,4372.22457945,172041848037.47153,39532000.0
2022-06-07,7886.33246816,303250155093.7022,39398000.0
2022-06-08,5152.82944355,199350471018.1796,38581000.0
2022-06-09,2945.15078326,113235233678.05505,38256000.0
2022-06-10,4429.21478893,168289151399.8374,37611000.0
2022-06-11,4509.66118809,167988296425.94037,37058000.0
2022-06-12,6146.33187376,219859784066.75397,34718000.0
2022-06-13,21092.06419942,668025770993.4442,29372000.0
2022-06-14,19487.81540886,561772913986.8145,28829000.0
2022-06-15,20040.69089176,559000697514.428,29253000.0
2022-06-16,10897.12712035,305925822885.83704,26898000.0
2022-06-17,8254.74720985,224342676396.38416,27010000.0
2022-06-18,17021.37137859,433108212679.0678,25093000.0
2022-06-19,15039.09542323,381029060910.1559,26642000.0
2022-06-20,12451.16444339,329953094202.11145,26643000.0
2022-06-21,10207.59720614,278469858805.06476,26967000.0
2022-06-22,7880.69810885,209447520551.6528,26193000.0
2022-06-23,11674.89801533,313542284234.99506,27419000.0
2022-06-24,13388.89574771,367520475760.64056,27597000.0
2022-06-25,6225.32828277,172243806128.06155,27832000.0
2022-06-26,5447.10131764,151630980878.5098,27460000.0
2022-06-27,5752.80718136,157291687583.22983,27039000.0
2022-06-28,5406.3616699,145708709679.6057,26547000.0
2022-06-29,9223.20252083,243859022578.08624,26548000.0
2022-06-30,11478.34480571,292542947043.12994,26003000.0
2022-07-01,10667.06530912,276372951294.9279,25556000.0
2022-07-02,3585.12725415,91226992257.78572,25463000.0
2022-07-03,4004.47295514,101635661159.56302,25422000.0
2022-07-04,6263.45644496,161102938742.25455,26399000.0
2022-07-05,8426.86858306,221921937084.71182,26548000.0
2022-07-06,5929.70297686,157481305869.87643,26954000.0
2022-07-07,8756.63987596,239026770404.97253,28115000.0
2022-07-08,10799.53960874,307025282628.8606,28241000.0
2022-07-09,4557.63927433,128523821796.09229,28200000.0
2022-07-10,5010.69690978,138733984074.7209,27317000.0
2022-07-11,5812.7656968,156475302283.7503,26460000.0
2022-07-12,5167.36529415,135294867708.1206,25723000.0
2022-07-13,8364.96759425,216442044153.6275,26611000.0
2022-07-14,6982.83175399,186298867158.77097,27135000.0
2022-07-15,6257.93313595,171512370994.4794,27518000.0
2022-07-16,5336.1088057,147797725204.19852,27857000.0
2022-07-17,6347.36604649,177769552412.64807,27505000.0
2022-07-18,13859.74527805,398300909441.9459,29322000.0
2022-07-19,14595.94785594,432241993220.26056,30660000.0
2022-07-20,12434.44375652,385272873489.7735,30505000.0
2022-07-21,10664.60764073,322028032629.59186,30415000.0
2022-07-22,7607.90890932,232744416254.30316,30080000.0
2022-07-23,5699.5983605,169985086874.11963,29722000.0
2022-07-24,5186.69159558,154939287726.8473,29818000.0
2022-07-25,8196.41047121,238652164946.97098,28555000.0
2022-07-26,6394.87499911,179987450702.74982,28401000.0
2022-07-27,8326.59445286,242209334669.88464,30202000.0
2022-07-28,10600.62751364,324567126698.1468,31217000.0
2022-07-29,9751.91139782,306877006552.7374,31404000.0
2022-07-30,7360.05975571,234009470197.65198,31281000.0
2022-07-31,7085.40894364,221746679600.18268,30751000.0
2022-08-01,6632.83303678,203970347823.3757,30851000.0
2022-08-02,7603.47582952,232698286944.98627,30754000.0
2022-08-03,6104.35808879,188719530349.60205,30708000.0
2022-08-04,5092.11116051,156029549309.207,30315000.0
2022-08-05,5525.87043361,169447786524.08502,30767000.0
2022-08-06,2650.63355937,81425112951.89291,30534000.0
2022-08-07,2514.51503225,77019180215.84589,30685000.0
2022-08-08,5716.18441331,179948905273.3112,31459000.0
2022-08-09,5607.51268342,174857808256.07858,30997000.0
2022-08-10,8806.55797536,276307461064.625,31583000.0
2022-08-11,9244.45685127,298863622797.97766,31770000.0
2022-08-12,8387.04392221,267506311075.9209,32368000.0
2022-08-13,4388.33032231,143160548469.4298,32562000.0
2022-08-14,6387.19826642,208971917597.303,32544000.0
2022-08-15,6914.8075927,226008853379.95538,32445000.0
2022-08-16,4179.74642172,134649200360.7835,32082000.0
2022-08-17,5812.24927668,185426079807.862,31547000.0
2022-08-18,2950.43773428,93394051416.17296,31720000.0
2022-08-19,11796.61947017,354714117159.2484,28678000.0
2022-08-20,5295.31161819,154372033844.43927,29340000.0
2022-08-21,3786.40688642,111313729260.53806,29459000.0
2022-08-22,4297.80375186,125494897056.34212,29260000.0
2022-08-23,3763.61382345,109821061058.27287,29307000.0
2022-08-24,3125.56012147,91431871249.1678,29104000.0
2022-08-25,3452.12199237,101201648467.01949,29300000.0
2022-08-26,7729.24670505,222906367027.81876,27969000.0
2022-08-27,3125.25646287,86963182786.77777,27739000.0
2022-08-28,2480.82358668,68413346182.69284,27099000.0
2022-08-29,3709.53491351,102229321499.59357,27792000.0
2022-08-30,4229.54737089,117154442399.73819,27314000.0
2022-08-31,3677.29907389,101805940867.42548,27530000.0
2022-09-01,3585.51130768,98555665886.7322,27636000.0
2022-09-02,3667.65760467,101532094745.71394,27571000.0
2022-09-03,1868.62894153,51373788619.60471,27447000.0
2022-09-04,1823.70402927,49935020084.01973,27528000.0
2022-09-05,3528.46820144,96597927685.97044,27309000.0
2022-09-06,8145.67658457,220653038140.5346,26361000.0
2022-09-07,5757.55932075,152753275129.61255,26810000.0
2022-09-08,4259.43244539,114299755054.95776,26887000.0
2022-09-09,9802.80413791,279964481183.08813,29350000.0
2022-09-10,5736.67505696,168836480144.08762,29727000.0
2022-09-11,3688.60048846,109635972850.14722,30028000.0
2022-09-12,7642.56603339,232343692738.235,30656000.0
2022-09-13,15229.11580906,451810008614.8326,28371000.0
2022-09-14,8716.78268528,247271041270.23514,28344000.0
2022-09-15,6939.77703727,195627680377.5866,28024000.0
2022-09-16,5350.8370115,149166663031.6244,27915000.0
2022-09-17,3240.10043653,90962723366.98038,28174000.0
2022-09-18,4018.15031347,111684122369.5478,27490000.0
2022-09-19,9719.59411004,261036423103.05676,27566000.0
2022-09-20,5253.12223798,142380132917.12753,26757000.0
2022-09-21,9250.11876736,249412571329.63596,26538000.0
2022-09-22,5953.98909369,161447348659.75824,27572000.0
2022-09-23,7237.64208747,197579982083.18936,27594000.0
2022-09-24,2902.69643769,79497771143.62138,27270000.0
2022-09-25,2488.11130047,67830234775.315,27051000.0
2022-09-26,4639.44616128,127050448051.4524,27597000.0
2022-09-27,11326.09517744,319136537626.8621,27501000.0
2022-09-28,7772.21243875,214191020039.02698,27952000.0
2022-09-29,6460.93157873,180040554490.9342,28033000.0
2022-09-30,6867.90245601,193003164789.35318,27924000.0
2022-10-01,2546.82511672,70954974472.5078,27868000.0
2022-10-02,3079.76956148,85545876530.29362,27691000.0
2022-10-03,3956.10964039,110671195709.21011,28299000.0
2022-10-04,5533.81706516,158534948897.20932,28980000.0
2022-10-05,5152.71568006,147816772453.40317,28721000.0
2022-10-06,4801.18768165,137349502267.4623,28418000.0
2022-10-07,5416.37859178,152011960410.50436,27805000.0
2022-10-08,2106.94531415,58568308272.54694,27743000.0
2022-10-09,1640.58178291,45515986562.08575,27679000.0
2022-10-10,4196.41533705,115900538932.09181,27401000.0
2022-10-11,3732.94000305,102219516094.35872,27339000.0
2022-10-12,2101.42661527,57574795545.87141,27460000.0
2022-10-13,8203.95839502,222277657967.64612,27810000.0
2022-10-14,5280.08123901,148190762947.29398,27660000.0
2022-10-15,1863.65198088,51459862485.05421,27524000.0
2022-10-16,1613.23153145,44583425422.02929,27655000.0
2022-10-17,3325.59179617,92642089152.88167,27993000.0
2022-10-18,3645.54686846,101833511876.60257,27812000.0
2022-10-19,3160.61602939,87417949567.93259,27657000.0
2022-10-20,2683.2479925,73944127659.67822,27505000.0
2022-10-21,2767.62248007,76016880613.55505,27580000.0
2022-10-22,2036.10495024,56235951760.10317,27620000.0
2022-10-23,2722.16975796,75515642883.3644,27981000.0
2022-10-24,3125.3489913,87079836345.68925,27803000.0
2022-10-25,4893.20312894,137804124211.57245,28494000.0
2022-10-26,5979.87612062,173488898127.12695,29079000.0
2022-10-27,5172.49423341,149863792429.01614,28590000.0
2022-10-28,3424.86186466,98435976522.9078,28958000.0
2022-10-29,6211.37653974,181410545343.46017,29091000.0
2022-10-30,3137.06875888,91332005443.68755,28957000.0
2022-10-31,3780.01775723,109126492407.11536,28778000.0
2022-11-01,2933.71664252,84430214876.02364,28749000.0
2022-11-02,7547.86136867,217669276832.28488,28632000.0
2022-11-03,6757.69291375,194086875436.71292,28693000.0
2022-11-04,7964.11785191,231718138685.04376,29388000.0
2022-11-05,5550.07970205,164967206076.35477,29756000.0
2022-11-06,3135.46538779,93055406232.24623,29473000.0
2022-11-07,5212.34471889,152159017524.60736,28945000.0
2022-11-08,21680.49236147,594772236555.9027,26650000.0
2022-11-09,22296.85265068,552715932088.8374,22919000.0
2022-11-10,20710.2527776,498017206404.5683,24779000.0
2022-11-11,12736.12608371,303749422827.73645,23656000.0
2022-11-12,4753.99237337,111007195542.84412,23380000.0
2022-11-13,7169.9512786,164599384311.13092,22510000.0
2022-11-14,13460.02192864,301879477005.36584,22701000.0
2022-11-15,6064.33492986,139067228426.62408,23003000.0
2022-11-16,4821.31903186,110303866991.65161,22954000.0
2022-11-17,3192.69376433,72904673241.5205,22982000.0
2022-11-18,3545.61958418,81843191220.82385,23061000.0
2022-11-19,2254.61082489,51938225975.36801,23081000.0
2022-11-20,4008.06831163,92051907651.90707,22788000.0
2022-11-21,5410.35456693,121611325051.6873,22220000.0
2022-11-22,4830.10682581,107901365116.02403,22584000.0
2022-11-23,4524.89351291,103606008888.91022,22985000.0
2022-11-24,4151.70054394,94860806308.04427,22738000.0
2022-11-25,3000.13344954,67806317145.13777,22676000.0
2022-11-26,2148.77580606,48865893597.60411,22660000.0
2022-11-27,1989.05113784,45175559593.41976,22646000.0
2022-11-28,3579.0905705,80214477852.49315,22339000.0
2022-11-29,2523.90821039,56647764932.03546,22417000.0
2022-11-30,4690.57520524,107572115829.88625,23192000.0
2022-12-01,3278.51519679,75761071316.25665,23002000.0
2022-12-02,2707.54917012,61755977181.29832,22877000.0
2022-12-03,1361.73087278,31071194370.80245,22830000.0
2022-12-04,1690.07399271,38661404072.01502,22906000.0
2022-12-05,3649.93086302,83776335468.46335,22725000.0
2022-12-06,2826.97261012,64445480751.08888,22821000.0
2022-12-07,3381.14787642,76371819695.76631,22544000.0
2022-12-08,2658.30122236,60238648327.07826,22918000.0
2022-12-09,2349.72627368,53715032551.87096,22849000.0
2022-12-10,1339.76576612,30646589950.31205,22831000.0
2022-12-11,1591.84902453,36350568859.08237,22775000.0
2022-12-12,2436.29764131,55084524506.98965,22824000.0
2022-12-13,5226.52781477,120675670374.52821,23161000.0
2022-12-14,4041.5227297,94660482356.09254,23235000.0
2022-12-15,2875.73302095,66575698319.03985,22942000.0
2022-12-16,4660.97070297,105208954880.86823,22249000.0
2022-12-17,2908.95281168,64427612392.71,22230000.0
2022-12-18,1889.62079373,41937018170.19222,22210000.0
2022-12-19,3169.23383434,69541093991.05164,21654000.0
2022-12-20,3084.65713734,67692054188.20535,22011000.0
2022-12-21,2014.94764474,44278935561.9677,21943000.0
2022-12-22,2511.79402989,54875642301.51455,21891000.0
2022-12-23,2253.90628813,49294615581.36731,21872000.0
2022-12-24,1191.82030528,26154354236.02704,21951000.0
2022-12-25,2041.54109032,44679760075.21453,21848000.0
2022-12-26,2548.57785278,55317974480.44335,21702000.0
2022-12-27,2842.5245103,61104995860.59271,21321000.0
2022-12-28,3151.28076106,66752520284.17612,21061000.0
2022-12-29,2464.45782163,51975879184.91669,21201000.0
2022-12-30,2699.07221598,56577073269.74001,21070000.0
2022-12-31,2960.90009546,62530539957.20474,21079000.0
2023-01-01,1486.46755344,31357935910.19095,21123000.0
2023-01-02,2578.84453056,54848830815.83244,21215000.0
2023-01-03,2097.6153058,44770082696.67454,21351000.0
2023-01-04,2479.24818185,53380293695.68614,21588000.0
2023-01-05,3563.01023528,76705645075.08919,21575000.0
2023-01-06,3285.37671627,70377645236.41975,21517000.0
2023-01-07,1254.83333687,27012968306.16817,21539000.0
2023-01-08,1541.66935544,33262049871.32534,21704000.0
2023-01-09,3454.03347779,75081619993.3402,21655000.0
2023-01-10,2628.4345643,57169463342.88351,21916000.0
2023-01-11,3066.63549183,67549706544.62822,22485000.0
2023-01-12,7650.90163135,175962676010.68182,23552000.0
2023-01-13,6444.40501392,154690557690.01593,24802000.0
2023-01-14,14303.12399754,368030866312.4087,25881000.0
2023-01-15,4769.18417993,122545469551.98186,25836000.0
2023-01-16,5477.23271265,142897849280.86865,26368000.0
2023-01-17,3964.85483208,104329154969.41342,26255000.0
2023-01-18,8246.64292241,216709523822.4465,25718000.0
2023-01-19,3265.22551081,84733146461.64787,26205000.0
2023-01-20,6019.1130748,161784217903.01144,28026000.0
2023-01-21,7165.77976055,203651446324.33414,28333000.0
2023-01-22,4350.78921131,123705472192.06595,28390000.0
2023-01-23,4463.87685569,127364057503.29642,28609000.0
2023-01-24,6049.39200584,173224437135.9321,28351000.0
2023-01-25,6714.84384155,191320076067.30643,28736000.0
2023-01-26,4523.70646705,130733316295.9879,28930000.0
2023-01-27,4064.65143245,117147910142.96384,28950000.0
2023-01-28,2868.91809477,83196227169.22878,29063000.0
2023-01-29,4907.89247424,144401510689.786,29670000.0
2023-01-30,6952.22920216,202515024393.82462,28706000.0
2023-01-31,4605.2685438,132598526668.83475,29064000.0
2023-02-01,5637.91674767,164241675658.55304,29620000.0
2023-02-02,6298.03336104,187940614654.00766,29600000.0
2023-02-03,4743.68642573,139972789625.38974,29432000.0
2023-02-04,2924.16282953,86210318404.66524,29420000.0
2023-02-05,4235.89074629,123824105226.63141,28990000.0
2023-02-06,12169.80778483,354107452220.50305,29222000.0
2023-02-07,16246.13827362,475483962009.79865,29452000.0
2023-02-08,9798.40627898,288002402545.5411,29303000.0
2023-02-09,12573.15274824,362646648145.8505,28193000.0
2023-02-10,5826.76054517,163802667790.51492,28120000.0
2023-02-11,4616.92676125,130207021603.15524,28377000.0
2023-02-12,3940.50334157,111502012918.171,28263000.0
2023-02-13,5446.98588992,153338937834.53485,28309000.0
2023-02-14,8113.17147525,229702639496.75797,28798000.0
2023-02-15,12911.88082878,381237572340.11993,31186000.0
2023-02-16,12781.37026202,403862542932.8076,30451000.0
2023-02-17,9141.33783666,284422010354.79816,31641000.0
2023-02-18,5267.64033206,167371218399.19144,31789000.0
2023-02-19,8172.91625373,260367151132.84616,31435000.0
2023-02-20,8070.98678492,255795954183.13324,31883000.0
2023-02-21,9416.92852949,301631314333.7034,31736000.0
2023-02-22,7731.25766663,242632365969.1632,31619000.0
2023-02-23,6836.96402152,215198235910.08054,31398000.0
2023-02-24,6775.08622994,210550547313.70023,30877000.0
2023-02-25,4719.68489555,144553236870.77463,30959000.0
2023-02-26,3065.82030173,94938741700.01143,31279000.0
2023-02-27,4718.97425586,147494109455.84756,31255000.0
2023-02-28,3593.40757255,111816782275.1296,31024000.0
2023-03-01,4532.68487609,141609641287.4045,31106000.0
2023-03-02,4579.43771609,142038558936.3464,31109000.0
2023-03-03,7298.81785293,218343539031.64386,29709000.0
2023-03-04,2222.29120474,66213470510.92855,29838000.0
2023-03-05,2189.45390953,65484864544.84753,29982000.0
2023-03-06,2405.78623199,71803338819.88358,29769000.0
2023-03-07,7624.3543545,227062074248.05887,29579000.0
2023-03-08,5501.29398149,161634502890.82196,29023000.0
2023-03-09,9841.87622634,280760039643.61127,27604000.0
2023-03-10,9730.63224025,263312710191.7824,27343000.0
2023-03-11,6228.73937386,171121003248.74008,27737000.0
2023-03-12,6122.0855742,171678983728.68433,29199000.0
2023-03-13,13888.83820988,423405493346.776,31676000.0
2023-03-14,17872.07887712,587877889909.5271,32490000.0
2023-03-15,11093.60434797,362915591045.45746,32511000.0
2023-03-16,6814.43349526,224269789230.2731,33335000.0
2023-03-17,15037.60037165,527068991134.9828,36207000.0
2023-03-18,9300.23174069,336519633509.68085,35767000.0
2023-03-19,7991.51626721,291635366580.8047,37233000.0
2023-03-20,10244.52549002,380937300370.1099,37295000.0
2023-03-21,8735.63835041,324509962964.26984,37221000.0
2023-03-22,10824.6208617,401966237352.42035,36372000.0
2023-03-23,7303.53058862,267745523158.197,37274000.0
2023-03-24,6250.39620254,232253434843.6531,36749000.0
2023-03-25,2977.38039843,109275081736.50278,36750000.0
2023-03-26,3091.03957658,114387729254.38882,37160000.0
2023-03-27,6840.88977652,249875271589.22964,36110000.0
2023-03-28,5170.6862286,184980826507.75577,36026000.0
2023-03-29,6442.79756739,239192644749.08286,37401000.0
2023-03-30,7063.16532492,266205274097.5543,37157000.0
2023-03-31,5856.70049497,218147431537.82828,37540000.0
2023-04-01,2923.33995312,110077447102.04233,37585000.0
2023-04-02,3827.71480818,143258083412.21802,37301000.0
2023-04-03,5344.45562792,198293264588.4846,36814000.0
2023-04-04,3443.09664449,127944475381.00664,37205000.0
2023-04-05,4804.31754606,179846638163.42435,37139000.0
2023-04-06,3265.19567389,120836048137.67725,37058000.0
2023-04-07,2191.38552697,81178209965.33653,36993000.0
2023-04-08,3044.98722943,113009710987.63667,37080000.0
2023-04-09,3846.31215562,142853508974.9475,37313000.0
2023-04-10,6752.314109,256656019241.78787,38985000.0
2023-04-11,8105.88458258,321712753050.3061,40004000.0
2023-04-12,10654.2856421,426143578387.0856,39699000.0
2023-04-13,5171.072562,206204734897.69592,39911000.0
2023-04-14,5561.14402059,222612318707.21445,39804000.0
2023-04-15,1938.56058099,77290046948.21619,39800000.0
2023-04-16,2393.49528179,95129039158.06377,39607000.0
2023-04-17,5420.85725888,211322564966.88364,38700000.0
2023-04-18,4976.83151258,195160536131.7183,39630000.0
2023-04-19,6118.4824719,238289754029.4149,38300000.0
2023-04-20,5515.28188385,209814128286.94632,37672000.0
2023-04-21,5934.6195108,219819426308.00406,36337000.0
2023-04-22,3716.22462639,135958058418.51756,37182000.0
2023-04-23,1942.10468086,71532980980.62617,36802000.0
2023-04-24,3663.66031754,134682438925.48883,36750000.0
2023-04-25,4364.40529023,161727492892.94626,37877000.0
2023-04-26,9856.33566991,379352444364.5263,38017000.0
2023-04-27,6531.80659225,254468276014.8507,39258000.0
2023-04-28,3370.00926689,131889232337.99864,39083000.0
2023-04-29,1753.92555964,68531904105.31125,38965000.0
2023-04-30,3356.94485899,131846575612.99454,39149000.0
2023-05-01,5466.44445352,208928057904.3409,37769000.0
2023-05-02,4771.65437011,181115666950.5752,38405000.0
2023-05-03,5239.85097463,200814215339.22025,38703000.0
2023-05-04,4027.302864,156123459856.3692,38580000.0
2023-05-05,5614.21035517,218659451586.8916,39053000.0
2023-05-06,4471.1849355,173684144504.77588,38677000.0
2023-05-07,2434.47759959,93899192063.5123,38143000.0
2023-05-08,5517.37518721,207033692149.7713,37255000.0
2023-05-09,3678.21436045,136600430249.82959,37150000.0
2023-05-10,4525.28287987,168853647119.2642,37071000.0
2023-05-11,3570.39137727,131340626231.88495,36411000.0
2023-05-12,5478.83968294,196578357782.9867,36341000.0
2023-05-13,1868.0954648,67979133829.2688,36374000.0
2023-05-14,1639.20833071,59726505225.95865,36415000.0
2023-05-15,2671.26583258,98300162815.11125,36632000.0
2023-05-16,2091.33896506,76375961495.13017,36421000.0
2023-05-17,3207.18978344,116588369577.06467,36700000.0
2023-05-18,3396.67093837,123989138250.60954,36240000.0
2023-05-19,2587.51450694,93622400558.22136,36156000.0
2023-05-20,1174.32081928,42561799025.2985,36385000.0
2023-05-21,1573.05946887,57153092941.84137,36051000.0
2023-05-22,2597.92192199,93326194208.90239,35947000.0
2023-05-23,2510.27578792,91284785438.44258,36381000.0
2023-05-24,4471.51960065,159940843941.85303,35452000.0
2023-05-25,3394.73741865,119701229760.28255,35547000.0
2023-05-26,2369.1616222,84409771662.48203,35771000.0
2023-05-27,1922.45483636,68717026294.1557,35824000.0
2023-05-28,3852.9775285,140994739814.59552,37350000.0
2023-05-29,4032.11292852,150323403013.1309,36992000.0
2023-05-30,3280.20536471,121696610670.50859,36914000.0
2023-05-31,3833.61770267,139599376041.70715,36391000.0
2023-06-01,3403.84008073,122585463047.81593,35823000.0
2023-06-02,3129.38244663,112363149210.31906,36089000.0
2023-06-03,1925.56556117,69221217632.57323,35888000.0
2023-06-04,1679.79054823,60341276256.74492,35865000.0
2023-06-05,6815.06312451,237454293743.43423,34298000.0
2023-06-06,5402.99569145,186634047625.04358,35852000.0
2023-06-07,4520.05491026,159664589406.57504,34952000.0
2023-06-08,2370.31995071,83003582914.93372,34996000.0
2023-06-09,2335.69270285,81645858994.77078,34865000.0
2023-06-10,6040.92871542,206800529847.89606,34372000.0
2023-06-11,1754.27310948,60157124442.83195,34345000.0
2023-06-12,2362.40456114,80694211076.02605,34059000.0
2023-06-13,3607.81851265,123075339300.33633,33913000.0
2023-06-14,4128.49087432,138289444374.4248,33007000.0
2023-06-15,3841.66442528,126536496157.63158,33449000.0
2023-06-16,3402.6450261,115189382449.8988,34501000.0
2023-06-17,2597.63649947,90252767869.482,34780000.0
2023-06-18,1583.13965073,54970891902.23803,34466000.0
2023-06-19,2502.20113191,87104793340.02122,35092000.0
2023-06-20,5488.63849039,197248294157.94138,36946000.0
2023-06-21,10873.38440224,418734525316.7651,39135000.0
2023-06-22,6599.23054561,259990593536.83505,39125000.0
2023-06-23,8004.81933949,322774131614.64764,40651000.0
2023-06-24,3933.82560218,160034811596.6366,40659000.0
2023-06-25,4478.46628595,182726918565.72827,40352000.0
2023-06-26,4959.92502999,198612849741.01816,40077000.0
2023-06-27,4130.90265871,166867348632.36288,40585000.0
2023-06-28,2988.75782373,120211163983.36087,40020000.0
2023-06-29,3490.48826462,141777245742.64273,40583000.0
2023-06-30,8585.54386205,348868924510.84,40547000.0
2023-07-01,2709.93708765,110148710237.66788,40691000.0
2023-07-02,2235.26869848,90738583549.27074,40652000.0
2023-07-03,3276.85791261,133826565121.02437,41200000.0
2023-07-04,3230.33213385,132297295113.12662,40610000.0
2023-07-05,3595.75188599,144846374468.03064,40385000.0
2023-07-06,5759.5913,233754843596.7873,39860000.0
2023-07-07,2687.61579838,107607256181.22308,40240000.0
2023-07-08,1299.84963736,52108582785.83458,40153000.0
2023-07-09,1485.27012622,59452578236.03948,39832000.0
2023-07-10,2829.62290954,113228698197.86945,40050000.0
2023-07-11,2541.05729369,101896200770.3168,40117000.0
2023-07-12,3241.64008104,130054585570.22446,39804000.0
2023-07-13,7976.01139394,317548198923.17755,40112000.0
2023-07-14,5755.46123676,228310926497.62164,39092000.0
2023-07-15,2903.65801258,112933801553.45763,38889000.0
2023-07-16,2022.77368422,78716573652.74442,38933000.0
2023-07-17,2582.39550489,100199595903.6282,38742000.0
2023-07-18,2601.55598996,99975576153.02892,38401000.0
2023-07-19,2432.74678152,93724792757.93306,38323000.0
2023-07-20,3246.54052293,125556811845.36774,38567000.0
2023-07-21,2103.13941171,81362364429.71587,38829000.0
2023-07-22,1447.07839081,56067219916.97034,38776000.0
2023-07-23,2211.14927257,85916107563.91911,38945000.0
2023-07-24,4398.31412006,168113088113.97552,37892000.0
2023-07-25,2433.9221882,92057859896.4893,37910000.0
2023-07-26,2477.2628933,93970927659.78053,37918000.0
2023-07-27,3271.72655723,124634073119.6236,37874000.0
2023-07-28,2964.5947422,112303667484.57085,37932000.0
2023-07-29,1180.6781332,44801815216.40174,37901000.0
2023-07-30,2378.17661892,90157027232.44344,37850000.0
2023-07-31,2383.01012579,90563421409.07397,37929000.0
2023-08-01,3035.90069302,114970531784.87755,38642000.0
2023-08-02,3344.79997698,129357299336.96814,38358000.0
2023-08-03,2032.73569956,78153136649.66298,38436000.0
2023-08-04,2256.9466739,87010045473.68465,38492000.0
2023-08-05,2113.69677535,81362884396.19951,38474000.0
2023-08-06,3520.86968381,135926148864.27599,38605000.0
2023-08-07,7095.41631462,273159821065.1873,38622000.0
2023-08-08,3956.68315457,154368199197.16907,39437000.0
2023-08-09,3299.56867529,130305101311.4717,39209000.0
2023-08-10,2713.94553163,106358893196.19308,39119000.0
2023-08-11,1877.91210358,73582617604.95915,39233000.0
2023-08-12,1450.6799782,56930932272.25706,39283000.0
2023-08-13,1323.87308566,51963334856.391,39118000.0
2023-08-14,2247.99874816,88257787754.31268,39288000.0
2023-08-15,3383.23584164,133573144631.2606,39404000.0
2023-08-16,4144.93132559,163196719583.01895,39001000.0
2023-08-17,9224.23479462,347989303093.6362,36588000.0
2023-08-18,9256.75234641,334394799822.6389,35890000.0
2023-08-19,2670.31605801,95846647159.2314,36056000.0
2023-08-20,1654.93693763,59546393015.75887,35949000.0
2023-08-21,2142.99960623,76516804610.68242,35769000.0
2023-08-22,2434.37426024,86694305845.75404,35684000.0
2023-08-23,2242.66645398,80152294407.05554,35941000.0
2023-08-24,1899.01993705,67798438136.98717,35635000.0
2023-08-25,2117.11461503,75050156287.15959,35479000.0
2023-08-26,672.27237906,23834379918.87522,35398000.0
2023-08-27,845.25346452,29946645612.68123,35402000.0
2023-08-28,1815.49057785,64012919015.38614,35335000.0
2023-08-29,6996.57927831,257110367873.9615,37445000.0
2023-08-30,4503.91825355,167176652726.2221,37109000.0
2023-08-31,5086.6186881,186018323204.28284,35502000.0
2023-09-01,5520.94616028,195425846296.82272,35350000.0
2023-09-02,6333.54306521,223346529895.45364,35204000.0
2023-09-03,2810.79936801,99038833087.72752,35308000.0
2023-09-04,3280.50767726,115260695491.68639,35011000.0
2023-09-05,3025.89362339,105913788655.05017,35056000.0
2023-09-06,2111.49981419,73930132719.30736,35029000.0
2023-09-07,1985.80007621,70004865290.15189,35615000.0
2023-09-08,2600.36718222,92224176186.92474,35295000.0
2023-09-09,1238.27863378,43632447689.66779,35280000.0
2023-09-10,1767.33268683,62283181152.08193,35196000.0
2023-09-11,3912.70930088,135719060328.41837,34327000.0
2023-09-12,4685.11366878,164963399198.21454,35077000.0
2023-09-13,3451.70002962,122085333753.20032,35497000.0
2023-09-14,3742.61235483,134018691888.46857,35889000.0
2023-09-15,3336.88755512,119726592404.3971,35928000.0
2023-09-16,2192.88512486,78755069542.96677,35938000.0
2023-09-17,2014.74409253,72102028928.87737,35758000.0
2023-09-18,3943.4175099,142795320939.77386,36000000.0
2023-09-19,3097.74850512,112443927907.9183,36500000.0
2023-09-20,2853.88170307,104079064569.80432,36501000.0
2023-09-21,3438.83869913,124717307648.65225,36012000.0
2023-09-22,2075.65459659,74758845753.72214,35952000.0
2023-09-23,999.55399584,35937760415.94626,35960000.0
2023-09-24,1635.89364001,58720732365.10599,35534000.0
2023-09-25,2877.48269704,101819900456.16415,35491000.0
2023-09-26,2209.87507796,78730861954.60088,35566000.0
2023-09-27,3281.14651657,118005398840.43835,35982000.0
2023-09-28,2834.06267564,103097051929.53302,36596000.0
2023-09-29,1841.58706365,67355567372.47279,36444000.0
2023-09-30,1372.41615254,50218206635.28963,36600000.0
2023-10-01,2733.22252426,101274287532.81406,37789000.0
2023-10-02,4894.78634431,186313583118.01462,37424000.0
2023-10-03,2600.08235706,97326904656.77483,37197000.0
2023-10-04,2387.11196686,89233400444.09496,37595000.0
2023-10-05,2329.61562457,87537921532.34395,37258000.0
2023-10-06,2400.327927,90184643588.37437,37798000.0
2023-10-07,1006.0876418,38115140031.55202,37902000.0
2023-10-08,1880.64238934,71305648926.66829,37929000.0
2023-10-09,3186.87540521,119979036669.32654,37595000.0
2023-10-10,2088.59646744,78432728980.09937,37336000.0
2023-10-11,3302.24816453,121703714693.16171,36671000.0
2023-10-12,1763.26549608,64503382510.69762,36750000.0
2023-10-13,1756.99023804,64841512795.1982,36968000.0
2023-10-14,1222.06533918,45151269085.55234,36790000.0
2023-10-15,1648.56771035,60732500501.17132,37086000.0
2023-10-16,9125.6095245,351913585145.2934,38697000.0
2023-10-17,3189.76773803,123061894306.7804,38652000.0
2023-10-18,2698.75413038,104730562417.98697,38710000.0
2023-10-19,4211.27040526,163821734881.29224,39000000.0
2023-10-20,6455.83376435,257642978882.06818,40250000.0
2023-10-21,2554.62807083,103001454706.26799,40400000.0
2023-10-22,2733.23876209,110397968587.46605,40354000.0
2023-10-23,11111.91639708,470736919769.6222,44179000.0
2023-10-24,17112.17695256,783556734920.041,45599000.0
2023-10-25,7593.96895691,352246450482.9208,46484000.0
2023-10-26,6702.74205085,310796638877.9707,46141000.0
2023-10-27,3075.95792102,141262434266.94745,45980000.0
2023-10-28,2191.55682092,101583770481.7882,46314000.0
2023-10-29,2408.99526887,112427935158.90607,46825000.0
2023-10-30,4138.81726801,193672784728.4677,46732000.0
2023-10-31,4120.3851524,192294569663.80377,47030000.0
2023-11-01,6327.33174114,299411220288.5296,48079000.0
2023-11-02,5972.0703977,285475840328.6736,47516000.0
2023-11-03,4936.17064119,230047830133.99362,46676000.0
2023-11-04,2806.91856547,131307809038.2666,47050000.0
2023-11-05,3392.8399816,159997546547.1882,47056000.0
2023-11-06,3504.69710331,164129100581.59018,46781000.0
2023-11-07,3939.2516709,184409450823.21826,47301000.0
2023-11-08,2949.25778949,139385505114.5386,47458000.0
2023-11-09,11141.9610064,546010947959.2891,49400000.0
2023-11-10,6043.14362454,299708542656.05597,50030000.0
2023-11-11,3533.85638572,175349322990.9461,49629000.0
2023-11-12,3274.7534793,161934761242.51166,49418000.0
2023-11-13,3616.16847856,178810971819.30255,49154000.0
2023-11-14,5902.63410005,288080691020.0241,47969000.0
2023-11-15,6306.63752813,306665869019.82623,50457000.0
2023-11-16,5432.88965934,269149850359.8781,48868000.0
2023-11-17,3480.16145402,170567582593.56808,49390000.0
2023-11-18,1849.64117899,90867746691.93956,49165000.0
2023-11-19,2013.89896514,99286328889.46626,49800000.0
2023-11-20,3173.09186779,158066390992.00266,50170000.0
2023-11-21,5154.0749487,255668303594.71704,48510000.0
2023-11-22,4203.05718026,207585606679.1641,50042000.0
2023-11-23,2375.37097906,118658022255.89616,49929000.0
2023-11-24,3684.13103632,186303047671.0546,50601000.0
2023-11-25,1735.64159119,87821072936.28871,50533000.0
2023-11-26,1931.40729605,97182147445.94131,50210000.0
2023-11-27,2967.23413174,148203533801.63138,50275000.0
2023-11-28,3070.18580271,154384605619.8331,50576000.0
2023-11-29,2831.02552019,143915341326.90656,50720000.0
2023-11-30,2773.4807392,140498847764.6817,50586000.0
2023-12-01,4022.03933345,206684690132.80362,51709000.0
2023-12-02,2689.11690841,139928155615.26788,52603000.0
2023-12-03,3551.85450167,188420442100.16516,53700000.0
2023-12-04,11395.02751964,634928029492.8329,56920000.0
2023-12-05,9996.25271209,580788211507.9005,60227000.0
2023-12-06,8840.70990951,533639805638.3533,60314000.0
2023-12-07,8318.92475677,496929423027.319,59250000.0
2023-12-08,5252.13320218,312888965810.0667,60142000.0
2023-12-09,3528.90759303,212176303316.26273,60082000.0
2023-12-10,2575.29471124,154503668158.04605,59835000.0
2023-12-11,11981.70048829,690921164445.8722,56950000.0
2023-12-12,8005.13993037,461428661644.5635,57605000.0
2023-12-13,5623.2041578,326097648745.7368,59056000.0
2023-12-14,4548.14813078,267479933082.30008,58735000.0
2023-12-15,3771.61724969,220131142067.4275,58028000.0
2023-12-16,2546.60255462,147866504293.10175,57935000.0
2023-12-17,3121.98161119,179292490567.81885,56710000.0
2023-12-18,9358.51829274,526899459317.0283,58130000.0
2023-12-19,4742.2058516,276210220545.6467,57845000.0
2023-12-20,6248.37736262,367164134039.18427,59351000.0
2023-12-21,4490.29798433,267069048287.66504,59479000.0
2023-12-22,4790.38513967,285751504134.6063,59532000.0
2023-12-23,2340.10844959,138939077714.4067,59250000.0
2023-12-24,3729.33358016,220016987575.62384,58002000.0
2023-12-25,4687.20889184,272132952454.451,58042000.0
2023-12-26,4735.23025583,270822789242.3728,57032000.0
2023-12-27,3965.8428233,227009564284.49377,57920000.0
2023-12-28,3958.81673633,226957310350.44257,56907000.0
2023-12-29,4273.27071779,241957208417.80063,56450000.0
2023-12-30,2301.72482929,130136720731.60126,56639000.0
2023-12-31,2308.38316024,131519480295.09232,57047000.0
2024-01-01,3165.32092908,182491217914.30185,58839000.0
2024-01-02,8221.19868374,495038780463.7768,60206000.0
2024-01-03,16310.30692586,945841183535.2499,58581000.0
2024-01-04,6254.53768656,366025648066.8456,59477000.0
2024-01-05,4822.3896766,284352418527.13806,59351000.0
2024-01-06,2482.6262327,146681858163.83517,59329000.0
2024-01-07,3285.09256035,195332894541.23975,59108000.0
2024-01-08,11161.48689391,677313414712.9883,63010000.0
2024-01-09,9882.55128738,617115004717.8223,62014000.0
2024-01-10,16442.71360776,1023312951596.1451,63621000.0
2024-01-11,14392.35118741,923979801876.3722,63550000.0
2024-01-12,11517.51602146,705250093415.7546,59435000.0
2024-01-13,5542.07595015,326997534585.3025,58968000.0
2024-01-14,3950.54738176,230963494089.2534,57391000.0
2024-01-15,3967.32180816,231794647049.94147,58354000.0
2024-01-16,3748.9674189,220847570069.63248,59196000.0
2024-01-17,2837.33448993,166684664128.92538,58776000.0
2024-01-18,4268.88383965,247274595060.62836,57284000.0
2024-01-19,5634.88177074,319935326045.1161,57739000.0
2024-01-20,2127.46454183,122466062930.22649,57517000.0
2024-01-21,2003.6715815,115423278977.731,57387000.0
2024-01-22,6334.41138362,354946267211.27905,54689000.0
2024-01-23,7696.9657732,417612365974.9237,55389000.0
2024-01-24,3615.04171313,199193987331.73764,55200000.0
2024-01-25,2868.41775244,158151643849.23672,55101000.0
2024-01-26,5241.71188424,297208668227.302,57503000.0
2024-01-27,2217.23585074,127856613888.00935,58086000.0
2024-01-28,2804.05316336,163353578683.5286,57855000.0
2024-01-29,3400.58213496,198470118247.67715,59101000.0
2024-01-30,4111.4027948,243788049861.6119,58965000.0
2024-01-31,3372.05512523,198864403810.88028,58738000.0
2024-02-01,2757.18048169,161060109648.93842,59150000.0
2024-02-02,2278.87315759,134728620635.56172,59299000.0
2024-02-03,1168.38699158,69320649322.95328,59260000.0
2024-02-04,1272.47453255,75191501973.40013,58811000.0
2024-02-05,2801.14722486,165309802322.86816,58882000.0
2024-02-06,2068.07481117,121948276958.82838,59039000.0
2024-02-07,4016.91251278,238381737380.20325,60232000.0
2024-02-08,4403.57321568,269421771730.88812,62011000.0
2024-02-09,8059.0341961,512755906366.25,63682000.0
2024-02-10,3520.61476764,225319150684.7367,64549000.0
2024-02-11,3675.68043315,238873276592.43555,65230000.0
2024-02-12,6674.5189116,441592898902.0397,67002000.0
2024-02-13,6757.73223342,452457508733.7282,67309000.0
2024-02-14,8040.24948851,555788800123.2118,70199000.0
2024-02-15,8360.6265065,596093200995.1085,71253000.0
2024-02-16,4895.5305616,351583502414.54065,72128000.0
2024-02-17,6239.93681452,443405034028.45605,71530000.0
2024-02-18,3622.39704322,258754010038.3827,71964000.0
2024-02-19,3590.53994514,258718607451.79404,71755000.0
2024-02-20,5210.9537578,374956852709.30115,72191000.0
2024-02-21,3784.15692927,271810716263.94452,72397000.0
2024-02-22,2956.43290437,212441719114.15668,71601000.0
2024-02-23,2937.89362228,209597391438.7119,70805000.0
2024-02-24,2768.92244263,196504422512.8034,71107000.0
2024-02-25,1867.42810931,132976936582.42847,71256000.0
2024-02-26,6152.52849944,445753506046.4029,74742000.0
2024-02-27,10168.66847875,789427020915.4601,78619000.0
2024-02-28,19254.09747335,1605842409329.8965,87634000.0
2024-02-29,14269.12684354,1247891807737.9043,85910000.0
2024-03-01,6256.97193595,545793423395.0005,87397000.0
2024-03-02,5481.66253212,475836197640.3118,86383000.0
2024-03-03,6017.57168637,520339172689.89,87982000.0
2024-03-04,13254.11820787,1211101233989.3242,95500000.0
2024-03-05,22134.5823534,2068791243827.417,91275000.0
2024-03-06,12290.20386486,1132969096241.1963,93325000.0
2024-03-07,5792.49252841,544938284330.71326,94060000.0
2024-03-08,8721.93321965,835209405680.1185,96237000.0
2024-03-09,3946.68168858,378536088958.2131,95946000.0
2024-03-10,5997.98580277,584591822773.3928,97495000.0
2024-03-11,14017.56814882,1394027929273.16,100404000.0
2024-03-12,8326.93269496,840639249935.1646,101200000.0
2024-03-13,7708.11925332,796117209603.253,104122000.0
2024-03-14,10526.11243481,1082636743178.8175,102506000.0
2024-03-15,17862.96961701,1768528691395.1565,101000000.0
2024-03-16,7805.49537673,773300912136.6715,96767000.0
2024-03-17,10512.20194197,1018011483571.2373,99922000.0
2024-03-18,6061.17057346,601364533012.1357,99040000.0
2024-03-19,14040.62247096,1333253975751.9326,92572000.0
2024-03-20,14156.97655657,1336501266984.0964,99726000.0
2024-03-21,7441.53702699,724759488812.2096,95552000.0
2024-03-22,6646.70819911,625975200849.2533,93855000.0
2024-03-23,3672.55444643,344921898105.8299,93274000.0
2024-03-24,3888.32456609,369010924364.2194,96624000.0
2024-03-25,7510.92358508,736915127805.8601,99202000.0
2024-03-26,5187.8255505,518625422690.3721,100051000.0
2024-03-27,6873.29706874,687535364829.5654,99890000.0
2024-03-28,5332.23099753,535926456305.18634,100900000.0
2024-03-29,4351.27001019,435401166585.58826,99801000.0
2024-03-30,1962.11149493,196155308244.61237,99985000.0
2024-03-31,2112.03397974,212087515001.09903,100970000.0
2024-04-01,4739.72230488,472761515355.0921,100100000.0
2024-04-02,8066.15019928,780975960649.7177,96053000.0
2024-04-03,4274.27113577,411426554028.0002,96502000.0
2024-04-04,4377.11634387,427159595437.90393,99361000.0
2024-04-05,3533.18774879,346785702174.4224,98394000.0
2024-04-06,1885.55868844,185840192041.35562,99023000.0
2024-04-07,2132.30263827,212381001693.2222,99369000.0
2024-04-08,5621.6941615,571091810718.5997,102101000.0
2024-04-09,4778.27379895,478845250480.8743,99350000.0
2024-04-10,4307.83087037,427447865181.8295,100600000.0
2024-04-11,3026.45443123,304817123210.9132,100541000.0
2024-04-12,5005.55856794,501138671632.28973,99776000.0
2024-04-13,9545.1942808,935752426506.9319,97149000.0
2024-04-14,6601.79791673,640496163193.9851,98905000.0
2024-04-15,5860.57730753,572334441333.4099,96527000.0
2024-04-16,6058.36670549,575142167083.7314,95597000.0
2024-04-17,7117.39044578,660323082104.5907,91419000.0
2024-04-18,5793.82700325,533379890524.8668,93356000.0
2024-04-19,8931.11165293,826226752319.6167,93390000.0
2024-04-20,2666.36468567,250942877130.00293,94805000.0
2024-04-21,2369.21252418,225327547192.15237,94868000.0
2024-04-22,3221.84889236,309448245996.401,97192000.0
2024-04-23,3179.44418004,305907337794.1537,96045000.0
2024-04-24,3593.11116027,340438754437.031,93534000.0
2024-04-25,3762.56315286,348460853187.8564,92745000.0
2024-04-26,2016.93752002,186024518912.63318,91951000.0
2024-04-27,2455.80711714,223315339244.9676,91499000.0
2024-04-28,1861.37990104,169995089305.7691,90530000.0
2024-04-29,4650.34162208,417019267508.9052,91400000.0
2024-04-30,7328.91773497,647143762714.2603,87137000.0
2024-05-01,15078.237548,1247874579269.3682,83499000.0
2024-05-02,5609.70236742,462472415374.88916,83078000.0
2024-05-03,8040.2538403,693338249542.2839,89291000.0
2024-05-04,4208.08896117,377188650331.0702,90303000.0
2024-05-05,2550.73818403,228798229172.96234,90061000.0
2024-05-06,3986.16458238,359037836997.4739,88804000.0
2024-05-07,2916.803769,259678493158.40872,87595000.0
2024-05-08,3819.52775807,332700514292.9092,85872000.0
2024-05-09,3096.80934359,267645945872.65704,88116000.0
2024-05-10,3277.85722892,284534708229.2591,85842000.0
2024-05-11,1299.78149293,111471508154.94107,85791000.0
2024-05-12,1042.82371152,89929598339.25037,86521000.0
2024-05-13,3085.90700562,269283280046.10648,87928000.0
2024-05-14,2756.81157854,239136551619.17407,86500000.0
2024-05-15,5272.78652607,473734749005.6969,92111000.0
2024-05-16,3657.22884649,334699904978.9204,90800000.0
2024-05-17,2713.8193315,249519198606.6008,92646000.0
2024-05-18,1821.32715047,169295118960.64792,93066000.0
2024-05-19,2335.84848532,217037553806.18616,92185000.0
2024-05-20,4413.1861654,416886189056.5984,97260000.0
2024-05-21,4609.75650446,447572373508.3656,96700000.0
2024-05-22,2799.80156982,268537986813.09387,95421000.0
2024-05-23,4396.1343619,417507248596.06085,94900000.0
2024-05-24,2489.94183313,235509732034.2646,95214000.0
2024-05-25,1452.89641348,139437862033.11826,96240000.0
2024-05-26,1583.87158304,152194945654.3936,95610000.0
2024-05-27,2667.48347563,256303977047.8687,96050000.0
2024-05-28,3176.96320333,300604135784.2556,94600000.0
2024-05-29,2475.18788783,233226273178.99045,93910000.0
2024-05-30,2703.78621192,255996014541.8591,94943000.0
2024-05-31,2203.22332533,209050615252.5121,94505000.0
2024-06-01,620.25035104,58706044440.81196,94720000.0
2024-06-02,1113.85982666,105872261448.48648,95000000.0
2024-06-03,2779.47684838,267415381863.87976,95994000.0
2024-06-04,2699.30531296,261246188651.128,97500000.0
2024-06-05,2709.00469092,266052740201.06946,98385000.0
2024-06-06,2226.53984487,219522291452.61084,98334000.0
2024-06-07,3319.13194888,326990960605.8829,97919000.0
2024-06-08,1083.63453147,106163964517.00305,98125000.0
2024-06-09,903.04585461,88498186805.20483,97983000.0
2024-06-10,1491.30862127,145257348150.08334,97276000.0
2024-06-11,3889.452394,369758493289.9728,95329000.0
2024-06-12,3395.53957526,327467722850.80164,95934000.0
2024-06-13,2161.15981221,205687345192.51294,94614000.0
2024-06-14,2232.32985005,210323777357.75565,93978000.0
2024-06-15,906.41818634,85103451469.52345,93910000.0
2024-06-16,841.90412208,79272815452.88979,94219000.0
2024-06-17,3306.85987741,307092672708.7484,93588000.0
2024-06-18,3084.47656922,283289620632.5299,91649000.0
2024-06-19,1711.11748826,157280746104.31015,91555000.0
2024-06-20,1989.14998554,183662665916.08588,91780000.0
2024-06-21,2713.72122916,245462226021.85233,90308000.0
2024-06-22,648.51462524,58876597356.40121,90874000.0
2024-06-23,1076.73789827,97216083240.50478,89046000.0
2024-06-24,7434.8292641,642782780185.859,85496000.0
2024-06-25,3359.06885104,290625255002.558,87450000.0
2024-06-26,1958.86652444,170172602843.6051,86027000.0
2024-06-27,1879.37091558,162614405577.3093,86884000.0
2024-06-28,2112.30766272,181740242265.76205,85158000.0
2024-06-29,750.29847644,64278180308.71439,85765000.0
2024-06-30,1407.83744184,122284229060.17992,87920000.0
2024-07-01,2120.47778236,187910215069.42743,88253000.0
2024-07-02,1525.13237149,133974236157.29668,87248000.0
2024-07-03,2823.97617467,241696760888.49173,85331000.0
2024-07-04,6151.28764968,508714299967.0383,81680000.0
2024-07-05,9719.19667539,771379661181.4397,81118000.0
2024-07-06,2664.49967064,217020180860.6007,82826000.0
2024-07-07,2527.24731033,205364943238.90503,79397000.0
2024-07-08,5094.76571434,407495808244.1024,80534000.0
2024-07-09,2547.62184575,207188813320.79987,82043000.0
2024-07-10,2927.47972497,241533427852.04196,81896000.0
2024-07-11,2930.42730849,240656104086.51352,81070000.0
2024-07-12,2003.05277025,162370294145.94073,81540000.0
2024-07-13,1698.9670231,139900580321.58945,82901000.0
2024-07-14,3162.56205447,267061160893.37726,85430000.0
2024-07-15,5087.5047679,449269971924.1909,91162000.0
2024-07-16,6229.90082082,557878343297.2963,90807000.0
2024-07-17,3690.86942876,335601755804.37213,89467000.0
2024-07-18,2571.16592106,231608554045.43936,89850000.0
2024-07-19,4216.76104722,385983610442.7926,93004000.0
2024-07-20,1966.82922042,184106522945.32446,94065000.0
2024-07-21,2999.30004219,282511677391.88605,95000000.0
2024-07-22,2864.06872329,270086053980.06497,94357000.0
2024-07-23,3198.17266819,298055492452.224,92230000.0
2024-07-24,3120.28733945,287757546664.5858,91501000.0
2024-07-25,4242.34259951,384022678969.55927,92465000.0
2024-07-26,3254.87216648,306215486613.3734,94727000.0
2024-07-27,4913.83842022,467925032426.02423,94292000.0
2024-07-28,2056.69856884,194537737710.59518,95363000.0
2024-07-29,4778.70828116,456579708586.51715,93618000.0
2024-07-30,2825.61883321,262705366724.15695,92788000.0
2024-07-31,3099.02844262,284977850977.3531,90345000.0
2024-08-01,5048.04552891,454095059912.4309,91789000.0
2024-08-02,5089.66250349,453754064161.6217,86691000.0
2024-08-03,4059.37513687,350471535778.3624,85957000.0
2024-08-04,4532.63397761,380290142556.4757,81871000.0
2024-08-05,23878.79267178,1828233999514.335,77833000.0
2024-08-06,7868.46700086,630449026117.0752,80224000.0
2024-08-07,5316.47766092,425826912725.80835,78388000.0
2024-08-08,7126.01269616,589875336679.084,86397000.0
2024-08-09,3892.85974175,332298406966.0832,85518000.0
2024-08-10,1489.63387466,127296971385.76044,85669000.0
2024-08-11,2669.17265554,225284918716.3791,82815000.0
2024-08-12,5072.09672139,420485878758.05646,83221000.0
2024-08-13,2989.81215206,250426145464.81427,84600000.0
2024-08-14,3583.12495297,301026089757.4763,82457000.0
2024-08-15,3986.43185704,325801942348.10706,81004000.0
2024-08-16,2629.8190762,214699078822.88956,82209000.0
2024-08-17,887.07641461,73291253042.81598,82849000.0
2024-08-18,1727.83371254,143255575447.1464,81500000.0
2024-08-19,2644.34129141,214078811458.96536,81680000.0
2024-08-20,3339.76112482,274100335212.15652,80751000.0
2024-08-21,2882.78548851,235879234125.4242,82900000.0
2024-08-22,2138.23568495,176142420142.3459,82003000.0
2024-08-23,4485.27203937,376889529927.51227,85600000.0
2024-08-24,2204.28031834,189010265920.50162,85767000.0
2024-08-25,1698.8163817,145981547975.5474,86254000.0
2024-08-26,2260.53739932,192748229997.8137,84408000.0
2024-08-27,4066.7490567,335829079690.97577,80950000.0
2024-08-28,3848.30364196,310686076764.39667,80569000.0
2024-08-29,2539.08247784,206219103448.4138,80790000.0
2024-08-30,2858.21980495,229386098042.93787,80439000.0
2024-08-31,841.99580262,67710249599.81931,80262000.0
2024-09-01,2541.94042215,201464348305.40323,78301000.0
2024-09-02,2207.5986061,174932522315.02856,80205000.0
2024-09-03,2562.51172354,203978935020.43103,78272000.0
2024-09-04,3895.41394663,301711447734.27747,78739000.0
2024-09-05,2957.70339093,227922886561.5563,76330000.0
2024-09-06,6081.77185166,453955119507.9664,73644000.0
2024-09-07,1801.62027481,132925505237.01608,73640000.0
2024-09-08,1592.04001829,117599921455.3581,74437000.0
2024-09-09,3101.05486477,235311917797.4669,77275000.0
2024-09-10,2189.56080713,169362601828.1939,78089000.0
2024-09-11,3055.31403806,234573394617.97586,77301000.0
2024-09-12,2510.01259415,196214298456.70428,78269000.0
2024-09-13,2847.08604999,225703375433.60367,80930000.0
2024-09-14,1324.44479737,106802968052.03972,80524000.0
2024-09-15,1293.20254846,103959710509.01263,79690000.0
2024-09-16,2425.49996851,190805166243.93906,78469000.0
2024-09-17,3063.50091322,246315657168.2539,81116000.0
2024-09-18,3362.15013751,272656090815.34293,82604000.0
2024-09-19,4549.0273458,380397446780.82184,83892000.0
2024-09-20,3257.11829911,275217777612.6938,84385000.0
2024-09-21,1066.57067251,89952936852.66151,84425000.0
2024-09-22,1869.26119943,157468215075.89536,84829000.0
2024-09-23,2655.34388664,226181555032.54324,84631000.0
2024-09-24,1998.91561289,169441365824.40887,85248000.0
2024-09-25,1821.46293118,154899364722.59076,84362000.0
2024-09-26,2865.16236011,244700921914.2255,86000000.0
2024-09-27,2462.85215474,213547052709.95197,86958000.0
2024-09-28,1483.00508773,128540643136.82378,86732000.0
2024-09-29,1188.41412224,102657137024.75742,85958000.0
2024-09-30,3131.32274904,263683386847.1853,83730000.0
2024-10-01,4057.42297213,336112162482.81934,81500000.0
2024-10-02,2890.80470844,236838955693.58624,81707000.0
2024-10-03,1821.57540109,149578179974.47787,82424000.0
2024-10-04,2177.10847718,181091795326.97305,83805000.0
2024-10-05,776.76532606,65173151136.41679,83956000.0
2024-10-06,990.98870219,83382761433.05855,84533000.0
2024-10-07,2788.21491807,237451217198.9837,83942000.0
2024-10-08,1438.91380709,121453629364.64726,84139000.0
2024-10-09,1623.29835868,135554834915.67761,82385000.0
2024-10-10,2261.63071429,185681130897.78085,82131000.0
2024-10-11,2292.25174675,191651388216.23724,84451000.0
2024-10-12,1236.13303613,104865794502.29797,84956000.0
2024-10-13,1007.64328314,85233068272.26575,84806000.0
2024-10-14,4502.93766545,392356925183.8489,88640000.0
2024-10-15,5320.08065393,475365534131.7573,90600000.0
2024-10-16,3290.95467218,300845392783.4781,91610000.0
2024-10-17,2166.90172052,198466118818.0868,91725000.0
2024-10-18,2703.40345601,250778556476.78455,93330000.0
2024-10-19,1204.1436611,112257624816.85332,93322000.0
2024-10-20,1766.03106746,165259971452.53424,93901000.0
2024-10-21,3492.66954786,324857725696.1088,92161000.0
2024-10-22,2390.90338556,220756238977.91486,92877000.0
2024-10-23,2169.77076181,199665847457.3109,92375000.0
2024-10-24,2468.54308221,230528066716.63248,94077000.0
2024-10-25,3453.26947882,324322657135.6851,93762000.0
2024-10-26,1181.9583116,110975712520.31711,93993000.0
2024-10-27,1412.77364621,133501091993.42345,94819000.0
2024-10-28,3447.08968512,330946884900.9437,97401000.0
2024-10-29,5694.58179714,567661752603.4331,101305000.0
2024-10-30,3437.3159675,344734758766.32104,100571000.0
2024-10-31,3670.22663296,364198594030.4766,98112000.0
2024-11-01,4850.88260337,472387488519.2129,97285000.0
2024-11-02,1419.21063313,138251166859.1501,97205000.0
2024-11-03,4358.15713691,416376735248.19946,95883000.0
2024-11-04,3556.89181882,337921974474.5364,94289000.0
2024-11-05,4785.81750822,460604127860.6611,96170000.0
2024-11-06,17173.68278488,1745207534538.4504,104085000.0
2024-11-07,5517.18974843,572085674515.601,104115000.0
2024-11-08,5104.85574163,539366060581.3163,106843000.0
2024-11-09,2702.45288762,287678813640.0703,106294000.0
2024-11-10,8111.0365608,889548072877.27,111440000.0
2024-11-11,12056.83132426,1413170980237.1287,124503000.0
2024-11-12,17037.75956278,2115375980647.706,124967000.0
2024-11-13,11214.08048901,1421545614830.135,128111000.0
2024-11-14,9173.07983888,1165804427242.5054,123572000.0
2024-11-15,5943.50915703,750816994986.7344,128236000.0
2024-11-16,3914.09648698,499883409180.5182,127071000.0
2024-11-17,3321.82583352,421512902761.08,126472000.0
2024-11-18,5182.38906938,660914839727.5431,127142000.0
2024-11-19,5034.84094069,649348478627.2478,129720000.0
2024-11-20,5931.35430049,778377471488.7765,133180000.0
2024-11-21,10359.96751008,1413215255697.4194,137050000.0
2024-11-22,8879.19477738,1212497778066.893,136879000.0
2024-11-23,4775.60238543,649192517920.03,136000000.0
2024-11-24,6366.61145855,856406820436.9347,136096000.0
2024-11-25,5347.73938417,712473615692.348,129791000.0
2024-11-26,7063.28251032,915544005066.4463,128783000.0
2024-11-27,4363.00829391,572062774905.5735,132999000.0
2024-11-28,2941.11026977,391492800868.58124,133138000.0
2024-11-29,3455.81025362,465090047941.26117,134542000.0
2024-11-30,2374.86697435,318361460355.6218,133701000.0
2024-12-01,2835.14649803,380928725281.3921,133802000.0
2024-12-02,5356.7748251,718060616005.2106,133535000.0
2024-12-03,18097.08425608,2304644374164.456,133700000.0
2024-12-04,6969.87081198,948860236172.9866,138760000.0
2024-12-05,13579.28987411,1924495041794.7664,137501000.0
2024-12-06,6179.75810181,854124438187.2275,139340000.0
2024-12-07,2646.58094433,367591447543.71985,138960000.0
2024-12-08,2575.9253391,359805956088.11163,141005000.0
2024-12-09,6238.33236659,865791701454.2142,138864000.0
2024-12-10,5715.11068532,789776192066.2788,138205000.0
2024-12-11,5786.50262004,813102473508.0792,143111000.0
2024-12-12,4109.65334521,589232066932.0105,142757000.0
2024-12-13,2524.28189889,361979534829.5213,144402000.0
2024-12-14,3195.75670317,464300625877.87177,145927000.0
2024-12-15,4680.01328552,691840989089.0537,149243000.0
2024-12-16,7128.61771091,1082807876503.8628,153403000.0
2024-12-17,6186.2803434,958745671966.8221,155223000.0
2024-12-18,8610.82270357,1309628152098.7222,147754000.0
2024-12-19,8471.89272515,1266525021155.8596,147474000.0
2024-12-20,11567.34620544,1670193715564.6172,148138000.0
2024-12-21,3714.24805316,548294648910.75867,147830000.0
2024-12-22,2605.0749353,379824698691.60583,144800000.0
2024-12-23,4913.29053371,703151196031.0725,142901000.0
2024-12-24,4333.3309919,626598586872.3685,146831000.0
2024-12-25,2911.45446585,428212289354.54877,148081000.0
2024-12-26,3432.78442974,499177709089.0282,144076000.0
2024-12-27,3231.26328398,464668960489.2536,142111000.0
2024-12-28,1311.56387337,186348569009.08533,142302000.0
2024-12-29,2180.40637674,306515266961.3944,139735000.0
2024-12-30,3767.66978148,520848698110.80096,137892000.0
2024-12-31,3707.45981864,518936721897.5508,139257000.0
2025-01-01,1854.53857148,260593447572.08765,141320000.0
2025-01-02,3042.22989739,434853650473.7929,143848000.0
2025-01-03,2373.01457904,341649422579.4561,144655000.0
2025-01-04,1445.66845023,209260300846.72723,144745000.0
2025-01-05,1416.06538296,204523034517.5893,144700000.0
2025-01-06,3608.9652023,532243908555.5481,150264000.0
2025-01-07,4327.71162265,635182063342.3107,144789000.0
2025-01-08,4096.89543997,584649101218.6703,142368000.0
2025-01-09,3561.45575976,499908435103.343,139740000.0
2025-01-10,3145.42115574,446438032976.969,142457000.0
2025-01-11,1137.28650288,161413898627.51065,141771000.0
2025-01-12,1181.13699936,167674372996.49023,142086000.0
2025-01-13,4243.48992091,594155601944.1257,142108000.0
2025-01-14,2548.98311136,365550117816.1081,143501000.0
2025-01-15,3708.08865004,539304420188.471,147309000.0
2025-01-16,3192.45019417,466599390005.62427,146670000.0
2025-01-17,4834.721595,731977225416.7888,152345000.0
2025-01-18,3748.13380163,577827400325.0476,155801000.0
2025-01-19,7113.5465532,1115328234144.4253,154000000.0
2025-01-20,10945.25324846,1729137322777.8643,153225000.0
2025-01-21,4441.84077005,688640573073.7699,157571000.0
2025-01-22,2227.73336919,347722370125.69727,154999000.0
2025-01-23,4954.0302646,769422972569.6259,155112000.0
2025-01-24,2922.35240081,457588416559.3723,157146000.0
2025-01-25,1044.63297991,164274909558.5682,157200000.0
2025-01-26,1222.93708628,192230698281.0076,156100000.0
2025-01-27,5043.13655799,775537093623.0104,154919000.0
2025-01-28,1883.02467176,292805190253.83185,155919000.0
2025-01-29,2110.06837042,332236053986.32446,158859000.0
2025-01-30,2346.60990153,374246958374.8662,158139000.0
2025-01-31,2143.1574605,338414098348.2362,156580000.0
2025-02-01,1638.45948966,257063147312.49576,157330000.0
2025-02-02,4152.76471464,643374605498.001,154000000.0
2025-02-03,10213.11727922,1555588446200.2488,158217000.0
2025-02-04,3536.84929186,549263906526.96515,154122000.0
2025-02-05,1950.48905036,298359954415.3454,151450000.0
2025-02-06,1873.91456823,284946027914.94904,151356000.0
2025-02-07,2959.78108027,445703472062.0988,149601000.0
2025-02-08,1087.25702791,161683658643.89557,148803000.0
2025-02-09,1566.08357111,231674863473.32904,147579000.0
2025-02-10,1480.95765827,218423652541.2507,147724000.0
2025-02-11,1689.795504,248745774650.66232,146020000.0
2025-02-12,2370.96714608,345069197399.9939,147846000.0
2025-02-13,1343.16309497,195824530494.71182,145877000.0
2025-02-14,1448.40803795,211663369934.59644,146551000.0
2025-02-15,734.68263925,108072791850.54375,147501000.0
2025-02-16,677.26379543,99212602870.22252,145625000.0
2025-02-17,1275.40908298,185035178987.9249,144390000.0
2025-02-18,1772.0458381,254368502778.41125,143728000.0
2025-02-19,1075.5545038,154294079615.82626,144312000.0
2025-02-20,943.71043216,136482963285.83519,145719000.0
2025-02-21,1820.4146452,262438152691.97415,142859000.0
2025-02-22,701.49616078,99932466999.3102,142300000.0
2025-02-23,1103.2003906,155735995733.05072,141364000.0
2025-02-24,5104.8145837,697127046030.1218,132135000.0
2025-02-25,9063.16812162,1173142441896.4902,129715000.0
2025-02-26,4911.98768458,616121443775.9131,122784000.0
2025-02-27,3832.78298284,477534913336.8573,124331000.0
2025-02-28,8051.74155398,968879646102.7946,124499000.0
2025-03-01,3200.77768269,405122480757.34283,128320000.0
2025-03-02,8085.80440191,1097856410249.4774,142500000.0
2025-03-03,7256.17361103,988616089518.9266,130094000.0
2025-03-04,5728.37012415,729446575223.0525,130430000.0
2025-03-05,3700.44052536,492738769781.0586,134990000.0
2025-03-06,3705.98906398,500390787421.6079,133870000.0
2025-03-07,5361.61739526,702238896953.9413,129522000.0
2025-03-08,1365.92299763,175525366223.97842,128531000.0
2025-03-09,3764.54374771,467216706244.6403,121111000.0
2025-03-10,6052.61966672,729786095202.093,117477000.0
2025-03-11,5825.71269624,695250204116.9115,123232000.0
2025-03-12,3356.8139394,412486565474.72766,123871000.0
2025-03-13,2477.67851474,301868952617.4306,120216000.0
2025-03-14,2090.05272344,256950057720.36322,123878000.0
2025-03-15,963.95031949,119621419740.44946,124000000.0
2025-03-16,1606.15777572,197072131991.7504,121749000.0
2025-03-17,1168.99746106,143050642246.387,122801000.0
2025-03-18,1657.37070706,200542811765.95224,121272000.0
2025-03-19,2393.84968552,296714999044.14703,127194000.0
2025-03-20,2192.80252221,276279642389.33716,124297000.0
2025-03-21,1077.29288816,133897078603.41748,124500000.0
2025-03-22,475.0285525,59088530407.14261,124150000.0
2025-03-23,799.40587556,100275702981.50278,126937000.0
2025-03-24,2523.90072772,325081939826.5001,128890000.0
2025-03-25,1539.02381677,198216515512.68497,128823000.0
2025-03-26,1340.28242464,172782874284.00537,128556000.0
2025-03-27,1081.83540099,139090144790.86603,128701000.0
2025-03-28,1668.55336482,211038352071.8137,125800000.0
2025-03-29,1266.89857377,156638464258.42752,123378000.0
2025-03-30,831.87817259,102994016812.30443,123046000.0
2025-03-31,1473.25060899,180622318913.10355,123209000.0
2025-04-01,1593.20054893,198979645105.30093,126632000.0
2025-04-02,2784.56638855,351197132038.0183,122798000.0
2025-04-03,1841.85772528,226249003419.5948,123244000.0
2025-04-04,2378.02197014,291981805621.7575,123409000.0
2025-04-05,653.88577832,80467825334.7389,123300000.0
2025-04-06,2876.21789292,342436915338.53656,117517000.0
2025-04-07,6795.16440668,787416910806.2665,118061000.0
2025-04-08,2452.43172456,288474058330.89233,114489000.0
2025-04-09,4922.18166707,578964547962.2336,121339000.0
2025-04-10,2240.96736559,268615390420.9693,117936000.0
2025-04-11,2056.67944403,247198929654.3026,121450000.0
2025-04-12,1377.88110286,168665534905.69553,123551000.0
2025-04-13,1556.51751213,190877001530.65314,121577000.0
2025-04-14,1626.21508492,199788164639.49884,122694000.0
2025-04-15,1625.93306976,201123006463.96085,122158000.0
2025-04-16,1435.20417425,175232747969.8832,121850000.0
2025-04-17,820.08150318,100294194926.64793,122700000.0
2025-04-18,446.71287534,54743954879.47799,122288000.0
2025-04-19,584.96011123,71919184563.51819,122720000.0
2025-04-20,831.06705878,101703214849.05913,122746000.0
2025-04-21,2188.96911603,274106933706.79504,126237000.0
2025-04-22,3287.24812644,426386236847.1154,133855000.0
2025-04-23,2740.94476695,366667729324.2744,134373000.0
2025-04-24,1606.11330416,214317334743.5855,134650000.0
2025-04-25,1994.62622378,271136013021.35034,136416000.0
2025-04-26,908.87004783,123800698528.76909,136499000.0
2025-04-27,827.17040513,112522914439.12071,135150000.0
2025-04-28,1697.1570741,230817894846.3705,136816000.0
2025-04-29,1253.55021462,171355138503.3174,136310000.0
2025-04-30,1221.71840726,165972157939.22498,136050000.0
2025-05-01,1709.97264494,236629055960.21805,139145000.0
2025-05-02,1368.47182698,190226950549.3558,138636000.0
2025-05-03,624.59800168,86048039262.41418,137560000.0
2025-05-04,677.57783034,92819605415.80167,135652000.0
2025-05-05,1381.52834207,185565836745.54684,134890000.0
2025-05-06,1153.00089047,155575215463.68115,137400000.0
2025-05-07,1302.40326345,178936860435.0718,137660000.0
2025-05-08,3154.90070587,445620019181.009,144780000.0
2025-05-09,2080.11567877,300604179418.1245,143720000.0
2025-05-10,1243.871982,179600351414.76984,144964000.0
2025-05-11,1407.7751321,204503602863.27615,145510000.0
2025-05-12,2643.29601827,384709627704.4513,144875000.0
2025-05-13,1592.07970472,231500011356.93103,145880000.0
2025-05-14,1166.66900037,169844494205.07053,145718000.0
2025-05-15,1769.20196941,256644704012.70148,146026000.0
2025-05-16,1276.22182233,186864020488.8946,146465000.0
2025-05-17,861.64733995,126121874218.33208,146555000.0
2025-05-18,1866.44894706,277157288271.40625,150458000.0
2025-05-19,2401.08645573,354455857435.6369,148699000.0
2025-05-20,1919.88762969,286919449540.4765,150424000.0
2025-05-21,3078.69314991,464255347702.5485,152356000.0
2025-05-22,2781.67594178,428642979380.35846,154861000.0
2025-05-23,3245.40940679,493986376322.7763,149878000.0
2025-05-24,1063.00688169,160626638206.7191,150660000.0
2025-05-25,975.54766995,147247390195.17743,152133000.0
2025-05-26,987.97582253,150415154588.6237,152195000.0
2025-05-27,1629.83186829,247280385930.47882,151323000.0
2025-05-28,1140.46411905,171743128104.06027,150280000.0
2025-05-29,1717.72520344,256694760678.4399,147370000.0
2025-05-30,2171.38535825,320759946509.8581,147044000.0
2025-05-31,1097.54923406,161538591268.91797,147932000.0
2025-06-01,759.69668968,112453321042.13853,149100000.0
2025-06-02,1198.05720248,176525957182.84583,148074000.0
2025-06-03,979.14377348,144789621000.41092,147322000.0
2025-06-04,1104.00724819,161585316986.12125,145210000.0
2025-06-05,2536.94255293,364349380568.55396,141588000.0
2025-06-06,1279.12726613,183749703863.70224,145196000.0
2025-06-07,603.1996993,88059534618.2442,146514000.0
2025-06-08,553.07283989,80783604293.0407,145799000.0
2025-06-09,1605.82129866,237723678751.45724,150330000.0
2025-06-10,1359.55145588,204043686236.05585,150604000.0
2025-06-11,1080.08422097,162452482332.02567,149702000.0
2025-06-12,1570.65133602,231786031594.70667,145801000.0
2025-06-13,2195.12537289,318020020070.782,147266000.0
2025-06-14,584.40012937,85403293679.93283,146401000.0
2025-06-15,576.27420172,84200556894.92409,145997000.0
2025-06-16,1408.77470368,207686864067.53534,146673000.0
2025-06-17,1403.18502313,204736154670.58154,145456000.0
2025-06-18,870.61801942,126471521428.38004,145380000.0
2025-06-19,700.77154255,101842378960.65367,144978000.0
2025-06-20,1315.62127829,190608843411.26282,143956000.0
2025-06-21,1092.57854726,156253432375.52927,142782000.0
2025-06-22,3335.88004835,468510803019.5224,140908000.0
2025-06-23,2422.95238077,346783036638.01794,146182000.0
2025-06-24,1272.92112127,185010727139.06448,145625000.0
2025-06-25,1318.58944681,193957381788.68948,147365000.0
2025-06-26,950.33860524,140102621876.02808,146852000.0
2025-06-27,758.41022582,111420804053.70543,147058000.0
2025-06-28,291.28203061,42875942272.73871,147174000.0
2025-06-29,650.95569906,96188335417.21939,147996000.0
2025-06-30,944.35761221,138812096716.42776,145759000.0
2025-07-01,915.58085007,133282503157.51079,145019000.0
2025-07-02,1356.69500727,199573364700.12863,147372000.0
2025-07-03,1182.41237517,175892089704.29065,148737000.0
2025-07-04,819.64407007,121383661832.0915,147797000.0
2025-07-05,289.92019607,42904283341.56918,148197000.0
2025-07-06,574.67732795,85118626816.14578,148500000.0
2025-07-07,832.29461691,123245812310.68657,148100000.0
2025-07-08,670.29249832,99268948588.57974,148302000.0
2025-07-09,1496.46774735,223740339731.93878,150701000.0
2025-07-10,2648.04060121,405976570945.23785,156519000.0
2025-07-11,3339.42695041,529439887430.5297,158187000.0
2025-07-12,1039.66662029,165400817234.24435,159681000.0
2025-07-13,1227.16949574,196972458867.92377,161740000.0
2025-07-14,3490.7303061,574558921263.0916,163923000.0
2025-07-15,3179.44960753,510975587943.66626,160811000.0
2025-07-16,1841.21876947,298152464479.6766,161250000.0
2025-07-17,2240.66691129,362637604713.5304,162232000.0
2025-07-18,2771.33021866,449236394018.7995,161100000.0
2025-07-19,842.3510109,136213263016.77467,161428000.0
2025-07-20,1429.7828596,230283547017.10608,160072000.0
2025-07-21,1982.32577051,318806852512.6161,160096000.0
2025-07-22,2730.46451082,439496298750.92377,162321000.0
2025-07-23,2098.23989394,338036231661.612,161990000.0
2025-07-24,2151.53591644,346133163078.732,160928000.0
2025-07-25,2661.28602167,422984662094.9873,160217000.0
2025-07-26,789.27787874,126687128917.34134,160900000.0
2025-07-27,1057.82545276,171093488765.64722,162717000.0
2025-07-28,1461.59937798,237170267365.09125,162483000.0
2025-07-29,1487.53432374,242634976840.02426,163158000.0
2025-07-30,1209.08673259,196907152981.47147,163118000.0
2025-07-31,1460.98746879,238348451037.56705,161398000.0
2025-08-01,2864.49971781,457890308339.6215,158102000.0
2025-08-02,1322.24037421,209568380747.23416,157376000.0
2025-08-03,1104.10129659,175444447276.5391,160227000.0
2025-08-04,1049.67722034,168349081038.5815,160332000.0
2025-08-05,1164.16382517,185639281800.3159,159999000.0
2025-08-06,888.90291262,142071269508.45157,160000000.0
2025-08-07,1473.6112066,237281789544.67767,161853000.0
2025-08-08,1358.86703435,218425515488.15268,160099000.0
2025-08-09,1399.2385616,224567060686.7797,160180000.0
2025-08-10,2343.22751857,379818136741.28656,163859000.0
2025-08-11,3218.61763068,532434548610.83026,164210000.0
2025-08-12,2238.75147187,367191800937.3439,164298000.0
2025-08-13,2570.30205767,425460061845.525,168051000.0
2025-08-14,4234.99357777,702365764301.336,164723000.0
2025-08-15,1381.99175784,227273204589.8375,164122000.0
2025-08-16,813.45140276,132851703341.47552,163058000.0
2025-08-17,721.88384529,118085267517.72812,163111000.0
2025-08-18,2026.55299081,326564067873.67126,161513000.0
2025-08-19,2183.55943311,348002834141.0647,157172000.0
2025-08-20,1687.53584763,267951803613.17224,159149000.0
2025-08-21,1101.96487624,174605018681.81674,157737000.0
2025-08-22,3303.07060192,529223634721.8642,161176000.0
2025-08-23,1231.27745096,196915785212.26514,159705000.0
2025-08-24,2179.0180382,344526079834.2278,157603000.0
2025-08-25,2588.2830815,404916346020.1862,155887000.0
2025-08-26,2318.14300616,360004705172.1587,156661000.0
2025-08-27,1378.40369363,214886531700.44214,155534000.0
2025-08-28,1179.83398781,185118701709.60687,156737000.0
2025-08-29,2916.36749565,447565326900.91705,152262000.0
2025-08-30,1660.9190379,250798178374.15872,151734000.0
2025-08-31,1168.42444947,177040311401.05768,150700000.0
2025-09-01,2147.55268421,323819779862.1829,152419000.0
2025-09-02,1920.61439848,295205678519.2936,154850000.0
2025-09-03,1040.1957758,161272974991.001,154890000.0
2025-09-04,1070.14485107,165492086885.6697,155410000.0
2025-09-05,1644.26975383,256979276768.90033,154930000.0
2025-09-06,472.77600266,73270264819.42397,154325000.0
2025-09-07,487.36392303,75573082567.93909,155001000.0
2025-09-08,850.15690616,132399366625.61053,156048000.0
2025-09-09,1398.29118063,217899518590.96036,155450000.0
2025-09-10,1438.34464883,226032174393.30444,158561000.0
2025-09-11,1550.22561596,246500365427.88812,160375000.0
2025-09-12,1460.8794118,234735178524.51535,161101000.0
2025-09-13,1011.50487891,162356592110.0675,160536000.0
2025-09-14,734.22633687,117858331117.02618,160338000.0
2025-09-15,1328.26487987,213125009201.3094,160705000.0
2025-09-16,1013.13497679,163315720843.37268,162167000.0
2025-09-17,1630.74076706,263892961121.4848,161468000.0
2025-09-18,1738.78345738,282954756899.9032,162478000.0
2025-09-19,1389.24628029,225661248106.78256,162138000.0
2025-09-20,694.36542049,112685940748.00806,162236000.0
2025-09-21,956.39786821,154750086362.06165,161412000.0
2025-09-22,3058.73284497,489675187779.75854,160730000.0
2025-09-23,1105.98353873,177039908328.35306,159679000.0
2025-09-24,989.63619655,158607129495.26678,160700000.0
2025-09-25,2072.65761536,330443704319.6551,158200000.0
2025-09-26,1636.24151791,258977477826.41788,158128000.0
2025-09-27,599.24007712,94393837112.01093,157895000.0
2025-09-28,1115.14654906,176620768814.76794,160579000.0
2025-09-29,1561.77655952,252233665694.5785,162976000.0
2025-09-30,1347.68465165,219158056606.41562,162828000.0
2025-10-01,2391.53349082,395817174938.5895,168424000.0
2025-10-02,2634.57350068,445843850502.1905,170704000.0
2025-10-03,2241.08106806,385174816985.204,173460000.0
2025-10-04,2463.17052828,429271088569.2131,174964000.0
2025-10-05,3767.82109651,664801032152.3652,177024000.0
2025-10-06,2611.57241052,463834513785.4352,177536000.0
2025-10-07,3389.80439054,598642532344.7262,175460000.0
2025-10-08,2463.9288202,437564563683.36633,178011000.0
2025-10-09,2825.3725964,502722479625.2399,177616000.0
2025-10-10,6799.93776544,1176694906176.9958,172257000.0
2025-10-11,4416.69331273,753231509611.747,170390000.0
2025-10-12,3435.1907301,590134715324.112,173833000.0
2025-10-13,2243.15905637,388139345869.35065,171680000.0
2025-10-14,2556.34346069,433918029494.7621,170070000.0
2025-10-15,1724.32577247,291870428184.9084,168539000.0
2025-10-16,2618.72985457,437824361391.7073,165290000.0
2025-10-17,4263.22344629,693137672117.043,163639000.0
2025-10-18,926.13402213,151636016604.3545,163631000.0
2025-10-19,1399.97751435,229268556059.69614,164806000.0
2025-10-20,1448.62619236,240510969106.4501,165911000.0
2025-10-21,2420.85720656,399475288487.1652,163400000.0
2025-10-22,1291.51295714,210865321673.2892,163153000.0
2025-10-23,1119.20412068,184408426735.37573,165546000.0
2025-10-24,1440.09487313,239207501057.3016,165703000.0
2025-10-25,515.28984273,85672295588.4808,166310000.0
2025-10-26,1297.92398941,218338535820.94772,169514000.0
2025-10-27,1539.67425404,261904125720.6448,168980000.0
2025-10-28,1268.51890121,214454130357.1986,168263000.0
2025-10-29,1947.2314325,324187167634.94867,164617000.0
2025-10-30,2160.38972862,353756481978.90454,164258000.0
2025-10-31,1085.96360328,178789984751.9785,164275000.0
2025-11-01,394.93497609,64821112546.848,164000000.0
2025-11-02,538.34171488,88399441430.99364,164129000.0
2025-11-03,3370.61616028,540231330879.8635,158587000.0
2025-11-04,6623.28166665,1015874835514.4573,152873000.0
2025-11-05,4638.82222413,703241665642.2413,156008000.0
2025-11-06,1828.65611327,280346783171.9297,151401000.0
2025-11-07,2342.63161192,355423068675.0901,153850000.0
2025-11-08,879.04177043,134310399291.33357,152541000.0
2025-11-09,1204.96625518,185018387797.90594,155490000.0
2025-11-10,1825.40211546,286654517393.5798,156797000.0
2025-11-11,1489.05390557,232529501351.004,154302000.0
2025-11-12,1370.69258931,211721041542.7353,153300000.0
2025-11-13,2615.18799842,397431579574.2095,151306000.0
2025-11-14,6095.07370382,890314099684.4531,143623000.0
2025-11-15,1515.28574425,219472163507.86105,144265000.0
2025-11-16,3306.73095286,468741558756.14984,140320000.0
2025-11-17,3402.72907309,476674016601.1159,137706000.0
2025-11-18,6342.5202439,857734337037.8241,137750000.0
2025-11-19,2862.63500623,386869980019.5566,136500000.0
2025-11-20,4303.83230626,575824585241.2045,129896000.0
2025-11-21,8849.11214826,1116620272337.0957,128044000.0
2025-11-22,1739.59714235,221066786187.7654,127333000.0
2025-11-23,3695.67167349,483784437289.2391,131960000.0
2025-11-24,3273.54848822,430957394245.00214,132574000.0
2025-11-25,2126.40154021,278721538777.0226,130736000.0
2025-11-26,2216.72386044,292994433886.0879,135366000.0
2025-11-27,2460.70846276,336413480735.2895,136941000.0
2025-11-28,1928.85863285,265259951636.35245,136334000.0
2025-11-29,769.16757448,104586151958.00665,136073000.0
2025-11-30,776.74497018,106089466724.34807,135744000.0
2025-12-01,5383.62240806,697770678572.7227,129172000.0
2025-12-02,2981.09361989,396678047925.69775,135626000.0
2025-12-03,2892.41653651,399701804681.7536,138881000.0
2025-12-04,1624.69297075,224538052444.97287,137390000.0
2025-12-05,1944.65242825,263112470796.4635,133828000.0
2025-12-06,675.40470233,90551171310.31982,133598000.0
2025-12-07,1255.39465592,168135178062.66968,135195000.0
2025-12-08,1384.0073064,187798047283.34946,134986000.0
2025-12-09,1957.43520256,267662639853.5522,137200000.0
2025-12-10,1708.13265878,234833892052.77008,136700000.0
2025-12-11,1851.33056914,250656986661.03568,137332000.0
2025-12-12,1248.58776744,169975973059.3464,134902000.0
2025-12-13,492.0558567,66297903213.14032,134733000.0
2025-12-14,1158.59216437,154221042564.57495,131795000.0
2025-12-15,2256.23690222,294801717594.39166,129132000.0
2025-12-16,1837.67046579,236810911284.35358,130682000.0
2025-12-17,1765.6164555,229876839404.95648,128680000.0
2025-12-18,2340.67880555,302729023713.09247,127135000.0
2025-12-19,2121.91118891,275795430030.47906,131223000.0
2025-12-20,533.95265461,70211828269.29736,131469000.0
2025-12-21,732.35677464,96291609969.34177,131860000.0
2025-12-22,1607.47665651,213800401018.91458,132200000.0
2025-12-23,1251.77181168,163735164301.04507,130451000.0
2025-12-24,1233.62965006,159130698816.40912,129236000.0
2025-12-25,673.76504377,87035042323.77747,128498000.0
2025-12-26,1416.92893291,182807547979.7103,128152000.0
2025-12-27,382.26856914,48964490903.66592,128298000.0
2025-12-28,414.89194697,53105708794.09582,127914000.0
2025-12-29,1716.16307789,220268015461.04065,127161000.0
2025-12-30,1093.6008784,139741603867.2498,128570000.0
2025-12-31,766.93902682,98546384029.81483,128067000.0
2026-01-01,483.26770513,61981087054.79724,128830000.0
2026-01-02,1503.23975291,195008412674.76984,130150000.0
2026-01-03,777.87069983,101398141459.54893,131077000.0
2026-01-04,963.73906887,127338541504.02437,132386000.0
2026-01-05,2066.27446338,279199172918.64575,136074000.0
2026-01-06,1700.60775251,230350722269.80878,136299000.0
2026-01-07,1303.7621332,174614450830.61075,132939000.0
2026-01-08,1215.09100251,160701587968.26843,133174000.0
2026-01-09,839.63400522,111942374644.32535,133451000.0
2026-01-10,284.42249811,37989320062.43845,133503000.0
2026-01-11,421.49682452,56334876915.38559,133702000.0
2026-01-12,1315.03099916,177101152374.305,134602000.0
2026-01-13,1960.12905214,269209757296.38315,139968000.0
2026-01-14,1980.87710753,278934924864.67255,142160000.0
2026-01-15,1439.1419475,203771919237.32,140907000.0
2026-01-16,896.66376962,126132831505.66002,141083000.0
2026-01-17,429.07237668,60411464709.9147,140527000.0
2026-01-18,642.23701912,90130260920.1119,138940000.0
2026-01-19,1474.79458216,202997188501.51297,137010000.0
2026-01-20,2250.38139501,302495445170.03796,131849000.0
2026-01-21,2064.78202226,273477114795.1699,132505000.0
2026-01-22,871.38541481,115944339771.28926,132864000.0
2026-01-23,991.5855696,131761730715.90598,131961000.0
2026-01-24,370.28959478,48884279593.88687,131644000.0
2026-01-25,1544.95496972,200389519525.23297,128500000.0
2026-01-26,1509.24682749,194237069932.57617,129474000.0
2026-01-27,1119.30852055,144633987105.8759,129687000.0
2026-01-28,1112.7722633,144215086572.96426,129079000.0
2026-01-29,2871.72981112,361260373908.42426,124287000.0
2026-01-30,3579.23932955,435790134822.87036,125210000.0
2026-01-31,3707.03152282,441203576810.363,117616000.0
2026-02-01,3563.50035811,410842329443.6678,113416000.0
2026-02-02,3681.90848017,420021937196.12366,116997000.0
2026-02-03,3143.52353563,355456685593.7218,111882000.0
2026-02-04,3504.39567887,385208287997.9816,107867000.0
2026-02-05,12556.16349859,1251501701641.7668,92920000.0
2026-02-06,12766.90988436,1250175912584.1655,104990000.0
2026-02-07,4914.19674411,503738415852.17444,102617000.0
2026-02-08,2654.82455589,278063735453.422,104587000.0
2026-02-09,2616.25875622,270724980568.64368,103479000.0
2026-02-10,1879.31789908,192588501478.77716,102136000.0
2026-02-11,3680.91846931,366510583518.17914,99166000.0
2026-02-12,2306.02573244,226716186549.9496,97328000.0
2026-02-13,2257.61835963,223632620345.43698,100786000.0
2026-02-14,2061.91988223,211231684004.233,102850000.0
2026-02-15,2233.68470991,229926146632.74756,102103000.0
2026-02-16,1542.15065177,156797280031.97293,101944000.0
2026-02-17,1518.62064636,152491392096.78668,100054000.0
2026-02-18,1554.46249904,154762929147.7444,98622000.0
2026-02-19,1533.36606451,150892124677.01505,98846000.0
2026-02-20,1652.57790948,164447456347.62607,100065000.0
2026-02-21,775.44852523,77668369126.03773,99986000.0
2026-02-22,698.63986906,69650850512.78407,99542000.0
2026-02-23,3494.8717926,336422984079.4336,95352000.0
2026-02-24,3095.24924342,289225552054.04834,93807000.0
2026-02-25,3478.09466755,336990386788.14734,97937000.0
2026-02-26,1956.33610352,191555666373.87296,97449000.0
2026-02-27,1703.63306742,164882677316.7571,96121000.0
2026-02-28,2847.00807153,269939320001.67682,97626000.0
2026-03-01,2045.73502017,198664954575.5427,95904000.0
2026-03-02,3475.71979494,344415935461.27374,100520000.0
2026-03-03,2835.57698815,282602505223.20605,100274000.0
2026-03-04,4453.71378259,461597159201.09204,105374000.0
2026-03-05,2486.41901634,262733151096.32333,103877000.0
2026-03-06,1995.58183067,204397003788.47186,100763000.0
2026-03-07,1049.70573746,105138969969.7866,99385000.0
2026-03-08,1436.7190693,142332554299.44742,97845000.0
2026-03-09,1914.23416011,191935095894.6939,100425000.0
2026-03-10,2065.78409209,212418859423.9094,102417000.0
2026-03-11,1441.84376606,147970059945.08667,102731000.0
2026-03-12,1196.47739976,122767501045.45174,103248000.0
2026-03-13,3050.38911407,322063012326.71906,104404000.0
2026-03-14,730.61605861,76364152776.8014,105131000.0
2026-03-15,1181.55031611,124990538197.53745,106940000.0
2026-03-16,3345.48509863,362445564251.55707,110058000.0
2026-03-17,2868.67593958,316084456861.45685,109012000.0
2026-03-18,2441.75375374,262209375038.23615,106000000.0
2026-03-19,2022.57056593,211003221259.30392,104078000.0
2026-03-20,1361.28731847,143022656440.63446,105314000.0
2026-03-21,726.2663963,76561331988.86066,103782000.0
2026-03-22,1403.49160789,144745483274.14493,102021000.0
2026-03-23,2588.8579611,270726654117.0532,105247000.0
2026-03-24,1416.87243013,148800620633.57468,105149000.0
2026-03-25,1454.62782271,154510371221.0851,106523000.0
2026-03-26,1452.37907073,152234365424.66345,103849000.0
2026-03-27,2223.46690182,225783320374.12503,101019000.0
2026-03-28,754.96792086,76237151033.17256,100895000.0
2026-03-29,825.69610384,83117063245.26115,100379000.0
2026-03-30,1306.53785977,133126464947.81459,101468000.0
2026-03-31,1676.72932726,171889942066.01886,103275000.0
2026-04-01,1332.0325435,137633492657.5042,103129000.0
2026-04-02,1561.4496631,158759379128.93484,101723000.0
2026-04-03,580.29700081,58815299084.66775,101648000.0
2026-04-04,343.07606129,34956079759.30943,102147000.0
2026-04-05,779.84929805,80145623239.5934,104288000.0
2026-04-06,1435.10487791,149904302273.82828,103923000.0
2026-04-07,1883.79697717,197844141035.1136,107255000.0
2026-04-08,1649.39499066,175456058035.7915,105862000.0
2026-04-09,1246.96347005,132703430622.162,106628000.0
2026-04-10,1350.98820683,145492994535.82416,108308000.0
2026-04-11,847.47041085,92001497545.27927,108567000.0
2026-04-12,1365.15635978,145559045997.39725,105700000.0
2026-04-13,1781.79960823,192080861412.86044,109806000.0
2026-04-14,1946.4221332,214600908341.38474,109875000.0
2026-04-15,1297.58766747,142677785840.5193,110456000.0
2026-04-16,1459.88771828,160822903574.1803,110782000.0
2026-04-17,2616.6547406,294759586558.6124,113773000.0
2026-04-18,1366.77272363,154571112571.17133,112375000.0
2026-04-19,1329.40240278,148480448979.4318,110020000.0
2026-04-20,1322.05361212,147350696589.8595,112455000.0
2026-04-21,1426.95503793,160534272782.80478,113049000.0
2026-04-22,2421.27534169,279630105914.7454,115901000.0
2026-04-23,1761.23295182,203920776311.08163,116429000.0
2026-04-24,1295.9139362,150241300917.38547,115463000.0
2026-04-25,602.75766352,69639594678.48378,115696000.0
2026-04-26,742.23012758,86143020453.63156,116655000.0
2026-04-27,1895.39020214,219382209524.98633,115338000.0
2026-04-28,1261.77253764,143529549346.4605,113437000.0
2026-04-29,1259.1454513,143545017731.87064,113406000.0
2026-04-30,922.27223519,104546414146.97316,113810000.0
2026-05-01,1147.72109231,132541050857.85275,115947000.0
2026-05-02,639.79434897,74431956197.20001,116561000.0
2026-05-03,844.73431745,98518022820.06818,116590000.0
2026-05-04,2539.12525144,299245505710.40424,118620000.0
2026-05-05,2084.52064879,250145910818.8887,119724000.0
2026-05-06,1790.80033013,214641872438.72498,119394000.0
2026-05-07,1627.79735208,193059001946.41522,117896000.0
2026-05-08,1035.86148274,122254985785.07385,118150000.0
2026-05-09,543.23189271,64417316857.23764,118954000.0
2026-05-10,1175.51686781,140269071835.40527,120433000.0
2026-05-11,1432.1862107,171344526790.26007,120095000.0
2026-05-12,1157.86876615,138460290265.16776,119202000.0
2026-05-13,1531.37256455,182119691448.99463,117854000.0
2026-05-14,1626.11678986,193875886959.47357,119848000.0
2026-05-15,1570.54469031,186697856963.1269,117780000.0
2026-05-16,1060.99799473,123864666361.48466,116697000.0
2026-05-17,801.52424703,93123624108.34021,115494000.0
2026-05-18,1707.87015892,195381875673.80527,114328000.0
2026-05-19,694.91606885,79479426157.48721,114473000.0
2026-05-20,877.52588229,100742215542.11082,114949000.0
2026-05-21,811.92000986,93576946231.52145,115159000.0
2026-05-22,914.45871166,104796946474.1784,113350000.0
2026-05-23,1420.60469953,160540622431.93048,114869000.0
2026-05-24,633.57886071,72817057319.9384,115381000.0
2026-05-25,611.08173177,70452416895.55475,114891000.0
2026-05-26,1322.67969232,150408864204.39377,112425000.0
2026-05-27,1905.2761169,211712241494.23712,109549000.0
2026-05-28,2087.15509232,226036793091.68643,108465000.0
2026-05-29,1233.51377641,134003007131.58525,108790000.0
2026-05-30,474.14385293,51759639091.32632,109399000.0
2026-05-31,639.05758276,69722541840.11194,108445000.0
2026-06-01,2755.98631116,291949732855.9933,104140000.0
2026-06-02,4015.85351498,405098244345.70416,98760000.0
2026-06-03,2900.1217542,284321644792.7928,95032000.0
2026-06-04,3659.01395492,345124356209.6881,95506000.0
2026-06-05,3244.14512917,301826104804.819,93000000.0
2026-06-06,1231.0380219,113673093004.73125,92560000.0
2026-06-07,1892.84064453,178738402295.36865,95430000.0
2026-06-08,1362.86783112,129712074079.50568,94730000.0
2026-06-09,1333.84495975,124485287109.73103,92555000.0
2026-06-10,1257.28033349,116388947328.63367,92601000.0
2026-06-11,1035.23657875,97928101496.95483,95623000.0
2026-06-12,933.99549438,89447484950.61484,96029000.0
2026-06-13,688.18510032,66520203437.74741,97475000.0
2026-06-14,1233.5125011,120664258596.19415,99190000.0
2026-06-15,1697.61065765,168880237794.4089,99588000.0
2026-06-16,1009.04221399,100260806239.10059,98645000.0
2026-06-17,1196.61245738,117169562654.4201,97219000.0
2026-06-18,1282.47954852,123084282825.83302,94988000.0
2026-06-19,892.40221955,84636833612.28986,96102000.0
2026-06-20,560.96289154,54068226552.5894,97291000.0
2026-06-21,587.49364773,56789979762.26625,95395000.0
2026-06-22,1005.45963995,97714784290.15501,96640000.0
2026-06-23,1253.66800918,118964888872.86867,94490000.0
2026-06-24,2098.20428118,194374827033.0069,92583000.0
2026-06-25,2413.24718552,219919433693.59506,90890000.0
2026-06-26,1907.46720345,172240840706.09518,91165000.0
2026-06-27,548.52642121,50205490992.45431,91144000.0
2026-06-28,624.0338072,56577229861.98449,90224000.0
2026-06-29,1200.46557163,108841112561.3928,91106000.0
2026-06-30,1217.23838609,109326163588.66544,89290000.0
